tarih,marka,seri_adi,varyant,kategori1,hacim,kategori2,platform,fiyat,durum,url,satici
2026-10-01 00:32,Sipnjoy,SipSquad,SipnJoy - SipSquad Plus Çocuk Su Termosu  | 480 ml - Fairy Sparkle,,480ml,termos,Hepsiburada,2390.0,ok,https://www.hepsiburada.com/sipnjoy-sipsquad-plus-cocuk-su-termosu-480-ml-fairy-sparkle-pm-HBC0000G0K7WI,SipnJoy
2026-10-01 00:32,Sipnjoy,SipSquad,SipnJoy - SipSquad Plus Çocuk Su Termosu  | 480 ml - Golden Horn,,480ml,termos,Hepsiburada,2390.0,ok,https://www.hepsiburada.com/sipnjoy-sipsquad-plus-cocuk-su-termosu-480-ml-golden-horn-pm-HBC0000G0K7WM,SipnJoy
2026-10-01 00:32,Sipnjoy,FlipSip,SipnJoy - FlipSip Çocuk Su Termosu | 550 ml - Mermaid Dream,,550ml,termos,Hepsiburada,2290.0,ok,https://www.hepsiburada.com/sipnjoy-flipsip-cocuk-su-termosu-550-ml-golden-horn-pm-HBC0000I48X4A,SipnJoy
2026-10-01 00:32,Sipnjoy,SipSquad,SipnJoy - SipSquad Plus Çocuk Su Termosu  | 480 ml - Mermaid Dream,,480ml,termos,Hepsiburada,2390.0,ok,https://www.hepsiburada.com/sipnjoy-sipsquad-plus-cocuk-su-termosu-480-ml-mermaid-dream-pm-HBC0000G0K7WN,SipnJoy
2026-10-01 00:32,Sipnjoy,SipSquad,SipnJoy - SipSquad Plus Çocuk Su Termosu  | 480 ml - Dino Roar,,480ml,termos,Hepsiburada,2390.0,ok,https://www.hepsiburada.com/sipnjoy-sipsquad-plus-cocuk-su-termosu-480-ml-dino-roar-pm-HBC0000G0K7WQ,SipnJoy
2026-10-01 00:32,Sipnjoy,SipSquad,SipnJoy - SipSquad Plus Çocuk Su Termosu  | 480 ml - Ballerina Sparkle,,480ml,termos,Hepsiburada,2390.0,ok,https://www.hepsiburada.com/sipnjoy-sipsquad-plus-cocuk-su-termosu-480-ml-ballerina-sparkle-pm-HBC0000FTT77G,SipnJoy
2026-10-01 00:32,Sipnjoy,SippyPals,,cocuk termos,360ml,termos,Hepsiburada,1990.0,ok,https://www.hepsiburada.com/sipnjoy-sippypals-cocuk-su-termosu-360-ml-mor-pm-HBC0000G0K8E5?magaza=SipnJoy,
2026-10-01 00:32,Sipnjoy,FlipSip,SipnJoy - FlipSip Çocuk Su Termosu | 550 ml -  Builder Buddy,,550ml,termos,Hepsiburada,2290.0,ok,https://www.hepsiburada.com/sipnjoy-flipsip-cocuk-su-termosu-550-ml-golden-horn-pm-HBC0000I48X48,SipnJoy
2026-10-01 00:32,Sipnjoy,FlipSip,SipnJoy - FlipSip Çocuk Su Termosu | 550 ml - Star Explorer,,550ml,termos,Hepsiburada,2290.0,ok,https://www.hepsiburada.com/sipnjoy-flipsip-cocuk-su-termosu-550-ml-golden-horn-pm-HBC0000I48X4C,SipnJoy
2026-10-01 00:32,Sipnjoy,FlipSip,SipnJoy - FlipSip Çocuk Su Termosu | 360 ml - Builder Buddy,,360ml,termos,Hepsiburada,2090.0,ok,https://www.hepsiburada.com/sipnjoy-flipsip-cocuk-su-termosu-360-ml-builder-buddy-pm-HBC0000G0K7WA,SipnJoy
2026-10-01 00:32,Sipnjoy,FlipSip,SipnJoy - FlipSip Çocuk Su Termosu | 360 ml - Fairy Sparkle,,360ml,termos,Hepsiburada,2090.0,ok,https://www.hepsiburada.com/sipnjoy-lila-renkli-cocuk-su-termosu-360-ml-paslanmaz-celik-ergonomik-tasarim-ozellikli-pm-HBC0000G0K8EZ,SipnJoy
2026-10-01 00:32,Sipnjoy,SipSquad,SipnJoy - SipSquad Plus Çocuk Su Termosu  | 480 ml - Star Explorer,,480ml,termos,Hepsiburada,2390.0,ok,https://www.hepsiburada.com/sipnjoy-sipsquad-plus-cocuk-su-termosu-480-ml-star-explorer-pm-HBC0000G0K7WP,SipnJoy
2026-10-01 00:32,Sipnjoy,FlipSip,SipnJoy - FlipSip Çocuk Su Termosu | 360 ml - Lively Roar,,360ml,termos,Hepsiburada,2090.0,ok,https://www.hepsiburada.com/sipnjoy-flipsip-cocuk-su-termosu-360-ml-lively-roar-pm-HBC0000G0K7WJ,SipnJoy
2026-10-01 00:32,Sipnjoy,FlipSip,SipnJoy - FlipSip Çocuk Su Termosu | 360 ml - Rescue Crew,,360ml,termos,Hepsiburada,2090.0,ok,https://www.hepsiburada.com/sipnjoy-flipsip-cocuk-su-termosu-360-ml-rescue-crew-pm-HBC0000G0K7WB,SipnJoy
2026-10-01 00:32,Sipnjoy,SipSquad,SipnJoy - SipSquad Plus Çocuk Su Termosu  | 480 ml - Snappy Croc,,480ml,termos,Hepsiburada,2390.0,ok,https://www.hepsiburada.com/sipnjoy-sipsquad-plus-cocuk-su-termosu-480-ml-snappy-croc-pm-HBC0000G0K7WR,SipnJoy
2026-10-01 00:32,Sipnjoy,FlipSip,SipnJoy - FlipSip Çocuk Su Termosu | 360 ml - Ballerina Sparkle,,360ml,termos,Hepsiburada,2090.0,ok,https://www.hepsiburada.com/sipnjoy-flipsip-cocuk-su-termosu-360-ml-ballerina-sparkle-p-HBCV0000G0KZF9,SipnJoy
2026-10-01 00:32,Sipnjoy,Handlehug,SipnJoy - HandleHug Tumbler | 550 ml - Lila,,550ml,tumbler,Hepsiburada,2190.0,ok,https://www.hepsiburada.com/sipnjoy-handlehug-tumbler-550-ml-lila-pm-HBC0000G0K7W9,SipnJoy
2026-10-01 00:32,Sipnjoy,FlipSip,SipnJoy - FlipSip Çocuk Su Termosu | 360 ml - Star Explorer,,360ml,termos,Hepsiburada,2090.0,ok,https://www.hepsiburada.com/sipnjoy-flipsip-cocuk-su-termosu-360-ml-star-explorer-pm-HBC0000G0K8EK,SipnJoy
2026-10-01 00:32,Sipnjoy,FlipSip,SipnJoy - FlipSip Çocuk Su Termosu | 360 ml -  Dino Roar,,360ml,termos,Hepsiburada,2090.0,ok,https://www.hepsiburada.com/sipnjoy-flipsip-cocuk-su-termosu-360-ml-dino-roar-pm-HBC0000G0K8EJ,SipnJoy
2026-10-01 00:32,Sipnjoy,FlipSip,,cocuk termos,360ml,termos,Hepsiburada,2090.0,ok,https://www.hepsiburada.com/sipnjoy-flipsip-cocuk-su-termosu-360-ml-paslanmaz-celik-koyu-pembe-ergonomik-tasarim-pm-HBC0000G0K8EH?magaza=SipnJoy,
2026-10-01 00:32,Sipnjoy,Handlehug,SipnJoy - HandleHug Tumbler | 550 ml - Mint,,550ml,tumbler,Hepsiburada,2190.0,ok,https://www.hepsiburada.com/sipnjoy-handlehug-tumbler-550-ml-pm-HBC0000910TFA,SipnJoy
2026-10-01 00:32,Sipnjoy,StrawBuddy,SipnJoy - StrawBuddy Tumbler | 360 ml - Turuncu,,360ml,tumbler,Hepsiburada,1590.0,ok,https://www.hepsiburada.com/sipnjoy-strawbuddy-tumbler-360-ml-pm-HBC0000G0K8EW,SipnJoy
2026-10-01 00:32,Sipnjoy,FlipSip,SipnJoy - FlipSip Çocuk Su Termosu | 550 ml -  Dino Roar,,550ml,termos,Hepsiburada,2290.0,ok,https://www.hepsiburada.com/sipnjoy-flipsip-cocuk-su-termosu-550-ml-golden-horn-pm-HBC0000I48X4B,SipnJoy
2026-10-01 00:32,Sipnjoy,FlipSip,SipnJoy - FlipSip Çocuk Su Termosu | 360 ml - Turtle Voyage,,360ml,termos,Hepsiburada,2090.0,ok,https://www.hepsiburada.com/sipnjoy-flipsip-cocuk-su-termosu-360-ml-turtle-voyage-p-HBCV0000FTTM3R,SipnJoy
2026-10-01 00:32,Sipnjoy,FlipSip,Sipnjoy - Flipsip Çocuk Su Termosu | 550 ml - Golden Horn,,550ml,termos,Hepsiburada,2290.0,ok,https://www.hepsiburada.com/sipnjoy-flipsip-cocuk-su-termosu-550-ml-golden-horn-pm-HBC0000G0I4B9,SipnJoy
2026-10-01 00:32,Sipnjoy,FlipSip,SipnJoy - FlipSip Çocuk Su Termosu | 550 ml - Snappy Croc,,550ml,termos,Hepsiburada,2290.0,ok,https://www.hepsiburada.com/sipnjoy-flipsip-cocuk-su-termosu-550-ml-golden-horn-pm-HBC0000I48X49,SipnJoy
2026-10-01 00:32,Sipnjoy,StrawBuddy,SipnJoy - StrawBuddy Tumbler | 360 ml - Aqua,,360ml,tumbler,Hepsiburada,1590.0,ok,https://www.hepsiburada.com/sipnjoy-strawbuddy-tumbler-360-ml-pm-HBC0000910SIS,SipnJoy
2026-10-01 00:32,Sipnjoy,StrawBuddy,SipnJoy - StrawBuddy Tumbler | 360 ml - Sarı,,360ml,tumbler,Hepsiburada,1590.0,ok,https://www.hepsiburada.com/sipnjoy-strawbuddy-tumbler-360-ml-pm-HBC0000G0K8EP,SipnJoy
2026-10-01 00:32,Sipnjoy,Handlehug,SipnJoy - HandleHug Tumbler | 550 ml - Sarı,,550ml,tumbler,Hepsiburada,2190.0,ok,https://www.hepsiburada.com/sipnjoy-handlehug-sari-termos-550-ml-paslanmaz-celik-ile-cocuklar-icin-ergonomik-tasarim-pm-HBC0000G0K8EL,SipnJoy
2026-10-01 00:32,Sipnjoy,Handlehug,SipnJoy - HandleHug Tumbler | 550 ml - Lacivert,,550ml,tumbler,Hepsiburada,2190.0,ok,https://www.hepsiburada.com/sipnjoy-handlehug-tumbler-550-ml-lacivert-pm-HBC0000G0K7W8,SipnJoy
2026-10-01 00:32,Sipnjoy,FlipSip,SipnJoy - FlipSip Çocuk Su Termosu | 360 ml - Adventure Trails,,360ml,termos,Hepsiburada,2090.0,ok,https://www.hepsiburada.com/sipnjoy-flipsip-cocuk-su-termosu-360-ml-adventure-trail-pm-HBC0000G0K8EI,SipnJoy
2026-10-01 00:32,Sipnjoy,Handlehug,SipnJoy - HandleHug Tumbler | 550 ml - Pembe,,550ml,tumbler,Hepsiburada,2190.0,ok,https://www.hepsiburada.com/sipnjoy-550-ml-termos-pembe-renkli-paslanmaz-celik-handlehug-tumbler-ergonomik-tasarim-pm-HBC0000G0K8EX,SipnJoy
2026-10-01 00:32,Sipnjoy,FlipSip,SipnJoy - FlipSip Çocuk Su Termosu | 360 ml - Snappy Croc,,360ml,termos,Hepsiburada,2090.0,ok,https://www.hepsiburada.com/sipnjoy-flipsip-cocuk-su-termosu-360-ml-pm-HBC0000FYUU2Z,SipnJoy
2026-10-01 00:32,Sipnjoy,FlipSip,SipnJoy - FlipSip Çocuk Su Termosu | 360 ml - Jolly Elephant,,360ml,termos,Hepsiburada,2090.0,ok,https://www.hepsiburada.com/sipnjoy-flipsip-cocuk-su-termosu-360-ml-jolly-elephant-pm-HBC0000FTT9N7,SipnJoy
2026-10-01 00:32,Sipnjoy,Handlehug,SipnJoy - HandleHug Tumbler | 550 ml - Limon,,550ml,tumbler,Hepsiburada,2190.0,ok,https://www.hepsiburada.com/sipnjoy-handlehug-tumbler-550-ml-limon-pm-HBC0000G0K7W7,SipnJoy
2026-10-01 00:32,Sipnjoy,FlipSip,,cocuk termos,360ml,termos,Hepsiburada,2090.0,ok,https://www.hepsiburada.com/sipnjoy-flipsip-cocuk-su-termosu-360-ml-jungle-jam-pm-HBC0000G0K7WG?magaza=SipnJoy,
2026-10-01 00:32,Sipnjoy,Handlehug,SipnJoy - HandleHug Tumbler | 550 ml - Turkuaz,,550ml,tumbler,Hepsiburada,2190.0,ok,https://www.hepsiburada.com/sipnjoy-handlehug-tumbler-550-ml-turkuaz-pm-HBC0000G0K7W5,SipnJoy
2026-10-01 00:32,Sipnjoy,FlipSip,SipnJoy - FlipSip Çocuk Su Termosu | 360 ml - Twisty Joy,,360ml,termos,Hepsiburada,2090.0,ok,https://www.hepsiburada.com/sipnjoy-flipsip-cocuk-su-termosu-360-ml-twisty-joy-pm-HBC0000G0K7WL,SipnJoy
2026-10-01 00:32,Sipnjoy,Handlehug,SipnJoy - HandleHug Tumbler | 550 ml - Turuncu,,550ml,tumbler,Hepsiburada,2190.0,ok,https://www.hepsiburada.com/sipnjoy-550-ml-turuncu-termos-handlehug-tumbler-paslanmaz-celik-malzemeden-ergonomik-tasarim-pm-HBC0000G0K8EV,SipnJoy
2026-10-01 00:32,Sipnjoy,Handlehug,SipnJoy - HandleHug Tumbler | 550 ml - Pudra Pembe,,550ml,tumbler,Hepsiburada,2190.0,ok,https://www.hepsiburada.com/sipnjoy-handlehug-tumbler-550-ml-pudra-pembe-pm-HBC0000G0K7W6,SipnJoy
2026-10-01 00:32,Sipnjoy,FlipSip,SipnJoy - FlipSip Çocuk Su Termosu | 360 ml - Giggle Giraffe,,360ml,termos,Hepsiburada,2090.0,ok,https://www.hepsiburada.com/sipnjoy-flipsip-cocuk-su-termosu-360-ml-giggle-giraffe-pm-HBC0000G0K7WK,SipnJoy
2026-10-01 00:32,Cool Bottles,The Bottle,Cool Bottles The Bottle El Tipo Raro Positive Revolution 500 ml Matara,,500ml,matara,Hepsiburada,3420.0,ok,https://www.hepsiburada.com/cool-bottles-the-bottle-el-tipo-raro-positive-revolution-500-ml-matara-pm-HBC0000JR2HLE,Mareas
2026-10-01 00:32,Cool Bottles,The Bottle,Cool Bottles The Bottle Sticker Fever 500 ml Matara,,500ml,matara,Hepsiburada,3420.0,ok,https://www.hepsiburada.com/cool-bottles-the-bottle-sticker-fever-500-ml-matara-pm-HBC0000JR21DD,Mareas
2026-10-01 00:32,Cool Bottles,Matara,Cool Bottles The Kiddie Bottle Sprt& Sprinkles Land 350 ml Çocuk Matarası,,350ml,matara,Hepsiburada,3150.0,ok,https://www.hepsiburada.com/cool-bottles-the-kiddie-bottle-sprt-sprinkles-land-350-ml-cocuk-matarasi-pm-HBC0000JR28D2,Mareas
2026-10-01 00:32,Cool Bottles,Matara,Cool Bottles The Kids Bottle Music Beat 350 ml Çocuk Matarası,,350ml,matara,Hepsiburada,3150.0,ok,https://www.hepsiburada.com/cool-bottles-the-kids-bottle-music-beat-350-ml-cocuk-matarasi-pm-HBC0000JR2411,Mareas
2026-10-01 00:32,Cool Bottles,Matara,Cool Bottles The Kids Bottle - Rolling Skaters 500ML,,500ml,matara,Hepsiburada,3420.0,ok,https://www.hepsiburada.com/the-kids-bottle-rolling-skaters-500ml-pm-HBC0000BST045,Mareas
2026-10-01 00:32,Cool Bottles,The Bottle,Cool Bottles The Bottle Patch Zone 500 ml Matara,,500ml,matara,Hepsiburada,3420.0,ok,https://www.hepsiburada.com/cool-bottles-the-bottle-patch-zone-500-ml-matara-pm-HBC0000JR2EVV,Mareas
2026-10-01 00:32,Cool Bottles,The Bottle,Cool Bottles The Bottle Moniquilla Rock Garden 500 ml Matara,,500ml,matara,Hepsiburada,3420.0,ok,https://www.hepsiburada.com/cool-bottles-the-bottle-moniquilla-rock-garden-500-ml-matara-pm-HBC0000JR2BV7,Mareas
2026-10-01 00:32,Cool Bottles,Matara,Cool Bottles The Kids Bottle Sprt& Pink Scoop 350 ml Çocuk Matarası,,350ml,matara,Hepsiburada,3150.0,ok,https://www.hepsiburada.com/cool-bottles-the-kids-bottle-sprt-pink-scoop-350-ml-cocuk-matarasi-pm-HBC0000JR2CCR,Mareas
2026-10-01 00:32,Cool Bottles,Matara,Cool Bottles The Kids Bottle Sprt& Blue Scoop 350 ml Çocuk Matarası,,350ml,matara,Hepsiburada,3150.0,ok,https://www.hepsiburada.com/cool-bottles-the-kids-bottle-sprt-blue-scoop-350-ml-cocuk-matarasi-pm-HBC0000JR22NO,Mareas
2026-10-01 00:32,Cool Bottles,Matara,Cool Bottles The Kiddie Bottle - Roar Time 350ML,,350ml,matara,Hepsiburada,3150.0,ok,https://www.hepsiburada.com/the-kiddie-bottle-roar-time-350ml-pm-HBC0000BSSYCJ,Mareas
2026-10-01 00:32,Cool Bottles,Matara,Cool Bottles The Kids Bottle - Jurassic Era 350ML,,350ml,matara,Hepsiburada,3150.0,ok,https://www.hepsiburada.com/the-kids-bottle-jurassic-era-350ml-pm-HBC0000BSTMRV,Mareas
2026-10-01 00:32,Cool Bottles,Matara,Cool Bottles The Kiddie Bottle - Rainbow Clouds 350ML,,350ml,matara,Hepsiburada,3150.0,ok,https://www.hepsiburada.com/the-kiddie-bottle-rainbow-clouds-350ml-pm-HBC0000BSTR6U,Mareas
2026-10-01 00:32,Cool Bottles,Matara,Cool Bottles The Kiddie Bottle - Little Wheels 350ML,,350ml,matara,Hepsiburada,3150.0,ok,https://www.hepsiburada.com/the-kiddie-bottle-little-wheels-350ml-pm-HBC0000BSOJ6X,Mareas
2026-10-01 00:32,Cool Bottles,The Bottle,Cool Bottles The Bottle - Mystical Lions 500ML,,500ml,matara,Hepsiburada,3420.0,ok,https://www.hepsiburada.com/the-bottle-mystical-lions-500ml-pm-HBC0000BSSSKJ,Mareas
2026-10-01 00:32,Cool Bottles,The Bottle,Cool Bottles The Bottle - Good Vibes 500ML,,500ml,matara,Hepsiburada,3420.0,ok,https://www.hepsiburada.com/the-bottle-good-vibes-500ml-pm-HBC0000BST24G,Mareas
2026-10-01 00:32,Cool Bottles,The Bottle,Cool Bottles The Bottle - Floral Madness 500ML,,500ml,matara,Hepsiburada,3420.0,ok,https://www.hepsiburada.com/the-bottle-floral-madness-500ml-pm-HBC0000BSTJME,Mareas
2026-10-01 00:32,Cool Bottles,The Bottle,Cool Bottles The Bottle - Allegra 500ML,,500ml,matara,Hepsiburada,3420.0,ok,https://www.hepsiburada.com/the-bottle-allegra-500ml-pm-HBC0000BSTQ1W,Mareas
2026-10-01 00:32,Cool Bottles,Matara,Cool Bottles The Kids Bottle - Play Mode 500ML,,500ml,matara,Hepsiburada,3420.0,ok,https://www.hepsiburada.com/the-kids-bottle-play-mode-500ml-pm-HBC0000BSTISH,Mareas
2026-10-01 00:32,Cool Bottles,The Bottle,Cool Bottles The Bottle - Mediterranean 500ML,,500ml,matara,Hepsiburada,3420.0,ok,https://www.hepsiburada.com/the-bottle-mediterranean-500ml-pm-HBC0000BSSUQA,Mareas
2026-10-01 00:32,Cool Bottles,The Bottle,Cool Bottles The Bottle - Pastel Green 500ML,,500ml,matara,Hepsiburada,2519.9,ok,https://www.hepsiburada.com/the-bottle-pastel-green-500ml-pm-HBC0000BSTQOV,Mareas
2026-10-01 00:32,Cool Bottles,Matara,Cool Bottles The Kids Bottle - Curious Explorers 350ML,,350ml,matara,Hepsiburada,3150.0,ok,https://www.hepsiburada.com/the-kids-bottle-curious-explorers-350ml-pm-HBC0000BSTDLM,Mareas
2026-10-01 00:32,Cool Bottles,Matara,Cool Bottles The Kids Bottle - Princess Kingdom 350ML,,350ml,matara,Hepsiburada,3150.0,ok,https://www.hepsiburada.com/the-kids-bottle-princess-kingdom-350ml-pm-HBC0000BSTNRL,Mareas
2026-10-01 00:32,Cool Bottles,Matara,Cool Bottles The Kids Bottle - Magical Fairies 350ML,,350ml,matara,Hepsiburada,3150.0,ok,https://www.hepsiburada.com/the-kids-bottle-magical-fairies-350ml-pm-HBC0000BST8WQ,Mareas
2026-10-01 00:32,Cool Bottles,The Bottle,Cool Bottles The Bottle - Dragonfly Paradise 500ML,,500ml,matara,Hepsiburada,3420.0,ok,https://www.hepsiburada.com/the-bottle-dragonfly-paradise-500ml-pm-HBC0000BST0HH,Mareas
2026-10-01 00:32,Cool Bottles,The Bottle,Cool Bottles The Bottle - René 500ML,,500ml,matara,Hepsiburada,3420.0,ok,https://www.hepsiburada.com/the-bottle-ren-500ml-pm-HBC0000BSTKCT,Mareas
2026-10-01 00:32,Cool Bottles,The Bottle,Cool Bottles The Bottle - Pastel Green 350ML,,350ml,matara,Hepsiburada,2720.0,ok,https://www.hepsiburada.com/the-bottle-pastel-green-350ml-pm-HBC0000BSTFD1,Mareas
2026-10-01 00:32,Cool Bottles,The Bottle,Cool Bottles The Bottle - Vivid Blue 350ML,,350ml,matara,Hepsiburada,2720.0,ok,https://www.hepsiburada.com/the-bottle-vivid-blue-350ml-pm-HBC0000BSU9WP,Mareas
2026-10-01 00:32,Cool Bottles,Matara,Cool Bottles The Kids Bottle - Sweet Mermaids 350ML,,350ml,matara,Hepsiburada,3150.0,ok,https://www.hepsiburada.com/the-kids-bottle-sweet-mermaids-350ml-pm-HBC0000BSTM6N,Mareas
2026-10-01 00:32,Cool Bottles,Matara,Cool Bottles The Kiddie Bottle - Underwater World 350ML,,350ml,matara,Hepsiburada,3150.0,ok,https://www.hepsiburada.com/the-kiddie-bottle-underwater-world-350ml-pm-HBC0000BST047,Mareas
2026-10-01 00:32,Cool Bottles,Matara,Cool Bottles The Kids Bottle - Outdoor Adventure 500ML,,500ml,matara,Hepsiburada,3420.0,ok,https://www.hepsiburada.com/the-kids-bottle-outdoor-adventure-500ml-pm-HBC0000BSTFD3,Mareas
2026-10-01 00:32,Cool Bottles,Matara,Cool Bottles The Kiddie Bottle - Whisker Kittens 350ML,,350ml,matara,Hepsiburada,3150.0,ok,https://www.hepsiburada.com/the-kiddie-bottle-whisker-kittens-350ml-pm-HBC0000BSTGCP,Mareas
2026-10-01 00:32,Cool Bottles,Matara,Cool Bottles The Kids Bottle - Funny Unicorns 350ML,,350ml,matara,Hepsiburada,3150.0,ok,https://www.hepsiburada.com/the-kids-bottle-funny-unicorns-350ml-pm-HBC0000BSTHBB,Mareas
2026-10-01 00:32,Cool Bottles,Matara,Cool Bottles The Kids Bottle - Dragon Dreams 350ML,,350ml,matara,Hepsiburada,3150.0,ok,https://www.hepsiburada.com/the-kids-bottle-dragon-dreams-350ml-pm-HBC0000BST8NG,Mareas
2026-10-01 00:32,Cool Bottles,Matara,Cool Bottles The Kids Bottle - Galactic Ride 500ML,,500ml,matara,Hepsiburada,3420.0,ok,https://www.hepsiburada.com/the-kids-bottle-galactic-ride-500ml-pm-HBC0000BSR09Q,Mareas
2026-10-01 00:32,Cool Bottles,Matara,Cool Bottles The Kids Bottle - Messy Robots 350ML,,350ml,matara,Hepsiburada,3150.0,ok,https://www.hepsiburada.com/the-kids-bottle-messy-robots-350ml-pm-HBC0000BSSYCH,Mareas
2026-10-01 00:32,Cool Bottles,The Bottle,Cool Bottles The Bottle - Tudor Village 500ML,,500ml,matara,Hepsiburada,2819.9,ok,https://www.hepsiburada.com/the-bottle-tudor-village-500ml-pm-HBC0000BST9Q6,Mareas
2026-10-01 00:32,Cool Bottles,Matara,Cool Bottles The Kiddie Bottle - Woodland Buddies 350ML,,350ml,matara,Hepsiburada,3150.0,ok,https://www.hepsiburada.com/the-kiddie-bottle-woodland-buddies-350ml-pm-HBC0000BST9Q8,Mareas
2026-10-01 00:32,Cool Bottles,The Bottle,Cool Bottles The Bottle - Vivid Orange 750ML,,750ml,matara,Hepsiburada,3500.0,ok,https://www.hepsiburada.com/the-bottle-vivid-orange-750ml-pm-HBC0000BSSWRR,Mareas
2026-10-01 00:32,Cool Bottles,Matara,Cool Bottles The Kids Bottle - Candy Land 350ML,,350ml,matara,Hepsiburada,3150.0,ok,https://www.hepsiburada.com/the-kids-bottle-candy-land-350ml-pm-HBC0000BSTM6P,Mareas
2026-10-01 00:32,Sipnjoy,FlipSip,,cocuk termos,360ml,termos,Hepsiburada,2131.9,ok,https://www.hepsiburada.com/sipnjoy-flipsip-cocuk-su-termosu-360-ml-fly-pal-pm-HBC0000G0K7WF?magaza=SipnJoy,
2026-10-01 00:32,Sipnjoy,FlipSip,,cocuk termos,360ml,termos,Hepsiburada,,urun_bulunamadi,https://www.hepsiburada.com/sipnjoy-flipsip-cocuk-su-termosu-360-ml-firefighter-buddy-pm-HBC0000G0K7WC?magaza=SipnJoy,
2026-10-01 00:32,Sipnjoy,FlipSip,,cocuk termos,360ml,termos,Hepsiburada,,urun_bulunamadi,https://www.hepsiburada.com/sipnjoy-flipsip-cocuk-su-termosu-360-ml-bee-honey-pm-HBC0000G0K7WD?magaza=SipnJoy,
2026-10-01 00:32,Sipnjoy,SippyPals,,cocuk termos,360ml,termos,Hepsiburada,,urun_bulunamadi,https://www.hepsiburada.com/sipnjoy-sippypals-cocuk-su-termosu-360-ml-koyu-mavi-pm-HBC0000C5G4SC?magaza=SipnJoy,
2026-10-01 00:32,Sipnjoy,WideWonder,,cocuk termos,420ml,termos,Hepsiburada,,urun_bulunamadi,https://www.hepsiburada.com/sipnjoy-widewonder-cocuk-su-termosu-420-ml-swan-harmony-pm-HBC0000G0K8E3?magaza=SipnJoy,
2026-10-01 13:18,Sipnjoy,SipSquad,SipnJoy - SipSquad Plus Çocuk Su Termosu  | 480 ml - Fairy Sparkle,,480ml,termos,Hepsiburada,2390.0,ok,https://www.hepsiburada.com/sipnjoy-sipsquad-plus-cocuk-su-termosu-480-ml-fairy-sparkle-pm-HBC0000G0K7WI,SipnJoy
2026-10-01 13:18,Sipnjoy,FlipSip,SipnJoy - FlipSip Çocuk Su Termosu | 550 ml - Mermaid Dream,,550ml,termos,Hepsiburada,2290.0,ok,https://www.hepsiburada.com/sipnjoy-flipsip-cocuk-su-termosu-550-ml-golden-horn-pm-HBC0000I48X4A,SipnJoy
2026-10-01 13:18,Sipnjoy,SipSquad,SipnJoy - SipSquad Plus Çocuk Su Termosu  | 480 ml - Mermaid Dream,,480ml,termos,Hepsiburada,2390.0,ok,https://www.hepsiburada.com/sipnjoy-sipsquad-plus-cocuk-su-termosu-480-ml-mermaid-dream-pm-HBC0000G0K7WN,SipnJoy
2026-10-01 13:18,Sipnjoy,SipSquad,SipnJoy - SipSquad Plus Çocuk Su Termosu  | 480 ml - Golden Horn,,480ml,termos,Hepsiburada,2390.0,ok,https://www.hepsiburada.com/sipnjoy-sipsquad-plus-cocuk-su-termosu-480-ml-golden-horn-pm-HBC0000G0K7WM,SipnJoy
2026-10-01 13:18,Sipnjoy,SipSquad,SipnJoy - SipSquad Plus Çocuk Su Termosu  | 480 ml - Dino Roar,,480ml,termos,Hepsiburada,2390.0,ok,https://www.hepsiburada.com/sipnjoy-sipsquad-plus-cocuk-su-termosu-480-ml-dino-roar-pm-HBC0000G0K7WQ,SipnJoy
2026-10-01 13:18,Sipnjoy,SipSquad,SipnJoy - SipSquad Plus Çocuk Su Termosu  | 480 ml - Ballerina Sparkle,,480ml,termos,Hepsiburada,2390.0,ok,https://www.hepsiburada.com/sipnjoy-sipsquad-plus-cocuk-su-termosu-480-ml-ballerina-sparkle-pm-HBC0000FTT77G,SipnJoy
2026-10-01 13:18,Sipnjoy,SippyPals,,cocuk termos,360ml,termos,Hepsiburada,1990.0,ok,https://www.hepsiburada.com/sipnjoy-sippypals-cocuk-su-termosu-360-ml-mor-pm-HBC0000G0K8E5?magaza=SipnJoy,
2026-10-01 13:18,Sipnjoy,FlipSip,SipnJoy - FlipSip Çocuk Su Termosu | 360 ml - Builder Buddy,,360ml,termos,Hepsiburada,2090.0,ok,https://www.hepsiburada.com/sipnjoy-flipsip-cocuk-su-termosu-360-ml-builder-buddy-pm-HBC0000G0K7WA,SipnJoy
2026-10-01 13:18,Sipnjoy,FlipSip,SipnJoy - FlipSip Çocuk Su Termosu | 550 ml -  Builder Buddy,,550ml,termos,Hepsiburada,2290.0,ok,https://www.hepsiburada.com/sipnjoy-flipsip-cocuk-su-termosu-550-ml-golden-horn-pm-HBC0000I48X48,SipnJoy
2026-10-01 13:18,Sipnjoy,FlipSip,SipnJoy - FlipSip Çocuk Su Termosu | 550 ml - Star Explorer,,550ml,termos,Hepsiburada,2290.0,ok,https://www.hepsiburada.com/sipnjoy-flipsip-cocuk-su-termosu-550-ml-golden-horn-pm-HBC0000I48X4C,SipnJoy
2026-10-01 13:18,Sipnjoy,FlipSip,SipnJoy - FlipSip Çocuk Su Termosu | 360 ml - Fairy Sparkle,,360ml,termos,Hepsiburada,2090.0,ok,https://www.hepsiburada.com/sipnjoy-lila-renkli-cocuk-su-termosu-360-ml-paslanmaz-celik-ergonomik-tasarim-ozellikli-pm-HBC0000G0K8EZ,SipnJoy
2026-10-01 13:18,Sipnjoy,FlipSip,SipnJoy - FlipSip Çocuk Su Termosu | 360 ml - Ballerina Sparkle,,360ml,termos,Hepsiburada,2090.0,ok,https://www.hepsiburada.com/sipnjoy-flipsip-cocuk-su-termosu-360-ml-ballerina-sparkle-p-HBCV0000G0KZF9,SipnJoy
2026-10-01 13:18,Sipnjoy,SipSquad,SipnJoy - SipSquad Plus Çocuk Su Termosu  | 480 ml - Star Explorer,,480ml,termos,Hepsiburada,2390.0,ok,https://www.hepsiburada.com/sipnjoy-sipsquad-plus-cocuk-su-termosu-480-ml-star-explorer-pm-HBC0000G0K7WP,SipnJoy
2026-10-01 13:18,Sipnjoy,FlipSip,SipnJoy - FlipSip Çocuk Su Termosu | 360 ml - Rescue Crew,,360ml,termos,Hepsiburada,2090.0,ok,https://www.hepsiburada.com/sipnjoy-flipsip-cocuk-su-termosu-360-ml-rescue-crew-pm-HBC0000G0K7WB,SipnJoy
2026-10-01 13:18,Sipnjoy,Handlehug,SipnJoy - HandleHug Tumbler | 550 ml - Lila,,550ml,tumbler,Hepsiburada,2190.0,ok,https://www.hepsiburada.com/sipnjoy-handlehug-tumbler-550-ml-lila-pm-HBC0000G0K7W9,SipnJoy
2026-10-01 13:18,Sipnjoy,FlipSip,SipnJoy - FlipSip Çocuk Su Termosu | 360 ml - Star Explorer,,360ml,termos,Hepsiburada,2090.0,ok,https://www.hepsiburada.com/sipnjoy-flipsip-cocuk-su-termosu-360-ml-star-explorer-pm-HBC0000G0K8EK,SipnJoy
2026-10-01 13:18,Sipnjoy,FlipSip,SipnJoy - FlipSip Çocuk Su Termosu | 360 ml - Lively Roar,,360ml,termos,Hepsiburada,2090.0,ok,https://www.hepsiburada.com/sipnjoy-flipsip-cocuk-su-termosu-360-ml-lively-roar-pm-HBC0000G0K7WJ,SipnJoy
2026-10-01 13:18,Sipnjoy,StrawBuddy,SipnJoy - StrawBuddy Tumbler | 360 ml - Turuncu,,360ml,tumbler,Hepsiburada,1590.0,ok,https://www.hepsiburada.com/sipnjoy-strawbuddy-tumbler-360-ml-pm-HBC0000G0K8EW,SipnJoy
2026-10-01 13:18,Sipnjoy,SipSquad,SipnJoy - SipSquad Plus Çocuk Su Termosu  | 480 ml - Snappy Croc,,480ml,termos,Hepsiburada,2390.0,ok,https://www.hepsiburada.com/sipnjoy-sipsquad-plus-cocuk-su-termosu-480-ml-snappy-croc-pm-HBC0000G0K7WR,SipnJoy
2026-10-01 13:18,Sipnjoy,FlipSip,,cocuk termos,360ml,termos,Hepsiburada,2090.0,ok,https://www.hepsiburada.com/sipnjoy-flipsip-cocuk-su-termosu-360-ml-paslanmaz-celik-koyu-pembe-ergonomik-tasarim-pm-HBC0000G0K8EH?magaza=SipnJoy,
2026-10-01 13:18,Sipnjoy,FlipSip,SipnJoy - FlipSip Çocuk Su Termosu | 360 ml - Turtle Voyage,,360ml,termos,Hepsiburada,2090.0,ok,https://www.hepsiburada.com/sipnjoy-flipsip-cocuk-su-termosu-360-ml-turtle-voyage-p-HBCV0000FTTM3R,SipnJoy
2026-10-01 13:18,Sipnjoy,FlipSip,SipnJoy - FlipSip Çocuk Su Termosu | 550 ml -  Dino Roar,,550ml,termos,Hepsiburada,2290.0,ok,https://www.hepsiburada.com/sipnjoy-flipsip-cocuk-su-termosu-550-ml-golden-horn-pm-HBC0000I48X4B,SipnJoy
2026-10-01 13:18,Sipnjoy,Handlehug,SipnJoy - HandleHug Tumbler | 550 ml - Mint,,550ml,tumbler,Hepsiburada,2190.0,ok,https://www.hepsiburada.com/sipnjoy-handlehug-tumbler-550-ml-pm-HBC0000910TFA,SipnJoy
2026-10-01 13:18,Sipnjoy,FlipSip,SipnJoy - FlipSip Çocuk Su Termosu | 550 ml - Snappy Croc,,550ml,termos,Hepsiburada,2290.0,ok,https://www.hepsiburada.com/sipnjoy-flipsip-cocuk-su-termosu-550-ml-golden-horn-pm-HBC0000I48X49,SipnJoy
2026-10-01 13:18,Sipnjoy,FlipSip,Sipnjoy - Flipsip Çocuk Su Termosu | 550 ml - Golden Horn,,550ml,termos,Hepsiburada,2290.0,ok,https://www.hepsiburada.com/sipnjoy-flipsip-cocuk-su-termosu-550-ml-golden-horn-pm-HBC0000G0I4B9,SipnJoy
2026-10-01 13:18,Sipnjoy,FlipSip,SipnJoy - FlipSip Çocuk Su Termosu | 360 ml -  Dino Roar,,360ml,termos,Hepsiburada,2090.0,ok,https://www.hepsiburada.com/sipnjoy-flipsip-cocuk-su-termosu-360-ml-dino-roar-pm-HBC0000G0K8EJ,SipnJoy
2026-10-01 13:18,Sipnjoy,StrawBuddy,SipnJoy - StrawBuddy Tumbler | 360 ml - Sarı,,360ml,tumbler,Hepsiburada,1590.0,ok,https://www.hepsiburada.com/sipnjoy-strawbuddy-tumbler-360-ml-pm-HBC0000G0K8EP,SipnJoy
2026-10-01 13:18,Sipnjoy,StrawBuddy,SipnJoy - StrawBuddy Tumbler | 360 ml - Aqua,,360ml,tumbler,Hepsiburada,1590.0,ok,https://www.hepsiburada.com/sipnjoy-strawbuddy-tumbler-360-ml-pm-HBC0000910SIS,SipnJoy
2026-10-01 13:18,Sipnjoy,Handlehug,SipnJoy - HandleHug Tumbler | 550 ml - Sarı,,550ml,tumbler,Hepsiburada,2190.0,ok,https://www.hepsiburada.com/sipnjoy-handlehug-sari-termos-550-ml-paslanmaz-celik-ile-cocuklar-icin-ergonomik-tasarim-pm-HBC0000G0K8EL,SipnJoy
2026-10-01 13:18,Sipnjoy,FlipSip,SipnJoy - FlipSip Çocuk Su Termosu | 360 ml - Adventure Trails,,360ml,termos,Hepsiburada,2090.0,ok,https://www.hepsiburada.com/sipnjoy-flipsip-cocuk-su-termosu-360-ml-adventure-trail-pm-HBC0000G0K8EI,SipnJoy
2026-10-01 13:18,Sipnjoy,FlipSip,SipnJoy - FlipSip Çocuk Su Termosu | 360 ml - Snappy Croc,,360ml,termos,Hepsiburada,2090.0,ok,https://www.hepsiburada.com/sipnjoy-flipsip-cocuk-su-termosu-360-ml-pm-HBC0000FYUU2Z,SipnJoy
2026-10-01 13:18,Sipnjoy,Handlehug,SipnJoy - HandleHug Tumbler | 550 ml - Pembe,,550ml,tumbler,Hepsiburada,2190.0,ok,https://www.hepsiburada.com/sipnjoy-550-ml-termos-pembe-renkli-paslanmaz-celik-handlehug-tumbler-ergonomik-tasarim-pm-HBC0000G0K8EX,SipnJoy
2026-10-01 13:18,Sipnjoy,Handlehug,SipnJoy - HandleHug Tumbler | 550 ml - Limon,,550ml,tumbler,Hepsiburada,2190.0,ok,https://www.hepsiburada.com/sipnjoy-handlehug-tumbler-550-ml-limon-pm-HBC0000G0K7W7,SipnJoy
2026-10-01 13:18,Sipnjoy,Handlehug,SipnJoy - HandleHug Tumbler | 550 ml - Lacivert,,550ml,tumbler,Hepsiburada,2190.0,ok,https://www.hepsiburada.com/sipnjoy-handlehug-tumbler-550-ml-lacivert-pm-HBC0000G0K7W8,SipnJoy
2026-10-01 13:18,Sipnjoy,FlipSip,,cocuk termos,360ml,termos,Hepsiburada,2090.0,ok,https://www.hepsiburada.com/sipnjoy-flipsip-cocuk-su-termosu-360-ml-jungle-jam-pm-HBC0000G0K7WG?magaza=SipnJoy,
2026-10-01 13:18,Sipnjoy,Handlehug,SipnJoy - HandleHug Tumbler | 550 ml - Turkuaz,,550ml,tumbler,Hepsiburada,2190.0,ok,https://www.hepsiburada.com/sipnjoy-handlehug-tumbler-550-ml-turkuaz-pm-HBC0000G0K7W5,SipnJoy
2026-10-01 13:18,Sipnjoy,FlipSip,SipnJoy - FlipSip Çocuk Su Termosu | 360 ml - Jolly Elephant,,360ml,termos,Hepsiburada,2090.0,ok,https://www.hepsiburada.com/sipnjoy-flipsip-cocuk-su-termosu-360-ml-jolly-elephant-pm-HBC0000FTT9N7,SipnJoy
2026-10-01 13:18,Sipnjoy,FlipSip,SipnJoy - FlipSip Çocuk Su Termosu | 360 ml - Twisty Joy,,360ml,termos,Hepsiburada,2090.0,ok,https://www.hepsiburada.com/sipnjoy-flipsip-cocuk-su-termosu-360-ml-twisty-joy-pm-HBC0000G0K7WL,SipnJoy
2026-10-01 13:18,Sipnjoy,Handlehug,SipnJoy - HandleHug Tumbler | 550 ml - Turuncu,,550ml,tumbler,Hepsiburada,2190.0,ok,https://www.hepsiburada.com/sipnjoy-550-ml-turuncu-termos-handlehug-tumbler-paslanmaz-celik-malzemeden-ergonomik-tasarim-pm-HBC0000G0K8EV,SipnJoy
2026-10-01 13:18,Sipnjoy,Handlehug,SipnJoy - HandleHug Tumbler | 550 ml - Pudra Pembe,,550ml,tumbler,Hepsiburada,2190.0,ok,https://www.hepsiburada.com/sipnjoy-handlehug-tumbler-550-ml-pudra-pembe-pm-HBC0000G0K7W6,SipnJoy
2026-10-01 13:18,Sipnjoy,FlipSip,SipnJoy - FlipSip Çocuk Su Termosu | 360 ml - Giggle Giraffe,,360ml,termos,Hepsiburada,2090.0,ok,https://www.hepsiburada.com/sipnjoy-flipsip-cocuk-su-termosu-360-ml-giggle-giraffe-pm-HBC0000G0K7WK,SipnJoy
2026-10-01 13:18,Cool Bottles,The Bottle,Cool Bottles The Bottle El Tipo Raro Positive Revolution 500 ml Matara,,500ml,matara,Hepsiburada,3420.0,ok,https://www.hepsiburada.com/cool-bottles-the-bottle-el-tipo-raro-positive-revolution-500-ml-matara-pm-HBC0000JR2HLE,Mareas
2026-10-01 13:18,Cool Bottles,The Bottle,Cool Bottles The Bottle Sticker Fever 500 ml Matara,,500ml,matara,Hepsiburada,3420.0,ok,https://www.hepsiburada.com/cool-bottles-the-bottle-sticker-fever-500-ml-matara-pm-HBC0000JR21DD,Mareas
2026-10-01 13:18,Cool Bottles,Matara,Cool Bottles The Kids Bottle Music Beat 350 ml Çocuk Matarası,,350ml,matara,Hepsiburada,3150.0,ok,https://www.hepsiburada.com/cool-bottles-the-kids-bottle-music-beat-350-ml-cocuk-matarasi-pm-HBC0000JR2411,Mareas
2026-10-01 13:18,Cool Bottles,Matara,Cool Bottles The Kiddie Bottle Sprt& Sprinkles Land 350 ml Çocuk Matarası,,350ml,matara,Hepsiburada,3150.0,ok,https://www.hepsiburada.com/cool-bottles-the-kiddie-bottle-sprt-sprinkles-land-350-ml-cocuk-matarasi-pm-HBC0000JR28D2,Mareas
2026-10-01 13:18,Cool Bottles,Matara,Cool Bottles The Kids Bottle - Rolling Skaters 500ML,,500ml,matara,Hepsiburada,3420.0,ok,https://www.hepsiburada.com/the-kids-bottle-rolling-skaters-500ml-pm-HBC0000BST045,Mareas
2026-10-01 13:18,Cool Bottles,The Bottle,Cool Bottles The Bottle Patch Zone 500 ml Matara,,500ml,matara,Hepsiburada,3420.0,ok,https://www.hepsiburada.com/cool-bottles-the-bottle-patch-zone-500-ml-matara-pm-HBC0000JR2EVV,Mareas
2026-10-01 13:18,Cool Bottles,The Bottle,Cool Bottles The Bottle Moniquilla Rock Garden 500 ml Matara,,500ml,matara,Hepsiburada,3420.0,ok,https://www.hepsiburada.com/cool-bottles-the-bottle-moniquilla-rock-garden-500-ml-matara-pm-HBC0000JR2BV7,Mareas
2026-10-01 13:18,Cool Bottles,Matara,Cool Bottles The Kids Bottle Sprt& Pink Scoop 350 ml Çocuk Matarası,,350ml,matara,Hepsiburada,3150.0,ok,https://www.hepsiburada.com/cool-bottles-the-kids-bottle-sprt-pink-scoop-350-ml-cocuk-matarasi-pm-HBC0000JR2CCR,Mareas
2026-10-01 13:18,Cool Bottles,Matara,Cool Bottles The Kids Bottle Sprt& Blue Scoop 350 ml Çocuk Matarası,,350ml,matara,Hepsiburada,3150.0,ok,https://www.hepsiburada.com/cool-bottles-the-kids-bottle-sprt-blue-scoop-350-ml-cocuk-matarasi-pm-HBC0000JR22NO,Mareas
2026-10-01 13:18,Cool Bottles,Matara,Cool Bottles The Kiddie Bottle - Roar Time 350ML,,350ml,matara,Hepsiburada,3150.0,ok,https://www.hepsiburada.com/the-kiddie-bottle-roar-time-350ml-pm-HBC0000BSSYCJ,Mareas
2026-10-01 13:18,Cool Bottles,Matara,Cool Bottles The Kids Bottle - Jurassic Era 350ML,,350ml,matara,Hepsiburada,3150.0,ok,https://www.hepsiburada.com/the-kids-bottle-jurassic-era-350ml-pm-HBC0000BSTMRV,Mareas
2026-10-01 13:18,Cool Bottles,Matara,Cool Bottles The Kiddie Bottle - Rainbow Clouds 350ML,,350ml,matara,Hepsiburada,3150.0,ok,https://www.hepsiburada.com/the-kiddie-bottle-rainbow-clouds-350ml-pm-HBC0000BSTR6U,Mareas
2026-10-01 13:18,Cool Bottles,Matara,Cool Bottles The Kiddie Bottle - Little Wheels 350ML,,350ml,matara,Hepsiburada,3150.0,ok,https://www.hepsiburada.com/the-kiddie-bottle-little-wheels-350ml-pm-HBC0000BSOJ6X,Mareas
2026-10-01 13:18,Cool Bottles,The Bottle,Cool Bottles The Bottle - Mystical Lions 500ML,,500ml,matara,Hepsiburada,3420.0,ok,https://www.hepsiburada.com/the-bottle-mystical-lions-500ml-pm-HBC0000BSSSKJ,Mareas
2026-10-01 13:18,Cool Bottles,The Bottle,Cool Bottles The Bottle - Good Vibes 500ML,,500ml,matara,Hepsiburada,3420.0,ok,https://www.hepsiburada.com/the-bottle-good-vibes-500ml-pm-HBC0000BST24G,Mareas
2026-10-01 13:18,Cool Bottles,The Bottle,Cool Bottles The Bottle - Floral Madness 500ML,,500ml,matara,Hepsiburada,3420.0,ok,https://www.hepsiburada.com/the-bottle-floral-madness-500ml-pm-HBC0000BSTJME,Mareas
2026-10-01 13:18,Cool Bottles,The Bottle,Cool Bottles The Bottle - Allegra 500ML,,500ml,matara,Hepsiburada,3420.0,ok,https://www.hepsiburada.com/the-bottle-allegra-500ml-pm-HBC0000BSTQ1W,Mareas
2026-10-01 13:18,Cool Bottles,Matara,Cool Bottles The Kids Bottle - Play Mode 500ML,,500ml,matara,Hepsiburada,3420.0,ok,https://www.hepsiburada.com/the-kids-bottle-play-mode-500ml-pm-HBC0000BSTISH,Mareas
2026-10-01 13:18,Cool Bottles,The Bottle,Cool Bottles The Bottle - Mediterranean 500ML,,500ml,matara,Hepsiburada,3420.0,ok,https://www.hepsiburada.com/the-bottle-mediterranean-500ml-pm-HBC0000BSSUQA,Mareas
2026-10-01 13:18,Cool Bottles,Matara,Cool Bottles The Kids Bottle - Curious Explorers 350ML,,350ml,matara,Hepsiburada,3150.0,ok,https://www.hepsiburada.com/the-kids-bottle-curious-explorers-350ml-pm-HBC0000BSTDLM,Mareas
2026-10-01 13:18,Cool Bottles,The Bottle,Cool Bottles The Bottle - Pastel Green 500ML,,500ml,matara,Hepsiburada,2519.9,ok,https://www.hepsiburada.com/the-bottle-pastel-green-500ml-pm-HBC0000BSTQOV,Mareas
2026-10-01 13:18,Cool Bottles,Matara,Cool Bottles The Kids Bottle - Magical Fairies 350ML,,350ml,matara,Hepsiburada,3150.0,ok,https://www.hepsiburada.com/the-kids-bottle-magical-fairies-350ml-pm-HBC0000BST8WQ,Mareas
2026-10-01 13:18,Cool Bottles,The Bottle,Cool Bottles The Bottle - Dragonfly Paradise 500ML,,500ml,matara,Hepsiburada,3420.0,ok,https://www.hepsiburada.com/the-bottle-dragonfly-paradise-500ml-pm-HBC0000BST0HH,Mareas
2026-10-01 13:18,Cool Bottles,Matara,Cool Bottles The Kids Bottle - Princess Kingdom 350ML,,350ml,matara,Hepsiburada,3150.0,ok,https://www.hepsiburada.com/the-kids-bottle-princess-kingdom-350ml-pm-HBC0000BSTNRL,Mareas
2026-10-01 13:18,Cool Bottles,The Bottle,Cool Bottles The Bottle - Pastel Green 350ML,,350ml,matara,Hepsiburada,2720.0,ok,https://www.hepsiburada.com/the-bottle-pastel-green-350ml-pm-HBC0000BSTFD1,Mareas
2026-10-01 13:18,Cool Bottles,The Bottle,Cool Bottles The Bottle - René 500ML,,500ml,matara,Hepsiburada,3420.0,ok,https://www.hepsiburada.com/the-bottle-ren-500ml-pm-HBC0000BSTKCT,Mareas
2026-10-01 13:18,Cool Bottles,The Bottle,Cool Bottles The Bottle - Vivid Blue 350ML,,350ml,matara,Hepsiburada,2720.0,ok,https://www.hepsiburada.com/the-bottle-vivid-blue-350ml-pm-HBC0000BSU9WP,Mareas
2026-10-01 13:18,Cool Bottles,Matara,Cool Bottles The Kids Bottle - Sweet Mermaids 350ML,,350ml,matara,Hepsiburada,3150.0,ok,https://www.hepsiburada.com/the-kids-bottle-sweet-mermaids-350ml-pm-HBC0000BSTM6N,Mareas
2026-10-01 13:18,Cool Bottles,Matara,Cool Bottles The Kids Bottle - Outdoor Adventure 500ML,,500ml,matara,Hepsiburada,3420.0,ok,https://www.hepsiburada.com/the-kids-bottle-outdoor-adventure-500ml-pm-HBC0000BSTFD3,Mareas
2026-10-01 13:18,Cool Bottles,Matara,Cool Bottles The Kiddie Bottle - Underwater World 350ML,,350ml,matara,Hepsiburada,3150.0,ok,https://www.hepsiburada.com/the-kiddie-bottle-underwater-world-350ml-pm-HBC0000BST047,Mareas
2026-10-01 13:18,Cool Bottles,Matara,Cool Bottles The Kids Bottle - Funny Unicorns 350ML,,350ml,matara,Hepsiburada,3150.0,ok,https://www.hepsiburada.com/the-kids-bottle-funny-unicorns-350ml-pm-HBC0000BSTHBB,Mareas
2026-10-01 13:18,Cool Bottles,Matara,Cool Bottles The Kiddie Bottle - Whisker Kittens 350ML,,350ml,matara,Hepsiburada,3150.0,ok,https://www.hepsiburada.com/the-kiddie-bottle-whisker-kittens-350ml-pm-HBC0000BSTGCP,Mareas
2026-10-01 13:18,Cool Bottles,Matara,Cool Bottles The Kids Bottle - Galactic Ride 500ML,,500ml,matara,Hepsiburada,3420.0,ok,https://www.hepsiburada.com/the-kids-bottle-galactic-ride-500ml-pm-HBC0000BSR09Q,Mareas
2026-10-01 13:18,Cool Bottles,Matara,Cool Bottles The Kids Bottle - Dragon Dreams 350ML,,350ml,matara,Hepsiburada,3150.0,ok,https://www.hepsiburada.com/the-kids-bottle-dragon-dreams-350ml-pm-HBC0000BST8NG,Mareas
2026-10-01 13:18,Cool Bottles,Matara,Cool Bottles The Kids Bottle - Messy Robots 350ML,,350ml,matara,Hepsiburada,3150.0,ok,https://www.hepsiburada.com/the-kids-bottle-messy-robots-350ml-pm-HBC0000BSSYCH,Mareas
2026-10-01 13:18,Cool Bottles,The Bottle,Cool Bottles The Bottle - Tudor Village 500ML,,500ml,matara,Hepsiburada,2819.9,ok,https://www.hepsiburada.com/the-bottle-tudor-village-500ml-pm-HBC0000BST9Q6,Mareas
2026-10-01 13:18,Cool Bottles,Matara,Cool Bottles The Kiddie Bottle - Woodland Buddies 350ML,,350ml,matara,Hepsiburada,3150.0,ok,https://www.hepsiburada.com/the-kiddie-bottle-woodland-buddies-350ml-pm-HBC0000BST9Q8,Mareas
2026-10-01 13:18,Cool Bottles,The Bottle,Cool Bottles The Bottle - Vivid Orange 750ML,,750ml,matara,Hepsiburada,3500.0,ok,https://www.hepsiburada.com/the-bottle-vivid-orange-750ml-pm-HBC0000BSSWRR,Mareas
2026-10-01 13:18,Cool Bottles,Matara,Cool Bottles The Kids Bottle - Candy Land 350ML,,350ml,matara,Hepsiburada,3150.0,ok,https://www.hepsiburada.com/the-kids-bottle-candy-land-350ml-pm-HBC0000BSTM6P,Mareas
2026-10-01 13:18,Sipnjoy,FlipSip,,cocuk termos,360ml,termos,Hepsiburada,2131.9,ok,https://www.hepsiburada.com/sipnjoy-flipsip-cocuk-su-termosu-360-ml-fly-pal-pm-HBC0000G0K7WF?magaza=SipnJoy,
2026-10-01 13:18,Sipnjoy,FlipSip,,cocuk termos,360ml,termos,Hepsiburada,,urun_bulunamadi,https://www.hepsiburada.com/sipnjoy-flipsip-cocuk-su-termosu-360-ml-firefighter-buddy-pm-HBC0000G0K7WC?magaza=SipnJoy,
2026-10-01 13:18,Sipnjoy,FlipSip,,cocuk termos,360ml,termos,Hepsiburada,,urun_bulunamadi,https://www.hepsiburada.com/sipnjoy-flipsip-cocuk-su-termosu-360-ml-bee-honey-pm-HBC0000G0K7WD?magaza=SipnJoy,
2026-10-01 13:18,Sipnjoy,SippyPals,,cocuk termos,360ml,termos,Hepsiburada,,urun_bulunamadi,https://www.hepsiburada.com/sipnjoy-sippypals-cocuk-su-termosu-360-ml-koyu-mavi-pm-HBC0000C5G4SC?magaza=SipnJoy,
2026-10-01 13:18,Sipnjoy,WideWonder,,cocuk termos,420ml,termos,Hepsiburada,,urun_bulunamadi,https://www.hepsiburada.com/sipnjoy-widewonder-cocuk-su-termosu-420-ml-swan-harmony-pm-HBC0000G0K8E3?magaza=SipnJoy,
2026-10-01 20:04,Sipnjoy,SipSquad,SipnJoy - SipSquad Plus Çocuk Su Termosu  | 480 ml - Fairy Sparkle,,480ml,termos,Hepsiburada,2390.0,ok,https://www.hepsiburada.com/sipnjoy-sipsquad-plus-cocuk-su-termosu-480-ml-fairy-sparkle-pm-HBC0000G0K7WI,SipnJoy
2026-10-01 20:04,Sipnjoy,FlipSip,SipnJoy - FlipSip Çocuk Su Termosu | 550 ml - Mermaid Dream,,550ml,termos,Hepsiburada,2290.0,ok,https://www.hepsiburada.com/sipnjoy-flipsip-cocuk-su-termosu-550-ml-golden-horn-pm-HBC0000I48X4A,SipnJoy
2026-10-01 20:04,Sipnjoy,SipSquad,SipnJoy - SipSquad Plus Çocuk Su Termosu  | 480 ml - Mermaid Dream,,480ml,termos,Hepsiburada,2390.0,ok,https://www.hepsiburada.com/sipnjoy-sipsquad-plus-cocuk-su-termosu-480-ml-mermaid-dream-pm-HBC0000G0K7WN,SipnJoy
2026-10-01 20:04,Sipnjoy,SipSquad,SipnJoy - SipSquad Plus Çocuk Su Termosu  | 480 ml - Golden Horn,,480ml,termos,Hepsiburada,2390.0,ok,https://www.hepsiburada.com/sipnjoy-sipsquad-plus-cocuk-su-termosu-480-ml-golden-horn-pm-HBC0000G0K7WM,SipnJoy
2026-10-01 20:04,Sipnjoy,SipSquad,SipnJoy - SipSquad Plus Çocuk Su Termosu  | 480 ml - Dino Roar,,480ml,termos,Hepsiburada,2390.0,ok,https://www.hepsiburada.com/sipnjoy-sipsquad-plus-cocuk-su-termosu-480-ml-dino-roar-pm-HBC0000G0K7WQ,SipnJoy
2026-10-01 20:04,Sipnjoy,SipSquad,SipnJoy - SipSquad Plus Çocuk Su Termosu  | 480 ml - Ballerina Sparkle,,480ml,termos,Hepsiburada,2390.0,ok,https://www.hepsiburada.com/sipnjoy-sipsquad-plus-cocuk-su-termosu-480-ml-ballerina-sparkle-pm-HBC0000FTT77G,SipnJoy
2026-10-01 20:04,Sipnjoy,SippyPals,,cocuk termos,360ml,termos,Hepsiburada,1990.0,ok,https://www.hepsiburada.com/sipnjoy-sippypals-cocuk-su-termosu-360-ml-mor-pm-HBC0000G0K8E5?magaza=SipnJoy,
2026-10-01 20:04,Sipnjoy,FlipSip,SipnJoy - FlipSip Çocuk Su Termosu | 360 ml - Builder Buddy,,360ml,termos,Hepsiburada,2090.0,ok,https://www.hepsiburada.com/sipnjoy-flipsip-cocuk-su-termosu-360-ml-builder-buddy-pm-HBC0000G0K7WA,SipnJoy
2026-10-01 20:04,Sipnjoy,FlipSip,SipnJoy - FlipSip Çocuk Su Termosu | 550 ml -  Builder Buddy,,550ml,termos,Hepsiburada,2290.0,ok,https://www.hepsiburada.com/sipnjoy-flipsip-cocuk-su-termosu-550-ml-golden-horn-pm-HBC0000I48X48,SipnJoy
2026-10-01 20:04,Sipnjoy,FlipSip,SipnJoy - FlipSip Çocuk Su Termosu | 550 ml - Star Explorer,,550ml,termos,Hepsiburada,2290.0,ok,https://www.hepsiburada.com/sipnjoy-flipsip-cocuk-su-termosu-550-ml-golden-horn-pm-HBC0000I48X4C,SipnJoy
2026-10-01 20:04,Sipnjoy,FlipSip,SipnJoy - FlipSip Çocuk Su Termosu | 360 ml - Fairy Sparkle,,360ml,termos,Hepsiburada,2090.0,ok,https://www.hepsiburada.com/sipnjoy-lila-renkli-cocuk-su-termosu-360-ml-paslanmaz-celik-ergonomik-tasarim-ozellikli-pm-HBC0000G0K8EZ,SipnJoy
2026-10-01 20:04,Sipnjoy,FlipSip,SipnJoy - FlipSip Çocuk Su Termosu | 360 ml - Ballerina Sparkle,,360ml,termos,Hepsiburada,2090.0,ok,https://www.hepsiburada.com/sipnjoy-flipsip-cocuk-su-termosu-360-ml-ballerina-sparkle-p-HBCV0000G0KZF9,SipnJoy
2026-10-01 20:04,Sipnjoy,SipSquad,SipnJoy - SipSquad Plus Çocuk Su Termosu  | 480 ml - Star Explorer,,480ml,termos,Hepsiburada,2390.0,ok,https://www.hepsiburada.com/sipnjoy-sipsquad-plus-cocuk-su-termosu-480-ml-star-explorer-pm-HBC0000G0K7WP,SipnJoy
2026-10-01 20:04,Sipnjoy,FlipSip,SipnJoy - FlipSip Çocuk Su Termosu | 360 ml - Rescue Crew,,360ml,termos,Hepsiburada,2090.0,ok,https://www.hepsiburada.com/sipnjoy-flipsip-cocuk-su-termosu-360-ml-rescue-crew-pm-HBC0000G0K7WB,SipnJoy
2026-10-01 20:04,Sipnjoy,Handlehug,SipnJoy - HandleHug Tumbler | 550 ml - Lila,,550ml,tumbler,Hepsiburada,2190.0,ok,https://www.hepsiburada.com/sipnjoy-handlehug-tumbler-550-ml-lila-pm-HBC0000G0K7W9,SipnJoy
2026-10-01 20:04,Sipnjoy,FlipSip,SipnJoy - FlipSip Çocuk Su Termosu | 360 ml - Star Explorer,,360ml,termos,Hepsiburada,2090.0,ok,https://www.hepsiburada.com/sipnjoy-flipsip-cocuk-su-termosu-360-ml-star-explorer-pm-HBC0000G0K8EK,SipnJoy
2026-10-01 20:04,Sipnjoy,FlipSip,SipnJoy - FlipSip Çocuk Su Termosu | 360 ml - Lively Roar,,360ml,termos,Hepsiburada,2090.0,ok,https://www.hepsiburada.com/sipnjoy-flipsip-cocuk-su-termosu-360-ml-lively-roar-pm-HBC0000G0K7WJ,SipnJoy
2026-10-01 20:04,Sipnjoy,StrawBuddy,SipnJoy - StrawBuddy Tumbler | 360 ml - Turuncu,,360ml,tumbler,Hepsiburada,1590.0,ok,https://www.hepsiburada.com/sipnjoy-strawbuddy-tumbler-360-ml-pm-HBC0000G0K8EW,SipnJoy
2026-10-01 20:04,Sipnjoy,SipSquad,SipnJoy - SipSquad Plus Çocuk Su Termosu  | 480 ml - Snappy Croc,,480ml,termos,Hepsiburada,2390.0,ok,https://www.hepsiburada.com/sipnjoy-sipsquad-plus-cocuk-su-termosu-480-ml-snappy-croc-pm-HBC0000G0K7WR,SipnJoy
2026-10-01 20:04,Sipnjoy,FlipSip,,cocuk termos,360ml,termos,Hepsiburada,2090.0,ok,https://www.hepsiburada.com/sipnjoy-flipsip-cocuk-su-termosu-360-ml-paslanmaz-celik-koyu-pembe-ergonomik-tasarim-pm-HBC0000G0K8EH?magaza=SipnJoy,
2026-10-01 20:04,Sipnjoy,FlipSip,SipnJoy - FlipSip Çocuk Su Termosu | 360 ml - Turtle Voyage,,360ml,termos,Hepsiburada,2090.0,ok,https://www.hepsiburada.com/sipnjoy-flipsip-cocuk-su-termosu-360-ml-turtle-voyage-p-HBCV0000FTTM3R,SipnJoy
2026-10-01 20:04,Sipnjoy,FlipSip,SipnJoy - FlipSip Çocuk Su Termosu | 550 ml -  Dino Roar,,550ml,termos,Hepsiburada,2290.0,ok,https://www.hepsiburada.com/sipnjoy-flipsip-cocuk-su-termosu-550-ml-golden-horn-pm-HBC0000I48X4B,SipnJoy
2026-10-01 20:04,Sipnjoy,Handlehug,SipnJoy - HandleHug Tumbler | 550 ml - Mint,,550ml,tumbler,Hepsiburada,2190.0,ok,https://www.hepsiburada.com/sipnjoy-handlehug-tumbler-550-ml-pm-HBC0000910TFA,SipnJoy
2026-10-01 20:04,Sipnjoy,FlipSip,SipnJoy - FlipSip Çocuk Su Termosu | 550 ml - Snappy Croc,,550ml,termos,Hepsiburada,2290.0,ok,https://www.hepsiburada.com/sipnjoy-flipsip-cocuk-su-termosu-550-ml-golden-horn-pm-HBC0000I48X49,SipnJoy
2026-10-01 20:04,Sipnjoy,FlipSip,Sipnjoy - Flipsip Çocuk Su Termosu | 550 ml - Golden Horn,,550ml,termos,Hepsiburada,2290.0,ok,https://www.hepsiburada.com/sipnjoy-flipsip-cocuk-su-termosu-550-ml-golden-horn-pm-HBC0000G0I4B9,SipnJoy
2026-10-01 20:04,Sipnjoy,FlipSip,SipnJoy - FlipSip Çocuk Su Termosu | 360 ml -  Dino Roar,,360ml,termos,Hepsiburada,2090.0,ok,https://www.hepsiburada.com/sipnjoy-flipsip-cocuk-su-termosu-360-ml-dino-roar-pm-HBC0000G0K8EJ,SipnJoy
2026-10-01 20:04,Sipnjoy,StrawBuddy,SipnJoy - StrawBuddy Tumbler | 360 ml - Sarı,,360ml,tumbler,Hepsiburada,1590.0,ok,https://www.hepsiburada.com/sipnjoy-strawbuddy-tumbler-360-ml-pm-HBC0000G0K8EP,SipnJoy
2026-10-01 20:04,Sipnjoy,StrawBuddy,SipnJoy - StrawBuddy Tumbler | 360 ml - Aqua,,360ml,tumbler,Hepsiburada,1590.0,ok,https://www.hepsiburada.com/sipnjoy-strawbuddy-tumbler-360-ml-pm-HBC0000910SIS,SipnJoy
2026-10-01 20:04,Sipnjoy,Handlehug,SipnJoy - HandleHug Tumbler | 550 ml - Sarı,,550ml,tumbler,Hepsiburada,2190.0,ok,https://www.hepsiburada.com/sipnjoy-handlehug-sari-termos-550-ml-paslanmaz-celik-ile-cocuklar-icin-ergonomik-tasarim-pm-HBC0000G0K8EL,SipnJoy
2026-10-01 20:04,Sipnjoy,FlipSip,SipnJoy - FlipSip Çocuk Su Termosu | 360 ml - Adventure Trails,,360ml,termos,Hepsiburada,2090.0,ok,https://www.hepsiburada.com/sipnjoy-flipsip-cocuk-su-termosu-360-ml-adventure-trail-pm-HBC0000G0K8EI,SipnJoy
2026-10-01 20:04,Sipnjoy,FlipSip,SipnJoy - FlipSip Çocuk Su Termosu | 360 ml - Snappy Croc,,360ml,termos,Hepsiburada,2090.0,ok,https://www.hepsiburada.com/sipnjoy-flipsip-cocuk-su-termosu-360-ml-pm-HBC0000FYUU2Z,SipnJoy
2026-10-01 20:04,Sipnjoy,Handlehug,SipnJoy - HandleHug Tumbler | 550 ml - Pembe,,550ml,tumbler,Hepsiburada,2190.0,ok,https://www.hepsiburada.com/sipnjoy-550-ml-termos-pembe-renkli-paslanmaz-celik-handlehug-tumbler-ergonomik-tasarim-pm-HBC0000G0K8EX,SipnJoy
2026-10-01 20:04,Sipnjoy,Handlehug,SipnJoy - HandleHug Tumbler | 550 ml - Limon,,550ml,tumbler,Hepsiburada,2190.0,ok,https://www.hepsiburada.com/sipnjoy-handlehug-tumbler-550-ml-limon-pm-HBC0000G0K7W7,SipnJoy
2026-10-01 20:04,Sipnjoy,Handlehug,SipnJoy - HandleHug Tumbler | 550 ml - Lacivert,,550ml,tumbler,Hepsiburada,2190.0,ok,https://www.hepsiburada.com/sipnjoy-handlehug-tumbler-550-ml-lacivert-pm-HBC0000G0K7W8,SipnJoy
2026-10-01 20:04,Sipnjoy,FlipSip,,cocuk termos,360ml,termos,Hepsiburada,2090.0,ok,https://www.hepsiburada.com/sipnjoy-flipsip-cocuk-su-termosu-360-ml-jungle-jam-pm-HBC0000G0K7WG?magaza=SipnJoy,
2026-10-01 20:04,Sipnjoy,Handlehug,SipnJoy - HandleHug Tumbler | 550 ml - Turkuaz,,550ml,tumbler,Hepsiburada,2190.0,ok,https://www.hepsiburada.com/sipnjoy-handlehug-tumbler-550-ml-turkuaz-pm-HBC0000G0K7W5,SipnJoy
2026-10-01 20:04,Sipnjoy,FlipSip,SipnJoy - FlipSip Çocuk Su Termosu | 360 ml - Jolly Elephant,,360ml,termos,Hepsiburada,2090.0,ok,https://www.hepsiburada.com/sipnjoy-flipsip-cocuk-su-termosu-360-ml-jolly-elephant-pm-HBC0000FTT9N7,SipnJoy
2026-10-01 20:04,Sipnjoy,FlipSip,SipnJoy - FlipSip Çocuk Su Termosu | 360 ml - Twisty Joy,,360ml,termos,Hepsiburada,2090.0,ok,https://www.hepsiburada.com/sipnjoy-flipsip-cocuk-su-termosu-360-ml-twisty-joy-pm-HBC0000G0K7WL,SipnJoy
2026-10-01 20:04,Sipnjoy,Handlehug,SipnJoy - HandleHug Tumbler | 550 ml - Turuncu,,550ml,tumbler,Hepsiburada,2190.0,ok,https://www.hepsiburada.com/sipnjoy-550-ml-turuncu-termos-handlehug-tumbler-paslanmaz-celik-malzemeden-ergonomik-tasarim-pm-HBC0000G0K8EV,SipnJoy
2026-10-01 20:04,Sipnjoy,Handlehug,SipnJoy - HandleHug Tumbler | 550 ml - Pudra Pembe,,550ml,tumbler,Hepsiburada,2190.0,ok,https://www.hepsiburada.com/sipnjoy-handlehug-tumbler-550-ml-pudra-pembe-pm-HBC0000G0K7W6,SipnJoy
2026-10-01 20:04,Sipnjoy,FlipSip,SipnJoy - FlipSip Çocuk Su Termosu | 360 ml - Giggle Giraffe,,360ml,termos,Hepsiburada,2090.0,ok,https://www.hepsiburada.com/sipnjoy-flipsip-cocuk-su-termosu-360-ml-giggle-giraffe-pm-HBC0000G0K7WK,SipnJoy
2026-10-01 20:04,Cool Bottles,The Bottle,Cool Bottles The Bottle El Tipo Raro Positive Revolution 500 ml Matara,,500ml,matara,Hepsiburada,3420.0,ok,https://www.hepsiburada.com/cool-bottles-the-bottle-el-tipo-raro-positive-revolution-500-ml-matara-pm-HBC0000JR2HLE,Mareas
2026-10-01 20:04,Cool Bottles,The Bottle,Cool Bottles The Bottle Sticker Fever 500 ml Matara,,500ml,matara,Hepsiburada,3420.0,ok,https://www.hepsiburada.com/cool-bottles-the-bottle-sticker-fever-500-ml-matara-pm-HBC0000JR21DD,Mareas
2026-10-01 20:04,Cool Bottles,Matara,Cool Bottles The Kids Bottle Music Beat 350 ml Çocuk Matarası,,350ml,matara,Hepsiburada,3150.0,ok,https://www.hepsiburada.com/cool-bottles-the-kids-bottle-music-beat-350-ml-cocuk-matarasi-pm-HBC0000JR2411,Mareas
2026-10-01 20:04,Cool Bottles,Matara,Cool Bottles The Kiddie Bottle Sprt& Sprinkles Land 350 ml Çocuk Matarası,,350ml,matara,Hepsiburada,3150.0,ok,https://www.hepsiburada.com/cool-bottles-the-kiddie-bottle-sprt-sprinkles-land-350-ml-cocuk-matarasi-pm-HBC0000JR28D2,Mareas
2026-10-01 20:04,Cool Bottles,Matara,Cool Bottles The Kids Bottle - Rolling Skaters 500ML,,500ml,matara,Hepsiburada,3420.0,ok,https://www.hepsiburada.com/the-kids-bottle-rolling-skaters-500ml-pm-HBC0000BST045,Mareas
2026-10-01 20:04,Cool Bottles,The Bottle,Cool Bottles The Bottle Patch Zone 500 ml Matara,,500ml,matara,Hepsiburada,3420.0,ok,https://www.hepsiburada.com/cool-bottles-the-bottle-patch-zone-500-ml-matara-pm-HBC0000JR2EVV,Mareas
2026-10-01 20:04,Cool Bottles,The Bottle,Cool Bottles The Bottle Moniquilla Rock Garden 500 ml Matara,,500ml,matara,Hepsiburada,3420.0,ok,https://www.hepsiburada.com/cool-bottles-the-bottle-moniquilla-rock-garden-500-ml-matara-pm-HBC0000JR2BV7,Mareas
2026-10-01 20:04,Cool Bottles,Matara,Cool Bottles The Kids Bottle Sprt& Pink Scoop 350 ml Çocuk Matarası,,350ml,matara,Hepsiburada,3150.0,ok,https://www.hepsiburada.com/cool-bottles-the-kids-bottle-sprt-pink-scoop-350-ml-cocuk-matarasi-pm-HBC0000JR2CCR,Mareas
2026-10-01 20:04,Cool Bottles,Matara,Cool Bottles The Kids Bottle Sprt& Blue Scoop 350 ml Çocuk Matarası,,350ml,matara,Hepsiburada,3150.0,ok,https://www.hepsiburada.com/cool-bottles-the-kids-bottle-sprt-blue-scoop-350-ml-cocuk-matarasi-pm-HBC0000JR22NO,Mareas
2026-10-01 20:04,Cool Bottles,Matara,Cool Bottles The Kiddie Bottle - Roar Time 350ML,,350ml,matara,Hepsiburada,3150.0,ok,https://www.hepsiburada.com/the-kiddie-bottle-roar-time-350ml-pm-HBC0000BSSYCJ,Mareas
2026-10-01 20:04,Cool Bottles,Matara,Cool Bottles The Kids Bottle - Jurassic Era 350ML,,350ml,matara,Hepsiburada,3150.0,ok,https://www.hepsiburada.com/the-kids-bottle-jurassic-era-350ml-pm-HBC0000BSTMRV,Mareas
2026-10-01 20:04,Cool Bottles,Matara,Cool Bottles The Kiddie Bottle - Rainbow Clouds 350ML,,350ml,matara,Hepsiburada,3150.0,ok,https://www.hepsiburada.com/the-kiddie-bottle-rainbow-clouds-350ml-pm-HBC0000BSTR6U,Mareas
2026-10-01 20:04,Cool Bottles,Matara,Cool Bottles The Kiddie Bottle - Little Wheels 350ML,,350ml,matara,Hepsiburada,3150.0,ok,https://www.hepsiburada.com/the-kiddie-bottle-little-wheels-350ml-pm-HBC0000BSOJ6X,Mareas
2026-10-01 20:04,Cool Bottles,The Bottle,Cool Bottles The Bottle - Mystical Lions 500ML,,500ml,matara,Hepsiburada,3420.0,ok,https://www.hepsiburada.com/the-bottle-mystical-lions-500ml-pm-HBC0000BSSSKJ,Mareas
2026-10-01 20:04,Cool Bottles,The Bottle,Cool Bottles The Bottle - Good Vibes 500ML,,500ml,matara,Hepsiburada,3420.0,ok,https://www.hepsiburada.com/the-bottle-good-vibes-500ml-pm-HBC0000BST24G,Mareas
2026-10-01 20:04,Cool Bottles,The Bottle,Cool Bottles The Bottle - Floral Madness 500ML,,500ml,matara,Hepsiburada,3420.0,ok,https://www.hepsiburada.com/the-bottle-floral-madness-500ml-pm-HBC0000BSTJME,Mareas
2026-10-01 20:04,Cool Bottles,The Bottle,Cool Bottles The Bottle - Allegra 500ML,,500ml,matara,Hepsiburada,3420.0,ok,https://www.hepsiburada.com/the-bottle-allegra-500ml-pm-HBC0000BSTQ1W,Mareas
2026-10-01 20:04,Cool Bottles,Matara,Cool Bottles The Kids Bottle - Play Mode 500ML,,500ml,matara,Hepsiburada,3420.0,ok,https://www.hepsiburada.com/the-kids-bottle-play-mode-500ml-pm-HBC0000BSTISH,Mareas
2026-10-01 20:04,Cool Bottles,The Bottle,Cool Bottles The Bottle - Mediterranean 500ML,,500ml,matara,Hepsiburada,3420.0,ok,https://www.hepsiburada.com/the-bottle-mediterranean-500ml-pm-HBC0000BSSUQA,Mareas
2026-10-01 20:04,Cool Bottles,Matara,Cool Bottles The Kids Bottle - Curious Explorers 350ML,,350ml,matara,Hepsiburada,3150.0,ok,https://www.hepsiburada.com/the-kids-bottle-curious-explorers-350ml-pm-HBC0000BSTDLM,Mareas
2026-10-01 20:04,Cool Bottles,The Bottle,Cool Bottles The Bottle - Pastel Green 500ML,,500ml,matara,Hepsiburada,2519.9,ok,https://www.hepsiburada.com/the-bottle-pastel-green-500ml-pm-HBC0000BSTQOV,Mareas
2026-10-01 20:04,Cool Bottles,Matara,Cool Bottles The Kids Bottle - Princess Kingdom 350ML,,350ml,matara,Hepsiburada,3150.0,ok,https://www.hepsiburada.com/the-kids-bottle-princess-kingdom-350ml-pm-HBC0000BSTNRL,Mareas
2026-10-01 20:04,Cool Bottles,Matara,Cool Bottles The Kids Bottle - Magical Fairies 350ML,,350ml,matara,Hepsiburada,3150.0,ok,https://www.hepsiburada.com/the-kids-bottle-magical-fairies-350ml-pm-HBC0000BST8WQ,Mareas
2026-10-01 20:04,Cool Bottles,The Bottle,Cool Bottles The Bottle - Dragonfly Paradise 500ML,,500ml,matara,Hepsiburada,3420.0,ok,https://www.hepsiburada.com/the-bottle-dragonfly-paradise-500ml-pm-HBC0000BST0HH,Mareas
2026-10-01 20:04,Cool Bottles,The Bottle,Cool Bottles The Bottle - René 500ML,,500ml,matara,Hepsiburada,3420.0,ok,https://www.hepsiburada.com/the-bottle-ren-500ml-pm-HBC0000BSTKCT,Mareas
2026-10-01 20:04,Cool Bottles,The Bottle,Cool Bottles The Bottle - Pastel Green 350ML,,350ml,matara,Hepsiburada,2720.0,ok,https://www.hepsiburada.com/the-bottle-pastel-green-350ml-pm-HBC0000BSTFD1,Mareas
2026-10-01 20:04,Cool Bottles,The Bottle,Cool Bottles The Bottle - Vivid Blue 350ML,,350ml,matara,Hepsiburada,2720.0,ok,https://www.hepsiburada.com/the-bottle-vivid-blue-350ml-pm-HBC0000BSU9WP,Mareas
2026-10-01 20:04,Cool Bottles,Matara,Cool Bottles The Kids Bottle - Sweet Mermaids 350ML,,350ml,matara,Hepsiburada,3150.0,ok,https://www.hepsiburada.com/the-kids-bottle-sweet-mermaids-350ml-pm-HBC0000BSTM6N,Mareas
2026-10-01 20:04,Cool Bottles,Matara,Cool Bottles The Kids Bottle - Outdoor Adventure 500ML,,500ml,matara,Hepsiburada,3420.0,ok,https://www.hepsiburada.com/the-kids-bottle-outdoor-adventure-500ml-pm-HBC0000BSTFD3,Mareas
2026-10-01 20:04,Cool Bottles,Matara,Cool Bottles The Kiddie Bottle - Underwater World 350ML,,350ml,matara,Hepsiburada,3150.0,ok,https://www.hepsiburada.com/the-kiddie-bottle-underwater-world-350ml-pm-HBC0000BST047,Mareas
2026-10-01 20:04,Cool Bottles,Matara,Cool Bottles The Kiddie Bottle - Whisker Kittens 350ML,,350ml,matara,Hepsiburada,3150.0,ok,https://www.hepsiburada.com/the-kiddie-bottle-whisker-kittens-350ml-pm-HBC0000BSTGCP,Mareas
2026-10-01 20:04,Cool Bottles,Matara,Cool Bottles The Kids Bottle - Funny Unicorns 350ML,,350ml,matara,Hepsiburada,3150.0,ok,https://www.hepsiburada.com/the-kids-bottle-funny-unicorns-350ml-pm-HBC0000BSTHBB,Mareas
2026-10-01 20:04,Cool Bottles,Matara,Cool Bottles The Kids Bottle - Galactic Ride 500ML,,500ml,matara,Hepsiburada,3420.0,ok,https://www.hepsiburada.com/the-kids-bottle-galactic-ride-500ml-pm-HBC0000BSR09Q,Mareas
2026-10-01 20:04,Cool Bottles,Matara,Cool Bottles The Kids Bottle - Dragon Dreams 350ML,,350ml,matara,Hepsiburada,3150.0,ok,https://www.hepsiburada.com/the-kids-bottle-dragon-dreams-350ml-pm-HBC0000BST8NG,Mareas
2026-10-01 20:04,Cool Bottles,Matara,Cool Bottles The Kids Bottle - Messy Robots 350ML,,350ml,matara,Hepsiburada,3150.0,ok,https://www.hepsiburada.com/the-kids-bottle-messy-robots-350ml-pm-HBC0000BSSYCH,Mareas
2026-10-01 20:04,Cool Bottles,The Bottle,Cool Bottles The Bottle - Tudor Village 500ML,,500ml,matara,Hepsiburada,2819.9,ok,https://www.hepsiburada.com/the-bottle-tudor-village-500ml-pm-HBC0000BST9Q6,Mareas
2026-10-01 20:04,Cool Bottles,Matara,Cool Bottles The Kiddie Bottle - Woodland Buddies 350ML,,350ml,matara,Hepsiburada,3150.0,ok,https://www.hepsiburada.com/the-kiddie-bottle-woodland-buddies-350ml-pm-HBC0000BST9Q8,Mareas
2026-10-01 20:04,Cool Bottles,The Bottle,Cool Bottles The Bottle - Vivid Orange 750ML,,750ml,matara,Hepsiburada,3500.0,ok,https://www.hepsiburada.com/the-bottle-vivid-orange-750ml-pm-HBC0000BSSWRR,Mareas
2026-10-01 20:04,Cool Bottles,Matara,Cool Bottles The Kids Bottle - Candy Land 350ML,,350ml,matara,Hepsiburada,3150.0,ok,https://www.hepsiburada.com/the-kids-bottle-candy-land-350ml-pm-HBC0000BSTM6P,Mareas
2026-10-01 20:04,Sipnjoy,FlipSip,,cocuk termos,360ml,termos,Hepsiburada,,urun_bulunamadi,https://www.hepsiburada.com/sipnjoy-flipsip-cocuk-su-termosu-360-ml-fly-pal-pm-HBC0000G0K7WF?magaza=SipnJoy,
2026-10-01 20:04,Sipnjoy,FlipSip,,cocuk termos,360ml,termos,Hepsiburada,,urun_bulunamadi,https://www.hepsiburada.com/sipnjoy-flipsip-cocuk-su-termosu-360-ml-firefighter-buddy-pm-HBC0000G0K7WC?magaza=SipnJoy,
2026-10-01 20:04,Sipnjoy,FlipSip,,cocuk termos,360ml,termos,Hepsiburada,,urun_bulunamadi,https://www.hepsiburada.com/sipnjoy-flipsip-cocuk-su-termosu-360-ml-bee-honey-pm-HBC0000G0K7WD?magaza=SipnJoy,
2026-10-01 20:04,Sipnjoy,SippyPals,,cocuk termos,360ml,termos,Hepsiburada,,urun_bulunamadi,https://www.hepsiburada.com/sipnjoy-sippypals-cocuk-su-termosu-360-ml-koyu-mavi-pm-HBC0000C5G4SC?magaza=SipnJoy,
2026-10-01 20:04,Sipnjoy,WideWonder,,cocuk termos,420ml,termos,Hepsiburada,,urun_bulunamadi,https://www.hepsiburada.com/sipnjoy-widewonder-cocuk-su-termosu-420-ml-swan-harmony-pm-HBC0000G0K8E3?magaza=SipnJoy,
2026-10-02 00:53,Sipnjoy,SipSquad,SipnJoy - SipSquad Plus Çocuk Su Termosu  | 480 ml - Fairy Sparkle,,480ml,termos,Hepsiburada,2390.0,ok,https://www.hepsiburada.com/sipnjoy-sipsquad-plus-cocuk-su-termosu-480-ml-fairy-sparkle-pm-HBC0000G0K7WI,SipnJoy
2026-10-02 00:53,Sipnjoy,FlipSip,SipnJoy - FlipSip Çocuk Su Termosu | 550 ml - Mermaid Dream,,550ml,termos,Hepsiburada,2290.0,ok,https://www.hepsiburada.com/sipnjoy-flipsip-cocuk-su-termosu-550-ml-golden-horn-pm-HBC0000I48X4A,SipnJoy
2026-10-02 00:53,Sipnjoy,SipSquad,SipnJoy - SipSquad Plus Çocuk Su Termosu  | 480 ml - Mermaid Dream,,480ml,termos,Hepsiburada,2390.0,ok,https://www.hepsiburada.com/sipnjoy-sipsquad-plus-cocuk-su-termosu-480-ml-mermaid-dream-pm-HBC0000G0K7WN,SipnJoy
2026-10-02 00:53,Sipnjoy,SipSquad,SipnJoy - SipSquad Plus Çocuk Su Termosu  | 480 ml - Golden Horn,,480ml,termos,Hepsiburada,2390.0,ok,https://www.hepsiburada.com/sipnjoy-sipsquad-plus-cocuk-su-termosu-480-ml-golden-horn-pm-HBC0000G0K7WM,SipnJoy
2026-10-02 00:53,Sipnjoy,SipSquad,SipnJoy - SipSquad Plus Çocuk Su Termosu  | 480 ml - Dino Roar,,480ml,termos,Hepsiburada,2390.0,ok,https://www.hepsiburada.com/sipnjoy-sipsquad-plus-cocuk-su-termosu-480-ml-dino-roar-pm-HBC0000G0K7WQ,SipnJoy
2026-10-02 00:53,Sipnjoy,SipSquad,SipnJoy - SipSquad Plus Çocuk Su Termosu  | 480 ml - Ballerina Sparkle,,480ml,termos,Hepsiburada,2390.0,ok,https://www.hepsiburada.com/sipnjoy-sipsquad-plus-cocuk-su-termosu-480-ml-ballerina-sparkle-pm-HBC0000FTT77G,SipnJoy
2026-10-02 00:53,Sipnjoy,SippyPals,,cocuk termos,360ml,termos,Hepsiburada,1990.0,ok,https://www.hepsiburada.com/sipnjoy-sippypals-cocuk-su-termosu-360-ml-mor-pm-HBC0000G0K8E5?magaza=SipnJoy,
2026-10-02 00:53,Sipnjoy,FlipSip,SipnJoy - FlipSip Çocuk Su Termosu | 360 ml - Builder Buddy,,360ml,termos,Hepsiburada,2090.0,ok,https://www.hepsiburada.com/sipnjoy-flipsip-cocuk-su-termosu-360-ml-builder-buddy-pm-HBC0000G0K7WA,SipnJoy
2026-10-02 00:53,Sipnjoy,FlipSip,SipnJoy - FlipSip Çocuk Su Termosu | 550 ml -  Builder Buddy,,550ml,termos,Hepsiburada,2290.0,ok,https://www.hepsiburada.com/sipnjoy-flipsip-cocuk-su-termosu-550-ml-golden-horn-pm-HBC0000I48X48,SipnJoy
2026-10-02 00:53,Sipnjoy,FlipSip,SipnJoy - FlipSip Çocuk Su Termosu | 550 ml - Star Explorer,,550ml,termos,Hepsiburada,2290.0,ok,https://www.hepsiburada.com/sipnjoy-flipsip-cocuk-su-termosu-550-ml-golden-horn-pm-HBC0000I48X4C,SipnJoy
2026-10-02 00:53,Sipnjoy,FlipSip,SipnJoy - FlipSip Çocuk Su Termosu | 360 ml - Fairy Sparkle,,360ml,termos,Hepsiburada,2090.0,ok,https://www.hepsiburada.com/sipnjoy-lila-renkli-cocuk-su-termosu-360-ml-paslanmaz-celik-ergonomik-tasarim-ozellikli-pm-HBC0000G0K8EZ,SipnJoy
2026-10-02 00:53,Sipnjoy,FlipSip,SipnJoy - FlipSip Çocuk Su Termosu | 360 ml - Ballerina Sparkle,,360ml,termos,Hepsiburada,2090.0,ok,https://www.hepsiburada.com/sipnjoy-flipsip-cocuk-su-termosu-360-ml-ballerina-sparkle-p-HBCV0000G0KZF9,SipnJoy
2026-10-02 00:53,Sipnjoy,SipSquad,SipnJoy - SipSquad Plus Çocuk Su Termosu  | 480 ml - Star Explorer,,480ml,termos,Hepsiburada,2390.0,ok,https://www.hepsiburada.com/sipnjoy-sipsquad-plus-cocuk-su-termosu-480-ml-star-explorer-pm-HBC0000G0K7WP,SipnJoy
2026-10-02 00:53,Sipnjoy,FlipSip,SipnJoy - FlipSip Çocuk Su Termosu | 360 ml - Rescue Crew,,360ml,termos,Hepsiburada,2090.0,ok,https://www.hepsiburada.com/sipnjoy-flipsip-cocuk-su-termosu-360-ml-rescue-crew-pm-HBC0000G0K7WB,SipnJoy
2026-10-02 00:53,Sipnjoy,Handlehug,SipnJoy - HandleHug Tumbler | 550 ml - Lila,,550ml,tumbler,Hepsiburada,2190.0,ok,https://www.hepsiburada.com/sipnjoy-handlehug-tumbler-550-ml-lila-pm-HBC0000G0K7W9,SipnJoy
2026-10-02 00:53,Sipnjoy,FlipSip,SipnJoy - FlipSip Çocuk Su Termosu | 360 ml - Star Explorer,,360ml,termos,Hepsiburada,2090.0,ok,https://www.hepsiburada.com/sipnjoy-flipsip-cocuk-su-termosu-360-ml-star-explorer-pm-HBC0000G0K8EK,SipnJoy
2026-10-02 00:53,Sipnjoy,FlipSip,SipnJoy - FlipSip Çocuk Su Termosu | 360 ml - Lively Roar,,360ml,termos,Hepsiburada,2090.0,ok,https://www.hepsiburada.com/sipnjoy-flipsip-cocuk-su-termosu-360-ml-lively-roar-pm-HBC0000G0K7WJ,SipnJoy
2026-10-02 00:53,Sipnjoy,StrawBuddy,SipnJoy - StrawBuddy Tumbler | 360 ml - Turuncu,,360ml,tumbler,Hepsiburada,1590.0,ok,https://www.hepsiburada.com/sipnjoy-strawbuddy-tumbler-360-ml-pm-HBC0000G0K8EW,SipnJoy
2026-10-02 00:53,Sipnjoy,SipSquad,SipnJoy - SipSquad Plus Çocuk Su Termosu  | 480 ml - Snappy Croc,,480ml,termos,Hepsiburada,2390.0,ok,https://www.hepsiburada.com/sipnjoy-sipsquad-plus-cocuk-su-termosu-480-ml-snappy-croc-pm-HBC0000G0K7WR,SipnJoy
2026-10-02 00:53,Sipnjoy,FlipSip,,cocuk termos,360ml,termos,Hepsiburada,2090.0,ok,https://www.hepsiburada.com/sipnjoy-flipsip-cocuk-su-termosu-360-ml-paslanmaz-celik-koyu-pembe-ergonomik-tasarim-pm-HBC0000G0K8EH?magaza=SipnJoy,
2026-10-02 00:53,Sipnjoy,FlipSip,SipnJoy - FlipSip Çocuk Su Termosu | 360 ml - Turtle Voyage,,360ml,termos,Hepsiburada,2090.0,ok,https://www.hepsiburada.com/sipnjoy-flipsip-cocuk-su-termosu-360-ml-turtle-voyage-p-HBCV0000FTTM3R,SipnJoy
2026-10-02 00:53,Sipnjoy,FlipSip,SipnJoy - FlipSip Çocuk Su Termosu | 550 ml -  Dino Roar,,550ml,termos,Hepsiburada,2290.0,ok,https://www.hepsiburada.com/sipnjoy-flipsip-cocuk-su-termosu-550-ml-golden-horn-pm-HBC0000I48X4B,SipnJoy
2026-10-02 00:53,Sipnjoy,Handlehug,SipnJoy - HandleHug Tumbler | 550 ml - Mint,,550ml,tumbler,Hepsiburada,2190.0,ok,https://www.hepsiburada.com/sipnjoy-handlehug-tumbler-550-ml-pm-HBC0000910TFA,SipnJoy
2026-10-02 00:53,Sipnjoy,FlipSip,SipnJoy - FlipSip Çocuk Su Termosu | 550 ml - Snappy Croc,,550ml,termos,Hepsiburada,2290.0,ok,https://www.hepsiburada.com/sipnjoy-flipsip-cocuk-su-termosu-550-ml-golden-horn-pm-HBC0000I48X49,SipnJoy
2026-10-02 00:53,Sipnjoy,FlipSip,Sipnjoy - Flipsip Çocuk Su Termosu | 550 ml - Golden Horn,,550ml,termos,Hepsiburada,2290.0,ok,https://www.hepsiburada.com/sipnjoy-flipsip-cocuk-su-termosu-550-ml-golden-horn-pm-HBC0000G0I4B9,SipnJoy
2026-10-02 00:53,Sipnjoy,FlipSip,SipnJoy - FlipSip Çocuk Su Termosu | 360 ml -  Dino Roar,,360ml,termos,Hepsiburada,2090.0,ok,https://www.hepsiburada.com/sipnjoy-flipsip-cocuk-su-termosu-360-ml-dino-roar-pm-HBC0000G0K8EJ,SipnJoy
2026-10-02 00:53,Sipnjoy,StrawBuddy,SipnJoy - StrawBuddy Tumbler | 360 ml - Sarı,,360ml,tumbler,Hepsiburada,1590.0,ok,https://www.hepsiburada.com/sipnjoy-strawbuddy-tumbler-360-ml-pm-HBC0000G0K8EP,SipnJoy
2026-10-02 00:53,Sipnjoy,StrawBuddy,SipnJoy - StrawBuddy Tumbler | 360 ml - Aqua,,360ml,tumbler,Hepsiburada,1590.0,ok,https://www.hepsiburada.com/sipnjoy-strawbuddy-tumbler-360-ml-pm-HBC0000910SIS,SipnJoy
2026-10-02 00:53,Sipnjoy,Handlehug,SipnJoy - HandleHug Tumbler | 550 ml - Sarı,,550ml,tumbler,Hepsiburada,2190.0,ok,https://www.hepsiburada.com/sipnjoy-handlehug-sari-termos-550-ml-paslanmaz-celik-ile-cocuklar-icin-ergonomik-tasarim-pm-HBC0000G0K8EL,SipnJoy
2026-10-02 00:53,Sipnjoy,FlipSip,SipnJoy - FlipSip Çocuk Su Termosu | 360 ml - Adventure Trails,,360ml,termos,Hepsiburada,2090.0,ok,https://www.hepsiburada.com/sipnjoy-flipsip-cocuk-su-termosu-360-ml-adventure-trail-pm-HBC0000G0K8EI,SipnJoy
2026-10-02 00:53,Sipnjoy,FlipSip,SipnJoy - FlipSip Çocuk Su Termosu | 360 ml - Snappy Croc,,360ml,termos,Hepsiburada,2090.0,ok,https://www.hepsiburada.com/sipnjoy-flipsip-cocuk-su-termosu-360-ml-pm-HBC0000FYUU2Z,SipnJoy
2026-10-02 00:53,Sipnjoy,Handlehug,SipnJoy - HandleHug Tumbler | 550 ml - Pembe,,550ml,tumbler,Hepsiburada,2190.0,ok,https://www.hepsiburada.com/sipnjoy-550-ml-termos-pembe-renkli-paslanmaz-celik-handlehug-tumbler-ergonomik-tasarim-pm-HBC0000G0K8EX,SipnJoy
2026-10-02 00:53,Sipnjoy,Handlehug,SipnJoy - HandleHug Tumbler | 550 ml - Limon,,550ml,tumbler,Hepsiburada,2190.0,ok,https://www.hepsiburada.com/sipnjoy-handlehug-tumbler-550-ml-limon-pm-HBC0000G0K7W7,SipnJoy
2026-10-02 00:53,Sipnjoy,Handlehug,SipnJoy - HandleHug Tumbler | 550 ml - Lacivert,,550ml,tumbler,Hepsiburada,2190.0,ok,https://www.hepsiburada.com/sipnjoy-handlehug-tumbler-550-ml-lacivert-pm-HBC0000G0K7W8,SipnJoy
2026-10-02 00:53,Sipnjoy,FlipSip,,cocuk termos,360ml,termos,Hepsiburada,2090.0,ok,https://www.hepsiburada.com/sipnjoy-flipsip-cocuk-su-termosu-360-ml-jungle-jam-pm-HBC0000G0K7WG?magaza=SipnJoy,
2026-10-02 00:53,Sipnjoy,Handlehug,SipnJoy - HandleHug Tumbler | 550 ml - Turkuaz,,550ml,tumbler,Hepsiburada,2190.0,ok,https://www.hepsiburada.com/sipnjoy-handlehug-tumbler-550-ml-turkuaz-pm-HBC0000G0K7W5,SipnJoy
2026-10-02 00:53,Sipnjoy,FlipSip,SipnJoy - FlipSip Çocuk Su Termosu | 360 ml - Jolly Elephant,,360ml,termos,Hepsiburada,2090.0,ok,https://www.hepsiburada.com/sipnjoy-flipsip-cocuk-su-termosu-360-ml-jolly-elephant-pm-HBC0000FTT9N7,SipnJoy
2026-10-02 00:53,Sipnjoy,FlipSip,SipnJoy - FlipSip Çocuk Su Termosu | 360 ml - Twisty Joy,,360ml,termos,Hepsiburada,2090.0,ok,https://www.hepsiburada.com/sipnjoy-flipsip-cocuk-su-termosu-360-ml-twisty-joy-pm-HBC0000G0K7WL,SipnJoy
2026-10-02 00:53,Sipnjoy,Handlehug,SipnJoy - HandleHug Tumbler | 550 ml - Turuncu,,550ml,tumbler,Hepsiburada,2190.0,ok,https://www.hepsiburada.com/sipnjoy-550-ml-turuncu-termos-handlehug-tumbler-paslanmaz-celik-malzemeden-ergonomik-tasarim-pm-HBC0000G0K8EV,SipnJoy
2026-10-02 00:53,Sipnjoy,Handlehug,SipnJoy - HandleHug Tumbler | 550 ml - Pudra Pembe,,550ml,tumbler,Hepsiburada,2190.0,ok,https://www.hepsiburada.com/sipnjoy-handlehug-tumbler-550-ml-pudra-pembe-pm-HBC0000G0K7W6,SipnJoy
2026-10-02 00:53,Sipnjoy,FlipSip,SipnJoy - FlipSip Çocuk Su Termosu | 360 ml - Giggle Giraffe,,360ml,termos,Hepsiburada,2090.0,ok,https://www.hepsiburada.com/sipnjoy-flipsip-cocuk-su-termosu-360-ml-giggle-giraffe-pm-HBC0000G0K7WK,SipnJoy
2026-10-02 00:53,Cool Bottles,The Bottle,Cool Bottles The Bottle El Tipo Raro Positive Revolution 500 ml Matara,,500ml,matara,Hepsiburada,3420.0,ok,https://www.hepsiburada.com/cool-bottles-the-bottle-el-tipo-raro-positive-revolution-500-ml-matara-pm-HBC0000JR2HLE,Mareas
2026-10-02 00:53,Cool Bottles,The Bottle,Cool Bottles The Bottle Sticker Fever 500 ml Matara,,500ml,matara,Hepsiburada,3420.0,ok,https://www.hepsiburada.com/cool-bottles-the-bottle-sticker-fever-500-ml-matara-pm-HBC0000JR21DD,Mareas
2026-10-02 00:53,Cool Bottles,Matara,Cool Bottles The Kiddie Bottle Sprt& Sprinkles Land 350 ml Çocuk Matarası,,350ml,matara,Hepsiburada,3150.0,ok,https://www.hepsiburada.com/cool-bottles-the-kiddie-bottle-sprt-sprinkles-land-350-ml-cocuk-matarasi-pm-HBC0000JR28D2,Mareas
2026-10-02 00:53,Cool Bottles,Matara,Cool Bottles The Kids Bottle Music Beat 350 ml Çocuk Matarası,,350ml,matara,Hepsiburada,3150.0,ok,https://www.hepsiburada.com/cool-bottles-the-kids-bottle-music-beat-350-ml-cocuk-matarasi-pm-HBC0000JR2411,Mareas
2026-10-02 00:53,Cool Bottles,Matara,Cool Bottles The Kids Bottle - Rolling Skaters 500ML,,500ml,matara,Hepsiburada,3420.0,ok,https://www.hepsiburada.com/the-kids-bottle-rolling-skaters-500ml-pm-HBC0000BST045,Mareas
2026-10-02 00:53,Cool Bottles,The Bottle,Cool Bottles The Bottle Patch Zone 500 ml Matara,,500ml,matara,Hepsiburada,3420.0,ok,https://www.hepsiburada.com/cool-bottles-the-bottle-patch-zone-500-ml-matara-pm-HBC0000JR2EVV,Mareas
2026-10-02 00:53,Cool Bottles,The Bottle,Cool Bottles The Bottle Moniquilla Rock Garden 500 ml Matara,,500ml,matara,Hepsiburada,3420.0,ok,https://www.hepsiburada.com/cool-bottles-the-bottle-moniquilla-rock-garden-500-ml-matara-pm-HBC0000JR2BV7,Mareas
2026-10-02 00:53,Cool Bottles,Matara,Cool Bottles The Kids Bottle Sprt& Pink Scoop 350 ml Çocuk Matarası,,350ml,matara,Hepsiburada,3150.0,ok,https://www.hepsiburada.com/cool-bottles-the-kids-bottle-sprt-pink-scoop-350-ml-cocuk-matarasi-pm-HBC0000JR2CCR,Mareas
2026-10-02 00:53,Cool Bottles,Matara,Cool Bottles The Kids Bottle Sprt& Blue Scoop 350 ml Çocuk Matarası,,350ml,matara,Hepsiburada,3150.0,ok,https://www.hepsiburada.com/cool-bottles-the-kids-bottle-sprt-blue-scoop-350-ml-cocuk-matarasi-pm-HBC0000JR22NO,Mareas
2026-10-02 00:53,Cool Bottles,Matara,Cool Bottles The Kiddie Bottle - Roar Time 350ML,,350ml,matara,Hepsiburada,3150.0,ok,https://www.hepsiburada.com/the-kiddie-bottle-roar-time-350ml-pm-HBC0000BSSYCJ,Mareas
2026-10-02 00:53,Cool Bottles,Matara,Cool Bottles The Kids Bottle - Jurassic Era 350ML,,350ml,matara,Hepsiburada,3150.0,ok,https://www.hepsiburada.com/the-kids-bottle-jurassic-era-350ml-pm-HBC0000BSTMRV,Mareas
2026-10-02 00:53,Cool Bottles,Matara,Cool Bottles The Kiddie Bottle - Rainbow Clouds 350ML,,350ml,matara,Hepsiburada,3150.0,ok,https://www.hepsiburada.com/the-kiddie-bottle-rainbow-clouds-350ml-pm-HBC0000BSTR6U,Mareas
2026-10-02 00:53,Cool Bottles,Matara,Cool Bottles The Kiddie Bottle - Little Wheels 350ML,,350ml,matara,Hepsiburada,3150.0,ok,https://www.hepsiburada.com/the-kiddie-bottle-little-wheels-350ml-pm-HBC0000BSOJ6X,Mareas
2026-10-02 00:53,Cool Bottles,The Bottle,Cool Bottles The Bottle - Mystical Lions 500ML,,500ml,matara,Hepsiburada,3420.0,ok,https://www.hepsiburada.com/the-bottle-mystical-lions-500ml-pm-HBC0000BSSSKJ,Mareas
2026-10-02 00:53,Cool Bottles,The Bottle,Cool Bottles The Bottle - Good Vibes 500ML,,500ml,matara,Hepsiburada,3420.0,ok,https://www.hepsiburada.com/the-bottle-good-vibes-500ml-pm-HBC0000BST24G,Mareas
2026-10-02 00:53,Cool Bottles,The Bottle,Cool Bottles The Bottle - Floral Madness 500ML,,500ml,matara,Hepsiburada,3420.0,ok,https://www.hepsiburada.com/the-bottle-floral-madness-500ml-pm-HBC0000BSTJME,Mareas
2026-10-02 00:53,Cool Bottles,The Bottle,Cool Bottles The Bottle - Allegra 500ML,,500ml,matara,Hepsiburada,3420.0,ok,https://www.hepsiburada.com/the-bottle-allegra-500ml-pm-HBC0000BSTQ1W,Mareas
2026-10-02 00:53,Cool Bottles,Matara,Cool Bottles The Kids Bottle - Play Mode 500ML,,500ml,matara,Hepsiburada,3420.0,ok,https://www.hepsiburada.com/the-kids-bottle-play-mode-500ml-pm-HBC0000BSTISH,Mareas
2026-10-02 00:53,Cool Bottles,The Bottle,Cool Bottles The Bottle - Mediterranean 500ML,,500ml,matara,Hepsiburada,3420.0,ok,https://www.hepsiburada.com/the-bottle-mediterranean-500ml-pm-HBC0000BSSUQA,Mareas
2026-10-02 00:53,Cool Bottles,The Bottle,Cool Bottles The Bottle - Pastel Green 500ML,,500ml,matara,Hepsiburada,2519.9,ok,https://www.hepsiburada.com/the-bottle-pastel-green-500ml-pm-HBC0000BSTQOV,Mareas
2026-10-02 00:53,Cool Bottles,Matara,Cool Bottles The Kids Bottle - Curious Explorers 350ML,,350ml,matara,Hepsiburada,3150.0,ok,https://www.hepsiburada.com/the-kids-bottle-curious-explorers-350ml-pm-HBC0000BSTDLM,Mareas
2026-10-02 00:53,Cool Bottles,The Bottle,Cool Bottles The Bottle - Dragonfly Paradise 500ML,,500ml,matara,Hepsiburada,3420.0,ok,https://www.hepsiburada.com/the-bottle-dragonfly-paradise-500ml-pm-HBC0000BST0HH,Mareas
2026-10-02 00:53,Cool Bottles,Matara,Cool Bottles The Kids Bottle - Magical Fairies 350ML,,350ml,matara,Hepsiburada,3150.0,ok,https://www.hepsiburada.com/the-kids-bottle-magical-fairies-350ml-pm-HBC0000BST8WQ,Mareas
2026-10-02 00:53,Cool Bottles,Matara,Cool Bottles The Kids Bottle - Princess Kingdom 350ML,,350ml,matara,Hepsiburada,3150.0,ok,https://www.hepsiburada.com/the-kids-bottle-princess-kingdom-350ml-pm-HBC0000BSTNRL,Mareas
2026-10-02 00:53,Cool Bottles,The Bottle,Cool Bottles The Bottle - René 500ML,,500ml,matara,Hepsiburada,3420.0,ok,https://www.hepsiburada.com/the-bottle-ren-500ml-pm-HBC0000BSTKCT,Mareas
2026-10-02 00:53,Cool Bottles,The Bottle,Cool Bottles The Bottle - Pastel Green 350ML,,350ml,matara,Hepsiburada,2720.0,ok,https://www.hepsiburada.com/the-bottle-pastel-green-350ml-pm-HBC0000BSTFD1,Mareas
2026-10-02 00:53,Cool Bottles,The Bottle,Cool Bottles The Bottle - Vivid Blue 350ML,,350ml,matara,Hepsiburada,2720.0,ok,https://www.hepsiburada.com/the-bottle-vivid-blue-350ml-pm-HBC0000BSU9WP,Mareas
2026-10-02 00:53,Cool Bottles,Matara,Cool Bottles The Kids Bottle - Sweet Mermaids 350ML,,350ml,matara,Hepsiburada,3150.0,ok,https://www.hepsiburada.com/the-kids-bottle-sweet-mermaids-350ml-pm-HBC0000BSTM6N,Mareas
2026-10-02 00:53,Cool Bottles,Matara,Cool Bottles The Kiddie Bottle - Underwater World 350ML,,350ml,matara,Hepsiburada,3150.0,ok,https://www.hepsiburada.com/the-kiddie-bottle-underwater-world-350ml-pm-HBC0000BST047,Mareas
2026-10-02 00:53,Cool Bottles,Matara,Cool Bottles The Kids Bottle - Outdoor Adventure 500ML,,500ml,matara,Hepsiburada,3420.0,ok,https://www.hepsiburada.com/the-kids-bottle-outdoor-adventure-500ml-pm-HBC0000BSTFD3,Mareas
2026-10-02 00:53,Cool Bottles,Matara,Cool Bottles The Kids Bottle - Funny Unicorns 350ML,,350ml,matara,Hepsiburada,3150.0,ok,https://www.hepsiburada.com/the-kids-bottle-funny-unicorns-350ml-pm-HBC0000BSTHBB,Mareas
2026-10-02 00:53,Cool Bottles,Matara,Cool Bottles The Kiddie Bottle - Whisker Kittens 350ML,,350ml,matara,Hepsiburada,3150.0,ok,https://www.hepsiburada.com/the-kiddie-bottle-whisker-kittens-350ml-pm-HBC0000BSTGCP,Mareas
2026-10-02 00:53,Cool Bottles,Matara,Cool Bottles The Kids Bottle - Dragon Dreams 350ML,,350ml,matara,Hepsiburada,3150.0,ok,https://www.hepsiburada.com/the-kids-bottle-dragon-dreams-350ml-pm-HBC0000BST8NG,Mareas
2026-10-02 00:53,Cool Bottles,Matara,Cool Bottles The Kids Bottle - Galactic Ride 500ML,,500ml,matara,Hepsiburada,3420.0,ok,https://www.hepsiburada.com/the-kids-bottle-galactic-ride-500ml-pm-HBC0000BSR09Q,Mareas
2026-10-02 00:53,Cool Bottles,Matara,Cool Bottles The Kids Bottle - Messy Robots 350ML,,350ml,matara,Hepsiburada,3150.0,ok,https://www.hepsiburada.com/the-kids-bottle-messy-robots-350ml-pm-HBC0000BSSYCH,Mareas
2026-10-02 00:53,Cool Bottles,The Bottle,Cool Bottles The Bottle - Tudor Village 500ML,,500ml,matara,Hepsiburada,2819.9,ok,https://www.hepsiburada.com/the-bottle-tudor-village-500ml-pm-HBC0000BST9Q6,Mareas
2026-10-02 00:53,Cool Bottles,Matara,Cool Bottles The Kiddie Bottle - Woodland Buddies 350ML,,350ml,matara,Hepsiburada,3150.0,ok,https://www.hepsiburada.com/the-kiddie-bottle-woodland-buddies-350ml-pm-HBC0000BST9Q8,Mareas
2026-10-02 00:53,Cool Bottles,The Bottle,Cool Bottles The Bottle - Vivid Orange 750ML,,750ml,matara,Hepsiburada,3500.0,ok,https://www.hepsiburada.com/the-bottle-vivid-orange-750ml-pm-HBC0000BSSWRR,Mareas
2026-10-02 00:53,Cool Bottles,Matara,Cool Bottles The Kids Bottle - Candy Land 350ML,,350ml,matara,Hepsiburada,3150.0,ok,https://www.hepsiburada.com/the-kids-bottle-candy-land-350ml-pm-HBC0000BSTM6P,Mareas
2026-10-02 00:53,Sipnjoy,FlipSip,,cocuk termos,360ml,termos,Hepsiburada,,urun_bulunamadi,https://www.hepsiburada.com/sipnjoy-flipsip-cocuk-su-termosu-360-ml-fly-pal-pm-HBC0000G0K7WF?magaza=SipnJoy,
2026-10-02 00:53,Sipnjoy,FlipSip,,cocuk termos,360ml,termos,Hepsiburada,,urun_bulunamadi,https://www.hepsiburada.com/sipnjoy-flipsip-cocuk-su-termosu-360-ml-firefighter-buddy-pm-HBC0000G0K7WC?magaza=SipnJoy,
2026-10-02 00:53,Sipnjoy,FlipSip,,cocuk termos,360ml,termos,Hepsiburada,,urun_bulunamadi,https://www.hepsiburada.com/sipnjoy-flipsip-cocuk-su-termosu-360-ml-bee-honey-pm-HBC0000G0K7WD?magaza=SipnJoy,
2026-10-02 00:53,Sipnjoy,SippyPals,,cocuk termos,360ml,termos,Hepsiburada,,urun_bulunamadi,https://www.hepsiburada.com/sipnjoy-sippypals-cocuk-su-termosu-360-ml-koyu-mavi-pm-HBC0000C5G4SC?magaza=SipnJoy,
2026-10-02 00:53,Sipnjoy,WideWonder,,cocuk termos,420ml,termos,Hepsiburada,,urun_bulunamadi,https://www.hepsiburada.com/sipnjoy-widewonder-cocuk-su-termosu-420-ml-swan-harmony-pm-HBC0000G0K8E3?magaza=SipnJoy,
2026-10-02 12:55,Sipnjoy,SipSquad,SipnJoy - SipSquad Plus Çocuk Su Termosu  | 480 ml - Fairy Sparkle,,480ml,termos,Hepsiburada,2390.0,ok,https://www.hepsiburada.com/sipnjoy-sipsquad-plus-cocuk-su-termosu-480-ml-fairy-sparkle-pm-HBC0000G0K7WI,SipnJoy
2026-10-02 12:55,Sipnjoy,SipSquad,SipnJoy - SipSquad Plus Çocuk Su Termosu  | 480 ml - Golden Horn,,480ml,termos,Hepsiburada,2390.0,ok,https://www.hepsiburada.com/sipnjoy-sipsquad-plus-cocuk-su-termosu-480-ml-golden-horn-pm-HBC0000G0K7WM,SipnJoy
2026-10-02 12:55,Sipnjoy,SipSquad,SipnJoy - SipSquad Plus Çocuk Su Termosu  | 480 ml - Mermaid Dream,,480ml,termos,Hepsiburada,2390.0,ok,https://www.hepsiburada.com/sipnjoy-sipsquad-plus-cocuk-su-termosu-480-ml-mermaid-dream-pm-HBC0000G0K7WN,SipnJoy
2026-10-02 12:55,Sipnjoy,FlipSip,SipnJoy - FlipSip Çocuk Su Termosu | 550 ml - Mermaid Dream,,550ml,termos,Hepsiburada,2290.0,ok,https://www.hepsiburada.com/sipnjoy-flipsip-cocuk-su-termosu-550-ml-golden-horn-pm-HBC0000I48X4A,SipnJoy
2026-10-02 12:55,Sipnjoy,SipSquad,SipnJoy - SipSquad Plus Çocuk Su Termosu  | 480 ml - Dino Roar,,480ml,termos,Hepsiburada,2390.0,ok,https://www.hepsiburada.com/sipnjoy-sipsquad-plus-cocuk-su-termosu-480-ml-dino-roar-pm-HBC0000G0K7WQ,SipnJoy
2026-10-02 12:55,Sipnjoy,SipSquad,SipnJoy - SipSquad Plus Çocuk Su Termosu  | 480 ml - Ballerina Sparkle,,480ml,termos,Hepsiburada,2390.0,ok,https://www.hepsiburada.com/sipnjoy-sipsquad-plus-cocuk-su-termosu-480-ml-ballerina-sparkle-pm-HBC0000FTT77G,SipnJoy
2026-10-02 12:55,Sipnjoy,FlipSip,SipnJoy - FlipSip Çocuk Su Termosu | 550 ml -  Builder Buddy,,550ml,termos,Hepsiburada,2290.0,ok,https://www.hepsiburada.com/sipnjoy-flipsip-cocuk-su-termosu-550-ml-golden-horn-pm-HBC0000I48X48,SipnJoy
2026-10-02 12:55,Sipnjoy,SippyPals,,cocuk termos,360ml,termos,Hepsiburada,1990.0,ok,https://www.hepsiburada.com/sipnjoy-sippypals-cocuk-su-termosu-360-ml-mor-pm-HBC0000G0K8E5?magaza=SipnJoy,
2026-10-02 12:55,Sipnjoy,FlipSip,SipnJoy - FlipSip Çocuk Su Termosu | 360 ml - Builder Buddy,,360ml,termos,Hepsiburada,2090.0,ok,https://www.hepsiburada.com/sipnjoy-flipsip-cocuk-su-termosu-360-ml-builder-buddy-pm-HBC0000G0K7WA,SipnJoy
2026-10-02 12:55,Sipnjoy,FlipSip,SipnJoy - FlipSip Çocuk Su Termosu | 360 ml - Ballerina Sparkle,,360ml,termos,Hepsiburada,2090.0,ok,https://www.hepsiburada.com/sipnjoy-flipsip-cocuk-su-termosu-360-ml-ballerina-sparkle-p-HBCV0000G0KZF9,SipnJoy
2026-10-02 12:55,Sipnjoy,FlipSip,SipnJoy - FlipSip Çocuk Su Termosu | 550 ml - Star Explorer,,550ml,termos,Hepsiburada,2290.0,ok,https://www.hepsiburada.com/sipnjoy-flipsip-cocuk-su-termosu-550-ml-golden-horn-pm-HBC0000I48X4C,SipnJoy
2026-10-02 12:55,Sipnjoy,FlipSip,SipnJoy - FlipSip Çocuk Su Termosu | 360 ml - Fairy Sparkle,,360ml,termos,Hepsiburada,2090.0,ok,https://www.hepsiburada.com/sipnjoy-lila-renkli-cocuk-su-termosu-360-ml-paslanmaz-celik-ergonomik-tasarim-ozellikli-pm-HBC0000G0K8EZ,SipnJoy
2026-10-02 12:55,Sipnjoy,SipSquad,SipnJoy - SipSquad Plus Çocuk Su Termosu  | 480 ml - Star Explorer,,480ml,termos,Hepsiburada,2390.0,ok,https://www.hepsiburada.com/sipnjoy-sipsquad-plus-cocuk-su-termosu-480-ml-star-explorer-pm-HBC0000G0K7WP,SipnJoy
2026-10-02 12:55,Sipnjoy,StrawBuddy,SipnJoy - StrawBuddy Tumbler | 360 ml - Turuncu,,360ml,tumbler,Hepsiburada,1590.0,ok,https://www.hepsiburada.com/sipnjoy-strawbuddy-tumbler-360-ml-pm-HBC0000G0K8EW,SipnJoy
2026-10-02 12:55,Sipnjoy,FlipSip,SipnJoy - FlipSip Çocuk Su Termosu | 360 ml - Rescue Crew,,360ml,termos,Hepsiburada,2090.0,ok,https://www.hepsiburada.com/sipnjoy-flipsip-cocuk-su-termosu-360-ml-rescue-crew-pm-HBC0000G0K7WB,SipnJoy
2026-10-02 12:55,Sipnjoy,Handlehug,SipnJoy - HandleHug Tumbler | 550 ml - Lila,,550ml,tumbler,Hepsiburada,2190.0,ok,https://www.hepsiburada.com/sipnjoy-handlehug-tumbler-550-ml-lila-pm-HBC0000G0K7W9,SipnJoy
2026-10-02 12:55,Sipnjoy,FlipSip,SipnJoy - FlipSip Çocuk Su Termosu | 360 ml - Star Explorer,,360ml,termos,Hepsiburada,2090.0,ok,https://www.hepsiburada.com/sipnjoy-flipsip-cocuk-su-termosu-360-ml-star-explorer-pm-HBC0000G0K8EK,SipnJoy
2026-10-02 12:55,Sipnjoy,SipSquad,SipnJoy - SipSquad Plus Çocuk Su Termosu  | 480 ml - Snappy Croc,,480ml,termos,Hepsiburada,2390.0,ok,https://www.hepsiburada.com/sipnjoy-sipsquad-plus-cocuk-su-termosu-480-ml-snappy-croc-pm-HBC0000G0K7WR,SipnJoy
2026-10-02 12:55,Sipnjoy,FlipSip,SipnJoy - FlipSip Çocuk Su Termosu | 360 ml - Lively Roar,,360ml,termos,Hepsiburada,2090.0,ok,https://www.hepsiburada.com/sipnjoy-flipsip-cocuk-su-termosu-360-ml-lively-roar-pm-HBC0000G0K7WJ,SipnJoy
2026-10-02 12:55,Sipnjoy,FlipSip,,cocuk termos,360ml,termos,Hepsiburada,2090.0,ok,https://www.hepsiburada.com/sipnjoy-flipsip-cocuk-su-termosu-360-ml-paslanmaz-celik-koyu-pembe-ergonomik-tasarim-pm-HBC0000G0K8EH?magaza=SipnJoy,
2026-10-02 12:55,Sipnjoy,FlipSip,SipnJoy - FlipSip Çocuk Su Termosu | 360 ml - Turtle Voyage,,360ml,termos,Hepsiburada,2090.0,ok,https://www.hepsiburada.com/sipnjoy-flipsip-cocuk-su-termosu-360-ml-turtle-voyage-p-HBCV0000FTTM3R,SipnJoy
2026-10-02 12:55,Sipnjoy,Handlehug,SipnJoy - HandleHug Tumbler | 550 ml - Mint,,550ml,tumbler,Hepsiburada,2190.0,ok,https://www.hepsiburada.com/sipnjoy-handlehug-tumbler-550-ml-pm-HBC0000910TFA,SipnJoy
2026-10-02 12:55,Sipnjoy,FlipSip,SipnJoy - FlipSip Çocuk Su Termosu | 550 ml -  Dino Roar,,550ml,termos,Hepsiburada,2290.0,ok,https://www.hepsiburada.com/sipnjoy-flipsip-cocuk-su-termosu-550-ml-golden-horn-pm-HBC0000I48X4B,SipnJoy
2026-10-02 12:55,Sipnjoy,FlipSip,SipnJoy - FlipSip Çocuk Su Termosu | 550 ml - Snappy Croc,,550ml,termos,Hepsiburada,2290.0,ok,https://www.hepsiburada.com/sipnjoy-flipsip-cocuk-su-termosu-550-ml-golden-horn-pm-HBC0000I48X49,SipnJoy
2026-10-02 12:55,Sipnjoy,FlipSip,Sipnjoy - Flipsip Çocuk Su Termosu | 550 ml - Golden Horn,,550ml,termos,Hepsiburada,2290.0,ok,https://www.hepsiburada.com/sipnjoy-flipsip-cocuk-su-termosu-550-ml-golden-horn-pm-HBC0000G0I4B9,SipnJoy
2026-10-02 12:55,Sipnjoy,FlipSip,SipnJoy - FlipSip Çocuk Su Termosu | 360 ml -  Dino Roar,,360ml,termos,Hepsiburada,2090.0,ok,https://www.hepsiburada.com/sipnjoy-flipsip-cocuk-su-termosu-360-ml-dino-roar-pm-HBC0000G0K8EJ,SipnJoy
2026-10-02 12:55,Sipnjoy,StrawBuddy,SipnJoy - StrawBuddy Tumbler | 360 ml - Aqua,,360ml,tumbler,Hepsiburada,1590.0,ok,https://www.hepsiburada.com/sipnjoy-strawbuddy-tumbler-360-ml-pm-HBC0000910SIS,SipnJoy
2026-10-02 12:55,Sipnjoy,StrawBuddy,SipnJoy - StrawBuddy Tumbler | 360 ml - Sarı,,360ml,tumbler,Hepsiburada,1590.0,ok,https://www.hepsiburada.com/sipnjoy-strawbuddy-tumbler-360-ml-pm-HBC0000G0K8EP,SipnJoy
2026-10-02 12:55,Sipnjoy,Handlehug,SipnJoy - HandleHug Tumbler | 550 ml - Limon,,550ml,tumbler,Hepsiburada,2190.0,ok,https://www.hepsiburada.com/sipnjoy-handlehug-tumbler-550-ml-limon-pm-HBC0000G0K7W7,SipnJoy
2026-10-02 12:55,Sipnjoy,Handlehug,SipnJoy - HandleHug Tumbler | 550 ml - Sarı,,550ml,tumbler,Hepsiburada,2190.0,ok,https://www.hepsiburada.com/sipnjoy-handlehug-sari-termos-550-ml-paslanmaz-celik-ile-cocuklar-icin-ergonomik-tasarim-pm-HBC0000G0K8EL,SipnJoy
2026-10-02 12:55,Sipnjoy,FlipSip,SipnJoy - FlipSip Çocuk Su Termosu | 360 ml - Adventure Trails,,360ml,termos,Hepsiburada,2090.0,ok,https://www.hepsiburada.com/sipnjoy-flipsip-cocuk-su-termosu-360-ml-adventure-trail-pm-HBC0000G0K8EI,SipnJoy
2026-10-02 12:55,Sipnjoy,FlipSip,SipnJoy - FlipSip Çocuk Su Termosu | 360 ml - Snappy Croc,,360ml,termos,Hepsiburada,2090.0,ok,https://www.hepsiburada.com/sipnjoy-flipsip-cocuk-su-termosu-360-ml-pm-HBC0000FYUU2Z,SipnJoy
2026-10-02 12:55,Sipnjoy,Handlehug,SipnJoy - HandleHug Tumbler | 550 ml - Pembe,,550ml,tumbler,Hepsiburada,2190.0,ok,https://www.hepsiburada.com/sipnjoy-550-ml-termos-pembe-renkli-paslanmaz-celik-handlehug-tumbler-ergonomik-tasarim-pm-HBC0000G0K8EX,SipnJoy
2026-10-02 12:55,Sipnjoy,Handlehug,SipnJoy - HandleHug Tumbler | 550 ml - Lacivert,,550ml,tumbler,Hepsiburada,2190.0,ok,https://www.hepsiburada.com/sipnjoy-handlehug-tumbler-550-ml-lacivert-pm-HBC0000G0K7W8,SipnJoy
2026-10-02 12:55,Sipnjoy,FlipSip,,cocuk termos,360ml,termos,Hepsiburada,2090.0,ok,https://www.hepsiburada.com/sipnjoy-flipsip-cocuk-su-termosu-360-ml-jungle-jam-pm-HBC0000G0K7WG?magaza=SipnJoy,
2026-10-02 12:55,Sipnjoy,Handlehug,SipnJoy - HandleHug Tumbler | 550 ml - Turkuaz,,550ml,tumbler,Hepsiburada,2190.0,ok,https://www.hepsiburada.com/sipnjoy-handlehug-tumbler-550-ml-turkuaz-pm-HBC0000G0K7W5,SipnJoy
2026-10-02 12:55,Sipnjoy,FlipSip,SipnJoy - FlipSip Çocuk Su Termosu | 360 ml - Jolly Elephant,,360ml,termos,Hepsiburada,2090.0,ok,https://www.hepsiburada.com/sipnjoy-flipsip-cocuk-su-termosu-360-ml-jolly-elephant-pm-HBC0000FTT9N7,SipnJoy
2026-10-02 12:55,Sipnjoy,FlipSip,SipnJoy - FlipSip Çocuk Su Termosu | 360 ml - Twisty Joy,,360ml,termos,Hepsiburada,2090.0,ok,https://www.hepsiburada.com/sipnjoy-flipsip-cocuk-su-termosu-360-ml-twisty-joy-pm-HBC0000G0K7WL,SipnJoy
2026-10-02 12:55,Sipnjoy,Handlehug,SipnJoy - HandleHug Tumbler | 550 ml - Turuncu,,550ml,tumbler,Hepsiburada,2190.0,ok,https://www.hepsiburada.com/sipnjoy-550-ml-turuncu-termos-handlehug-tumbler-paslanmaz-celik-malzemeden-ergonomik-tasarim-pm-HBC0000G0K8EV,SipnJoy
2026-10-02 12:55,Sipnjoy,Handlehug,SipnJoy - HandleHug Tumbler | 550 ml - Pudra Pembe,,550ml,tumbler,Hepsiburada,2190.0,ok,https://www.hepsiburada.com/sipnjoy-handlehug-tumbler-550-ml-pudra-pembe-pm-HBC0000G0K7W6,SipnJoy
2026-10-02 12:55,Sipnjoy,FlipSip,SipnJoy - FlipSip Çocuk Su Termosu | 360 ml - Giggle Giraffe,,360ml,termos,Hepsiburada,2090.0,ok,https://www.hepsiburada.com/sipnjoy-flipsip-cocuk-su-termosu-360-ml-giggle-giraffe-pm-HBC0000G0K7WK,SipnJoy
2026-10-02 12:55,Cool Bottles,The Bottle,Cool Bottles The Bottle El Tipo Raro Positive Revolution 500 ml Matara,,500ml,matara,Hepsiburada,3420.0,ok,https://www.hepsiburada.com/cool-bottles-the-bottle-el-tipo-raro-positive-revolution-500-ml-matara-pm-HBC0000JR2HLE,Mareas
2026-10-02 12:55,Cool Bottles,The Bottle,Cool Bottles The Bottle Sticker Fever 500 ml Matara,,500ml,matara,Hepsiburada,3420.0,ok,https://www.hepsiburada.com/cool-bottles-the-bottle-sticker-fever-500-ml-matara-pm-HBC0000JR21DD,Mareas
2026-10-02 12:55,Cool Bottles,Matara,Cool Bottles The Kids Bottle Music Beat 350 ml Çocuk Matarası,,350ml,matara,Hepsiburada,3150.0,ok,https://www.hepsiburada.com/cool-bottles-the-kids-bottle-music-beat-350-ml-cocuk-matarasi-pm-HBC0000JR2411,Mareas
2026-10-02 12:55,Cool Bottles,Matara,Cool Bottles The Kiddie Bottle Sprt& Sprinkles Land 350 ml Çocuk Matarası,,350ml,matara,Hepsiburada,3150.0,ok,https://www.hepsiburada.com/cool-bottles-the-kiddie-bottle-sprt-sprinkles-land-350-ml-cocuk-matarasi-pm-HBC0000JR28D2,Mareas
2026-10-02 12:55,Cool Bottles,Matara,Cool Bottles The Kids Bottle - Rolling Skaters 500ML,,500ml,matara,Hepsiburada,3420.0,ok,https://www.hepsiburada.com/the-kids-bottle-rolling-skaters-500ml-pm-HBC0000BST045,Mareas
2026-10-02 12:55,Cool Bottles,The Bottle,Cool Bottles The Bottle Patch Zone 500 ml Matara,,500ml,matara,Hepsiburada,3420.0,ok,https://www.hepsiburada.com/cool-bottles-the-bottle-patch-zone-500-ml-matara-pm-HBC0000JR2EVV,Mareas
2026-10-02 12:55,Cool Bottles,The Bottle,Cool Bottles The Bottle Moniquilla Rock Garden 500 ml Matara,,500ml,matara,Hepsiburada,3420.0,ok,https://www.hepsiburada.com/cool-bottles-the-bottle-moniquilla-rock-garden-500-ml-matara-pm-HBC0000JR2BV7,Mareas
2026-10-02 12:55,Cool Bottles,Matara,Cool Bottles The Kids Bottle Sprt& Pink Scoop 350 ml Çocuk Matarası,,350ml,matara,Hepsiburada,3150.0,ok,https://www.hepsiburada.com/cool-bottles-the-kids-bottle-sprt-pink-scoop-350-ml-cocuk-matarasi-pm-HBC0000JR2CCR,Mareas
2026-10-02 12:55,Cool Bottles,Matara,Cool Bottles The Kids Bottle Sprt& Blue Scoop 350 ml Çocuk Matarası,,350ml,matara,Hepsiburada,3150.0,ok,https://www.hepsiburada.com/cool-bottles-the-kids-bottle-sprt-blue-scoop-350-ml-cocuk-matarasi-pm-HBC0000JR22NO,Mareas
2026-10-02 12:55,Cool Bottles,Matara,Cool Bottles The Kiddie Bottle - Roar Time 350ML,,350ml,matara,Hepsiburada,3150.0,ok,https://www.hepsiburada.com/the-kiddie-bottle-roar-time-350ml-pm-HBC0000BSSYCJ,Mareas
2026-10-02 12:55,Cool Bottles,Matara,Cool Bottles The Kids Bottle - Jurassic Era 350ML,,350ml,matara,Hepsiburada,3150.0,ok,https://www.hepsiburada.com/the-kids-bottle-jurassic-era-350ml-pm-HBC0000BSTMRV,Mareas
2026-10-02 12:55,Cool Bottles,Matara,Cool Bottles The Kiddie Bottle - Rainbow Clouds 350ML,,350ml,matara,Hepsiburada,3150.0,ok,https://www.hepsiburada.com/the-kiddie-bottle-rainbow-clouds-350ml-pm-HBC0000BSTR6U,Mareas
2026-10-02 12:55,Cool Bottles,Matara,Cool Bottles The Kiddie Bottle - Little Wheels 350ML,,350ml,matara,Hepsiburada,3150.0,ok,https://www.hepsiburada.com/the-kiddie-bottle-little-wheels-350ml-pm-HBC0000BSOJ6X,Mareas
2026-10-02 12:55,Cool Bottles,The Bottle,Cool Bottles The Bottle - Mystical Lions 500ML,,500ml,matara,Hepsiburada,3420.0,ok,https://www.hepsiburada.com/the-bottle-mystical-lions-500ml-pm-HBC0000BSSSKJ,Mareas
2026-10-02 12:55,Cool Bottles,The Bottle,Cool Bottles The Bottle - Good Vibes 500ML,,500ml,matara,Hepsiburada,3420.0,ok,https://www.hepsiburada.com/the-bottle-good-vibes-500ml-pm-HBC0000BST24G,Mareas
2026-10-02 12:55,Cool Bottles,The Bottle,Cool Bottles The Bottle - Floral Madness 500ML,,500ml,matara,Hepsiburada,3420.0,ok,https://www.hepsiburada.com/the-bottle-floral-madness-500ml-pm-HBC0000BSTJME,Mareas
2026-10-02 12:55,Cool Bottles,The Bottle,Cool Bottles The Bottle - Allegra 500ML,,500ml,matara,Hepsiburada,3420.0,ok,https://www.hepsiburada.com/the-bottle-allegra-500ml-pm-HBC0000BSTQ1W,Mareas
2026-10-02 12:55,Cool Bottles,Matara,Cool Bottles The Kids Bottle - Play Mode 500ML,,500ml,matara,Hepsiburada,3420.0,ok,https://www.hepsiburada.com/the-kids-bottle-play-mode-500ml-pm-HBC0000BSTISH,Mareas
2026-10-02 12:55,Cool Bottles,The Bottle,Cool Bottles The Bottle - Mediterranean 500ML,,500ml,matara,Hepsiburada,3420.0,ok,https://www.hepsiburada.com/the-bottle-mediterranean-500ml-pm-HBC0000BSSUQA,Mareas
2026-10-02 12:55,Cool Bottles,The Bottle,Cool Bottles The Bottle - Pastel Green 500ML,,500ml,matara,Hepsiburada,2519.9,ok,https://www.hepsiburada.com/the-bottle-pastel-green-500ml-pm-HBC0000BSTQOV,Mareas
2026-10-02 12:55,Cool Bottles,Matara,Cool Bottles The Kids Bottle - Curious Explorers 350ML,,350ml,matara,Hepsiburada,3150.0,ok,https://www.hepsiburada.com/the-kids-bottle-curious-explorers-350ml-pm-HBC0000BSTDLM,Mareas
2026-10-02 12:55,Cool Bottles,Matara,Cool Bottles The Kids Bottle - Magical Fairies 350ML,,350ml,matara,Hepsiburada,3150.0,ok,https://www.hepsiburada.com/the-kids-bottle-magical-fairies-350ml-pm-HBC0000BST8WQ,Mareas
2026-10-02 12:55,Cool Bottles,Matara,Cool Bottles The Kids Bottle - Princess Kingdom 350ML,,350ml,matara,Hepsiburada,3150.0,ok,https://www.hepsiburada.com/the-kids-bottle-princess-kingdom-350ml-pm-HBC0000BSTNRL,Mareas
2026-10-02 12:55,Cool Bottles,The Bottle,Cool Bottles The Bottle - Dragonfly Paradise 500ML,,500ml,matara,Hepsiburada,3420.0,ok,https://www.hepsiburada.com/the-bottle-dragonfly-paradise-500ml-pm-HBC0000BST0HH,Mareas
2026-10-02 12:55,Cool Bottles,The Bottle,Cool Bottles The Bottle - Pastel Green 350ML,,350ml,matara,Hepsiburada,2720.0,ok,https://www.hepsiburada.com/the-bottle-pastel-green-350ml-pm-HBC0000BSTFD1,Mareas
2026-10-02 12:55,Cool Bottles,The Bottle,Cool Bottles The Bottle - René 500ML,,500ml,matara,Hepsiburada,3420.0,ok,https://www.hepsiburada.com/the-bottle-ren-500ml-pm-HBC0000BSTKCT,Mareas
2026-10-02 12:55,Cool Bottles,The Bottle,Cool Bottles The Bottle - Vivid Blue 350ML,,350ml,matara,Hepsiburada,2720.0,ok,https://www.hepsiburada.com/the-bottle-vivid-blue-350ml-pm-HBC0000BSU9WP,Mareas
2026-10-02 12:55,Cool Bottles,Matara,Cool Bottles The Kids Bottle - Sweet Mermaids 350ML,,350ml,matara,Hepsiburada,3150.0,ok,https://www.hepsiburada.com/the-kids-bottle-sweet-mermaids-350ml-pm-HBC0000BSTM6N,Mareas
2026-10-02 12:55,Cool Bottles,Matara,Cool Bottles The Kiddie Bottle - Underwater World 350ML,,350ml,matara,Hepsiburada,3150.0,ok,https://www.hepsiburada.com/the-kiddie-bottle-underwater-world-350ml-pm-HBC0000BST047,Mareas
2026-10-02 12:55,Cool Bottles,Matara,Cool Bottles The Kids Bottle - Outdoor Adventure 500ML,,500ml,matara,Hepsiburada,3420.0,ok,https://www.hepsiburada.com/the-kids-bottle-outdoor-adventure-500ml-pm-HBC0000BSTFD3,Mareas
2026-10-02 12:55,Cool Bottles,Matara,Cool Bottles The Kids Bottle - Funny Unicorns 350ML,,350ml,matara,Hepsiburada,3150.0,ok,https://www.hepsiburada.com/the-kids-bottle-funny-unicorns-350ml-pm-HBC0000BSTHBB,Mareas
2026-10-02 12:55,Cool Bottles,Matara,Cool Bottles The Kiddie Bottle - Whisker Kittens 350ML,,350ml,matara,Hepsiburada,3150.0,ok,https://www.hepsiburada.com/the-kiddie-bottle-whisker-kittens-350ml-pm-HBC0000BSTGCP,Mareas
2026-10-02 12:55,Cool Bottles,Matara,Cool Bottles The Kids Bottle - Galactic Ride 500ML,,500ml,matara,Hepsiburada,3420.0,ok,https://www.hepsiburada.com/the-kids-bottle-galactic-ride-500ml-pm-HBC0000BSR09Q,Mareas
2026-10-02 12:55,Cool Bottles,Matara,Cool Bottles The Kids Bottle - Dragon Dreams 350ML,,350ml,matara,Hepsiburada,3150.0,ok,https://www.hepsiburada.com/the-kids-bottle-dragon-dreams-350ml-pm-HBC0000BST8NG,Mareas
2026-10-02 12:55,Cool Bottles,Matara,Cool Bottles The Kids Bottle - Messy Robots 350ML,,350ml,matara,Hepsiburada,3150.0,ok,https://www.hepsiburada.com/the-kids-bottle-messy-robots-350ml-pm-HBC0000BSSYCH,Mareas
2026-10-02 12:55,Cool Bottles,The Bottle,Cool Bottles The Bottle - Tudor Village 500ML,,500ml,matara,Hepsiburada,2819.9,ok,https://www.hepsiburada.com/the-bottle-tudor-village-500ml-pm-HBC0000BST9Q6,Mareas
2026-10-02 12:55,Cool Bottles,Matara,Cool Bottles The Kiddie Bottle - Woodland Buddies 350ML,,350ml,matara,Hepsiburada,3150.0,ok,https://www.hepsiburada.com/the-kiddie-bottle-woodland-buddies-350ml-pm-HBC0000BST9Q8,Mareas
2026-10-02 12:55,Cool Bottles,The Bottle,Cool Bottles The Bottle - Vivid Orange 750ML,,750ml,matara,Hepsiburada,3500.0,ok,https://www.hepsiburada.com/the-bottle-vivid-orange-750ml-pm-HBC0000BSSWRR,Mareas
2026-10-02 12:55,Cool Bottles,Matara,Cool Bottles The Kids Bottle - Candy Land 350ML,,350ml,matara,Hepsiburada,3150.0,ok,https://www.hepsiburada.com/the-kids-bottle-candy-land-350ml-pm-HBC0000BSTM6P,Mareas
2026-10-02 12:55,Sipnjoy,FlipSip,,cocuk termos,360ml,termos,Hepsiburada,,urun_bulunamadi,https://www.hepsiburada.com/sipnjoy-flipsip-cocuk-su-termosu-360-ml-fly-pal-pm-HBC0000G0K7WF?magaza=SipnJoy,
2026-10-02 12:55,Sipnjoy,FlipSip,,cocuk termos,360ml,termos,Hepsiburada,,urun_bulunamadi,https://www.hepsiburada.com/sipnjoy-flipsip-cocuk-su-termosu-360-ml-firefighter-buddy-pm-HBC0000G0K7WC?magaza=SipnJoy,
2026-10-02 12:55,Sipnjoy,FlipSip,,cocuk termos,360ml,termos,Hepsiburada,,urun_bulunamadi,https://www.hepsiburada.com/sipnjoy-flipsip-cocuk-su-termosu-360-ml-bee-honey-pm-HBC0000G0K7WD?magaza=SipnJoy,
2026-10-02 12:55,Sipnjoy,SippyPals,,cocuk termos,360ml,termos,Hepsiburada,,urun_bulunamadi,https://www.hepsiburada.com/sipnjoy-sippypals-cocuk-su-termosu-360-ml-koyu-mavi-pm-HBC0000C5G4SC?magaza=SipnJoy,
2026-10-02 12:55,Sipnjoy,WideWonder,,cocuk termos,420ml,termos,Hepsiburada,,urun_bulunamadi,https://www.hepsiburada.com/sipnjoy-widewonder-cocuk-su-termosu-420-ml-swan-harmony-pm-HBC0000G0K8E3?magaza=SipnJoy,
2026-10-02 19:18,Sipnjoy,SipSquad,SipnJoy - SipSquad Plus Çocuk Su Termosu  | 480 ml - Fairy Sparkle,,480ml,termos,Hepsiburada,2390.0,ok,https://www.hepsiburada.com/sipnjoy-sipsquad-plus-cocuk-su-termosu-480-ml-fairy-sparkle-pm-HBC0000G0K7WI,SipnJoy
2026-10-02 19:18,Sipnjoy,SipSquad,SipnJoy - SipSquad Plus Çocuk Su Termosu  | 480 ml - Golden Horn,,480ml,termos,Hepsiburada,2390.0,ok,https://www.hepsiburada.com/sipnjoy-sipsquad-plus-cocuk-su-termosu-480-ml-golden-horn-pm-HBC0000G0K7WM,SipnJoy
2026-10-02 19:18,Sipnjoy,SipSquad,SipnJoy - SipSquad Plus Çocuk Su Termosu  | 480 ml - Mermaid Dream,,480ml,termos,Hepsiburada,2390.0,ok,https://www.hepsiburada.com/sipnjoy-sipsquad-plus-cocuk-su-termosu-480-ml-mermaid-dream-pm-HBC0000G0K7WN,SipnJoy
2026-10-02 19:18,Sipnjoy,FlipSip,SipnJoy - FlipSip Çocuk Su Termosu | 550 ml - Mermaid Dream,,550ml,termos,Hepsiburada,2290.0,ok,https://www.hepsiburada.com/sipnjoy-flipsip-cocuk-su-termosu-550-ml-golden-horn-pm-HBC0000I48X4A,SipnJoy
2026-10-02 19:18,Sipnjoy,SipSquad,SipnJoy - SipSquad Plus Çocuk Su Termosu  | 480 ml - Dino Roar,,480ml,termos,Hepsiburada,2390.0,ok,https://www.hepsiburada.com/sipnjoy-sipsquad-plus-cocuk-su-termosu-480-ml-dino-roar-pm-HBC0000G0K7WQ,SipnJoy
2026-10-02 19:18,Sipnjoy,SipSquad,SipnJoy - SipSquad Plus Çocuk Su Termosu  | 480 ml - Ballerina Sparkle,,480ml,termos,Hepsiburada,2390.0,ok,https://www.hepsiburada.com/sipnjoy-sipsquad-plus-cocuk-su-termosu-480-ml-ballerina-sparkle-pm-HBC0000FTT77G,SipnJoy
2026-10-02 19:18,Sipnjoy,FlipSip,SipnJoy - FlipSip Çocuk Su Termosu | 550 ml -  Builder Buddy,,550ml,termos,Hepsiburada,2290.0,ok,https://www.hepsiburada.com/sipnjoy-flipsip-cocuk-su-termosu-550-ml-golden-horn-pm-HBC0000I48X48,SipnJoy
2026-10-02 19:18,Sipnjoy,SippyPals,,cocuk termos,360ml,termos,Hepsiburada,1990.0,ok,https://www.hepsiburada.com/sipnjoy-sippypals-cocuk-su-termosu-360-ml-mor-pm-HBC0000G0K8E5?magaza=SipnJoy,
2026-10-02 19:18,Sipnjoy,FlipSip,SipnJoy - FlipSip Çocuk Su Termosu | 360 ml - Builder Buddy,,360ml,termos,Hepsiburada,2090.0,ok,https://www.hepsiburada.com/sipnjoy-flipsip-cocuk-su-termosu-360-ml-builder-buddy-pm-HBC0000G0K7WA,SipnJoy
2026-10-02 19:18,Sipnjoy,FlipSip,SipnJoy - FlipSip Çocuk Su Termosu | 360 ml - Ballerina Sparkle,,360ml,termos,Hepsiburada,2090.0,ok,https://www.hepsiburada.com/sipnjoy-flipsip-cocuk-su-termosu-360-ml-ballerina-sparkle-p-HBCV0000G0KZF9,SipnJoy
2026-10-02 19:18,Sipnjoy,FlipSip,SipnJoy - FlipSip Çocuk Su Termosu | 550 ml - Star Explorer,,550ml,termos,Hepsiburada,2290.0,ok,https://www.hepsiburada.com/sipnjoy-flipsip-cocuk-su-termosu-550-ml-golden-horn-pm-HBC0000I48X4C,SipnJoy
2026-10-02 19:18,Sipnjoy,FlipSip,SipnJoy - FlipSip Çocuk Su Termosu | 360 ml - Fairy Sparkle,,360ml,termos,Hepsiburada,2090.0,ok,https://www.hepsiburada.com/sipnjoy-lila-renkli-cocuk-su-termosu-360-ml-paslanmaz-celik-ergonomik-tasarim-ozellikli-pm-HBC0000G0K8EZ,SipnJoy
2026-10-02 19:18,Sipnjoy,SipSquad,SipnJoy - SipSquad Plus Çocuk Su Termosu  | 480 ml - Star Explorer,,480ml,termos,Hepsiburada,2390.0,ok,https://www.hepsiburada.com/sipnjoy-sipsquad-plus-cocuk-su-termosu-480-ml-star-explorer-pm-HBC0000G0K7WP,SipnJoy
2026-10-02 19:18,Sipnjoy,StrawBuddy,SipnJoy - StrawBuddy Tumbler | 360 ml - Turuncu,,360ml,tumbler,Hepsiburada,1590.0,ok,https://www.hepsiburada.com/sipnjoy-strawbuddy-tumbler-360-ml-pm-HBC0000G0K8EW,SipnJoy
2026-10-02 19:18,Sipnjoy,FlipSip,SipnJoy - FlipSip Çocuk Su Termosu | 360 ml - Rescue Crew,,360ml,termos,Hepsiburada,2090.0,ok,https://www.hepsiburada.com/sipnjoy-flipsip-cocuk-su-termosu-360-ml-rescue-crew-pm-HBC0000G0K7WB,SipnJoy
2026-10-02 19:18,Sipnjoy,Handlehug,SipnJoy - HandleHug Tumbler | 550 ml - Lila,,550ml,tumbler,Hepsiburada,2190.0,ok,https://www.hepsiburada.com/sipnjoy-handlehug-tumbler-550-ml-lila-pm-HBC0000G0K7W9,SipnJoy
2026-10-02 19:18,Sipnjoy,FlipSip,SipnJoy - FlipSip Çocuk Su Termosu | 360 ml - Star Explorer,,360ml,termos,Hepsiburada,2090.0,ok,https://www.hepsiburada.com/sipnjoy-flipsip-cocuk-su-termosu-360-ml-star-explorer-pm-HBC0000G0K8EK,SipnJoy
2026-10-02 19:18,Sipnjoy,SipSquad,SipnJoy - SipSquad Plus Çocuk Su Termosu  | 480 ml - Snappy Croc,,480ml,termos,Hepsiburada,2390.0,ok,https://www.hepsiburada.com/sipnjoy-sipsquad-plus-cocuk-su-termosu-480-ml-snappy-croc-pm-HBC0000G0K7WR,SipnJoy
2026-10-02 19:18,Sipnjoy,FlipSip,SipnJoy - FlipSip Çocuk Su Termosu | 360 ml - Lively Roar,,360ml,termos,Hepsiburada,2090.0,ok,https://www.hepsiburada.com/sipnjoy-flipsip-cocuk-su-termosu-360-ml-lively-roar-pm-HBC0000G0K7WJ,SipnJoy
2026-10-02 19:18,Sipnjoy,FlipSip,,cocuk termos,360ml,termos,Hepsiburada,2090.0,ok,https://www.hepsiburada.com/sipnjoy-flipsip-cocuk-su-termosu-360-ml-paslanmaz-celik-koyu-pembe-ergonomik-tasarim-pm-HBC0000G0K8EH?magaza=SipnJoy,
2026-10-02 19:18,Sipnjoy,FlipSip,SipnJoy - FlipSip Çocuk Su Termosu | 360 ml - Turtle Voyage,,360ml,termos,Hepsiburada,2090.0,ok,https://www.hepsiburada.com/sipnjoy-flipsip-cocuk-su-termosu-360-ml-turtle-voyage-p-HBCV0000FTTM3R,SipnJoy
2026-10-02 19:18,Sipnjoy,Handlehug,SipnJoy - HandleHug Tumbler | 550 ml - Mint,,550ml,tumbler,Hepsiburada,2190.0,ok,https://www.hepsiburada.com/sipnjoy-handlehug-tumbler-550-ml-pm-HBC0000910TFA,SipnJoy
2026-10-02 19:18,Sipnjoy,FlipSip,SipnJoy - FlipSip Çocuk Su Termosu | 550 ml -  Dino Roar,,550ml,termos,Hepsiburada,2290.0,ok,https://www.hepsiburada.com/sipnjoy-flipsip-cocuk-su-termosu-550-ml-golden-horn-pm-HBC0000I48X4B,SipnJoy
2026-10-02 19:18,Sipnjoy,FlipSip,SipnJoy - FlipSip Çocuk Su Termosu | 550 ml - Snappy Croc,,550ml,termos,Hepsiburada,2290.0,ok,https://www.hepsiburada.com/sipnjoy-flipsip-cocuk-su-termosu-550-ml-golden-horn-pm-HBC0000I48X49,SipnJoy
2026-10-02 19:18,Sipnjoy,FlipSip,Sipnjoy - Flipsip Çocuk Su Termosu | 550 ml - Golden Horn,,550ml,termos,Hepsiburada,2290.0,ok,https://www.hepsiburada.com/sipnjoy-flipsip-cocuk-su-termosu-550-ml-golden-horn-pm-HBC0000G0I4B9,SipnJoy
2026-10-02 19:18,Sipnjoy,FlipSip,SipnJoy - FlipSip Çocuk Su Termosu | 360 ml -  Dino Roar,,360ml,termos,Hepsiburada,2090.0,ok,https://www.hepsiburada.com/sipnjoy-flipsip-cocuk-su-termosu-360-ml-dino-roar-pm-HBC0000G0K8EJ,SipnJoy
2026-10-02 19:18,Sipnjoy,StrawBuddy,SipnJoy - StrawBuddy Tumbler | 360 ml - Aqua,,360ml,tumbler,Hepsiburada,1590.0,ok,https://www.hepsiburada.com/sipnjoy-strawbuddy-tumbler-360-ml-pm-HBC0000910SIS,SipnJoy
2026-10-02 19:18,Sipnjoy,StrawBuddy,SipnJoy - StrawBuddy Tumbler | 360 ml - Sarı,,360ml,tumbler,Hepsiburada,1590.0,ok,https://www.hepsiburada.com/sipnjoy-strawbuddy-tumbler-360-ml-pm-HBC0000G0K8EP,SipnJoy
2026-10-02 19:18,Sipnjoy,Handlehug,SipnJoy - HandleHug Tumbler | 550 ml - Limon,,550ml,tumbler,Hepsiburada,2190.0,ok,https://www.hepsiburada.com/sipnjoy-handlehug-tumbler-550-ml-limon-pm-HBC0000G0K7W7,SipnJoy
2026-10-02 19:18,Sipnjoy,Handlehug,SipnJoy - HandleHug Tumbler | 550 ml - Sarı,,550ml,tumbler,Hepsiburada,2190.0,ok,https://www.hepsiburada.com/sipnjoy-handlehug-sari-termos-550-ml-paslanmaz-celik-ile-cocuklar-icin-ergonomik-tasarim-pm-HBC0000G0K8EL,SipnJoy
2026-10-02 19:18,Sipnjoy,FlipSip,SipnJoy - FlipSip Çocuk Su Termosu | 360 ml - Adventure Trails,,360ml,termos,Hepsiburada,2090.0,ok,https://www.hepsiburada.com/sipnjoy-flipsip-cocuk-su-termosu-360-ml-adventure-trail-pm-HBC0000G0K8EI,SipnJoy
2026-10-02 19:18,Sipnjoy,FlipSip,SipnJoy - FlipSip Çocuk Su Termosu | 360 ml - Snappy Croc,,360ml,termos,Hepsiburada,2090.0,ok,https://www.hepsiburada.com/sipnjoy-flipsip-cocuk-su-termosu-360-ml-pm-HBC0000FYUU2Z,SipnJoy
2026-10-02 19:18,Sipnjoy,Handlehug,SipnJoy - HandleHug Tumbler | 550 ml - Pembe,,550ml,tumbler,Hepsiburada,2190.0,ok,https://www.hepsiburada.com/sipnjoy-550-ml-termos-pembe-renkli-paslanmaz-celik-handlehug-tumbler-ergonomik-tasarim-pm-HBC0000G0K8EX,SipnJoy
2026-10-02 19:18,Sipnjoy,Handlehug,SipnJoy - HandleHug Tumbler | 550 ml - Lacivert,,550ml,tumbler,Hepsiburada,2190.0,ok,https://www.hepsiburada.com/sipnjoy-handlehug-tumbler-550-ml-lacivert-pm-HBC0000G0K7W8,SipnJoy
2026-10-02 19:18,Sipnjoy,FlipSip,,cocuk termos,360ml,termos,Hepsiburada,2090.0,ok,https://www.hepsiburada.com/sipnjoy-flipsip-cocuk-su-termosu-360-ml-jungle-jam-pm-HBC0000G0K7WG?magaza=SipnJoy,
2026-10-02 19:18,Sipnjoy,Handlehug,SipnJoy - HandleHug Tumbler | 550 ml - Turkuaz,,550ml,tumbler,Hepsiburada,2190.0,ok,https://www.hepsiburada.com/sipnjoy-handlehug-tumbler-550-ml-turkuaz-pm-HBC0000G0K7W5,SipnJoy
2026-10-02 19:18,Sipnjoy,FlipSip,SipnJoy - FlipSip Çocuk Su Termosu | 360 ml - Jolly Elephant,,360ml,termos,Hepsiburada,2090.0,ok,https://www.hepsiburada.com/sipnjoy-flipsip-cocuk-su-termosu-360-ml-jolly-elephant-pm-HBC0000FTT9N7,SipnJoy
2026-10-02 19:18,Sipnjoy,FlipSip,SipnJoy - FlipSip Çocuk Su Termosu | 360 ml - Twisty Joy,,360ml,termos,Hepsiburada,2090.0,ok,https://www.hepsiburada.com/sipnjoy-flipsip-cocuk-su-termosu-360-ml-twisty-joy-pm-HBC0000G0K7WL,SipnJoy
2026-10-02 19:18,Sipnjoy,Handlehug,SipnJoy - HandleHug Tumbler | 550 ml - Turuncu,,550ml,tumbler,Hepsiburada,2190.0,ok,https://www.hepsiburada.com/sipnjoy-550-ml-turuncu-termos-handlehug-tumbler-paslanmaz-celik-malzemeden-ergonomik-tasarim-pm-HBC0000G0K8EV,SipnJoy
2026-10-02 19:18,Sipnjoy,Handlehug,SipnJoy - HandleHug Tumbler | 550 ml - Pudra Pembe,,550ml,tumbler,Hepsiburada,2190.0,ok,https://www.hepsiburada.com/sipnjoy-handlehug-tumbler-550-ml-pudra-pembe-pm-HBC0000G0K7W6,SipnJoy
2026-10-02 19:18,Sipnjoy,FlipSip,SipnJoy - FlipSip Çocuk Su Termosu | 360 ml - Giggle Giraffe,,360ml,termos,Hepsiburada,2090.0,ok,https://www.hepsiburada.com/sipnjoy-flipsip-cocuk-su-termosu-360-ml-giggle-giraffe-pm-HBC0000G0K7WK,SipnJoy
2026-10-02 19:18,Cool Bottles,The Bottle,Cool Bottles The Bottle El Tipo Raro Positive Revolution 500 ml Matara,,500ml,matara,Hepsiburada,3420.0,ok,https://www.hepsiburada.com/cool-bottles-the-bottle-el-tipo-raro-positive-revolution-500-ml-matara-pm-HBC0000JR2HLE,Mareas
2026-10-02 19:18,Cool Bottles,Matara,Cool Bottles The Kids Bottle Music Beat 350 ml Çocuk Matarası,,350ml,matara,Hepsiburada,3150.0,ok,https://www.hepsiburada.com/cool-bottles-the-kids-bottle-music-beat-350-ml-cocuk-matarasi-pm-HBC0000JR2411,Mareas
2026-10-02 19:18,Cool Bottles,Matara,Cool Bottles The Kiddie Bottle Sprt& Sprinkles Land 350 ml Çocuk Matarası,,350ml,matara,Hepsiburada,3150.0,ok,https://www.hepsiburada.com/cool-bottles-the-kiddie-bottle-sprt-sprinkles-land-350-ml-cocuk-matarasi-pm-HBC0000JR28D2,Mareas
2026-10-02 19:18,Cool Bottles,Matara,Cool Bottles The Kids Bottle - Rolling Skaters 500ML,,500ml,matara,Hepsiburada,3420.0,ok,https://www.hepsiburada.com/the-kids-bottle-rolling-skaters-500ml-pm-HBC0000BST045,Mareas
2026-10-02 19:18,Cool Bottles,The Bottle,Cool Bottles The Bottle Moniquilla Rock Garden 500 ml Matara,,500ml,matara,Hepsiburada,3420.0,ok,https://www.hepsiburada.com/cool-bottles-the-bottle-moniquilla-rock-garden-500-ml-matara-pm-HBC0000JR2BV7,Mareas
2026-10-02 19:18,Cool Bottles,Matara,Cool Bottles The Kids Bottle Sprt& Pink Scoop 350 ml Çocuk Matarası,,350ml,matara,Hepsiburada,3150.0,ok,https://www.hepsiburada.com/cool-bottles-the-kids-bottle-sprt-pink-scoop-350-ml-cocuk-matarasi-pm-HBC0000JR2CCR,Mareas
2026-10-02 19:18,Cool Bottles,Matara,Cool Bottles The Kids Bottle Sprt& Blue Scoop 350 ml Çocuk Matarası,,350ml,matara,Hepsiburada,3150.0,ok,https://www.hepsiburada.com/cool-bottles-the-kids-bottle-sprt-blue-scoop-350-ml-cocuk-matarasi-pm-HBC0000JR22NO,Mareas
2026-10-02 19:18,Cool Bottles,Matara,Cool Bottles The Kiddie Bottle - Roar Time 350ML,,350ml,matara,Hepsiburada,3150.0,ok,https://www.hepsiburada.com/the-kiddie-bottle-roar-time-350ml-pm-HBC0000BSSYCJ,Mareas
2026-10-02 19:18,Cool Bottles,Matara,Cool Bottles The Kids Bottle - Jurassic Era 350ML,,350ml,matara,Hepsiburada,3150.0,ok,https://www.hepsiburada.com/the-kids-bottle-jurassic-era-350ml-pm-HBC0000BSTMRV,Mareas
2026-10-02 19:18,Cool Bottles,Matara,Cool Bottles The Kiddie Bottle - Rainbow Clouds 350ML,,350ml,matara,Hepsiburada,3150.0,ok,https://www.hepsiburada.com/the-kiddie-bottle-rainbow-clouds-350ml-pm-HBC0000BSTR6U,Mareas
2026-10-02 19:18,Cool Bottles,Matara,Cool Bottles The Kiddie Bottle - Little Wheels 350ML,,350ml,matara,Hepsiburada,3150.0,ok,https://www.hepsiburada.com/the-kiddie-bottle-little-wheels-350ml-pm-HBC0000BSOJ6X,Mareas
2026-10-02 19:18,Cool Bottles,The Bottle,Cool Bottles The Bottle - Mystical Lions 500ML,,500ml,matara,Hepsiburada,3420.0,ok,https://www.hepsiburada.com/the-bottle-mystical-lions-500ml-pm-HBC0000BSSSKJ,Mareas
2026-10-02 19:18,Cool Bottles,The Bottle,Cool Bottles The Bottle - Good Vibes 500ML,,500ml,matara,Hepsiburada,3420.0,ok,https://www.hepsiburada.com/the-bottle-good-vibes-500ml-pm-HBC0000BST24G,Mareas
2026-10-02 19:18,Cool Bottles,The Bottle,Cool Bottles The Bottle - Floral Madness 500ML,,500ml,matara,Hepsiburada,3420.0,ok,https://www.hepsiburada.com/the-bottle-floral-madness-500ml-pm-HBC0000BSTJME,Mareas
2026-10-02 19:18,Cool Bottles,The Bottle,Cool Bottles The Bottle - Allegra 500ML,,500ml,matara,Hepsiburada,3420.0,ok,https://www.hepsiburada.com/the-bottle-allegra-500ml-pm-HBC0000BSTQ1W,Mareas
2026-10-02 19:18,Cool Bottles,Matara,Cool Bottles The Kids Bottle - Play Mode 500ML,,500ml,matara,Hepsiburada,3420.0,ok,https://www.hepsiburada.com/the-kids-bottle-play-mode-500ml-pm-HBC0000BSTISH,Mareas
2026-10-02 19:18,Cool Bottles,The Bottle,Cool Bottles The Bottle - Mediterranean 500ML,,500ml,matara,Hepsiburada,3420.0,ok,https://www.hepsiburada.com/the-bottle-mediterranean-500ml-pm-HBC0000BSSUQA,Mareas
2026-10-02 19:18,Cool Bottles,The Bottle,Cool Bottles The Bottle - Pastel Green 500ML,,500ml,matara,Hepsiburada,2519.9,ok,https://www.hepsiburada.com/the-bottle-pastel-green-500ml-pm-HBC0000BSTQOV,Mareas
2026-10-02 19:18,Cool Bottles,Matara,Cool Bottles The Kids Bottle - Curious Explorers 350ML,,350ml,matara,Hepsiburada,3150.0,ok,https://www.hepsiburada.com/the-kids-bottle-curious-explorers-350ml-pm-HBC0000BSTDLM,Mareas
2026-10-02 19:18,Cool Bottles,Matara,Cool Bottles The Kids Bottle - Magical Fairies 350ML,,350ml,matara,Hepsiburada,3150.0,ok,https://www.hepsiburada.com/the-kids-bottle-magical-fairies-350ml-pm-HBC0000BST8WQ,Mareas
2026-10-02 19:18,Cool Bottles,The Bottle,Cool Bottles The Bottle - René 500ML,,500ml,matara,Hepsiburada,3420.0,ok,https://www.hepsiburada.com/the-bottle-ren-500ml-pm-HBC0000BSTKCT,Mareas
2026-10-02 19:18,Cool Bottles,Matara,Cool Bottles The Kids Bottle - Sweet Mermaids 350ML,,350ml,matara,Hepsiburada,3150.0,ok,https://www.hepsiburada.com/the-kids-bottle-sweet-mermaids-350ml-pm-HBC0000BSTM6N,Mareas
2026-10-02 19:18,Cool Bottles,Matara,Cool Bottles The Kids Bottle - Outdoor Adventure 500ML,,500ml,matara,Hepsiburada,3420.0,ok,https://www.hepsiburada.com/the-kids-bottle-outdoor-adventure-500ml-pm-HBC0000BSTFD3,Mareas
2026-10-02 19:18,Cool Bottles,Matara,Cool Bottles The Kiddie Bottle - Underwater World 350ML,,350ml,matara,Hepsiburada,3150.0,ok,https://www.hepsiburada.com/the-kiddie-bottle-underwater-world-350ml-pm-HBC0000BST047,Mareas
2026-10-02 19:18,Cool Bottles,Matara,Cool Bottles The Kids Bottle - Funny Unicorns 350ML,,350ml,matara,Hepsiburada,3150.0,ok,https://www.hepsiburada.com/the-kids-bottle-funny-unicorns-350ml-pm-HBC0000BSTHBB,Mareas
2026-10-02 19:18,Cool Bottles,Matara,Cool Bottles The Kiddie Bottle - Whisker Kittens 350ML,,350ml,matara,Hepsiburada,3150.0,ok,https://www.hepsiburada.com/the-kiddie-bottle-whisker-kittens-350ml-pm-HBC0000BSTGCP,Mareas
2026-10-02 19:18,Cool Bottles,Matara,Cool Bottles The Kids Bottle - Dragon Dreams 350ML,,350ml,matara,Hepsiburada,3150.0,ok,https://www.hepsiburada.com/the-kids-bottle-dragon-dreams-350ml-pm-HBC0000BST8NG,Mareas
2026-10-02 19:18,Cool Bottles,Matara,Cool Bottles The Kids Bottle - Galactic Ride 500ML,,500ml,matara,Hepsiburada,3420.0,ok,https://www.hepsiburada.com/the-kids-bottle-galactic-ride-500ml-pm-HBC0000BSR09Q,Mareas
2026-10-02 19:18,Cool Bottles,Matara,Cool Bottles The Kids Bottle - Messy Robots 350ML,,350ml,matara,Hepsiburada,3150.0,ok,https://www.hepsiburada.com/the-kids-bottle-messy-robots-350ml-pm-HBC0000BSSYCH,Mareas
2026-10-02 19:18,Cool Bottles,The Bottle,Cool Bottles The Bottle - Tudor Village 500ML,,500ml,matara,Hepsiburada,2819.9,ok,https://www.hepsiburada.com/the-bottle-tudor-village-500ml-pm-HBC0000BST9Q6,Mareas
2026-10-02 19:18,Cool Bottles,Matara,Cool Bottles The Kiddie Bottle - Woodland Buddies 350ML,,350ml,matara,Hepsiburada,3150.0,ok,https://www.hepsiburada.com/the-kiddie-bottle-woodland-buddies-350ml-pm-HBC0000BST9Q8,Mareas
2026-10-02 19:18,Cool Bottles,Matara,Cool Bottles The Kids Bottle - Candy Land 350ML,,350ml,matara,Hepsiburada,3150.0,ok,https://www.hepsiburada.com/the-kids-bottle-candy-land-350ml-pm-HBC0000BSTM6P,Mareas
2026-10-02 19:18,Sipnjoy,FlipSip,,cocuk termos,360ml,termos,Hepsiburada,,urun_bulunamadi,https://www.hepsiburada.com/sipnjoy-flipsip-cocuk-su-termosu-360-ml-fly-pal-pm-HBC0000G0K7WF?magaza=SipnJoy,
2026-10-02 19:18,Sipnjoy,FlipSip,,cocuk termos,360ml,termos,Hepsiburada,,urun_bulunamadi,https://www.hepsiburada.com/sipnjoy-flipsip-cocuk-su-termosu-360-ml-firefighter-buddy-pm-HBC0000G0K7WC?magaza=SipnJoy,
2026-10-02 19:18,Sipnjoy,FlipSip,,cocuk termos,360ml,termos,Hepsiburada,,urun_bulunamadi,https://www.hepsiburada.com/sipnjoy-flipsip-cocuk-su-termosu-360-ml-bee-honey-pm-HBC0000G0K7WD?magaza=SipnJoy,
2026-10-02 19:18,Sipnjoy,SippyPals,,cocuk termos,360ml,termos,Hepsiburada,,urun_bulunamadi,https://www.hepsiburada.com/sipnjoy-sippypals-cocuk-su-termosu-360-ml-koyu-mavi-pm-HBC0000C5G4SC?magaza=SipnJoy,
2026-10-02 19:18,Sipnjoy,WideWonder,,cocuk termos,420ml,termos,Hepsiburada,,urun_bulunamadi,https://www.hepsiburada.com/sipnjoy-widewonder-cocuk-su-termosu-420-ml-swan-harmony-pm-HBC0000G0K8E3?magaza=SipnJoy,
2026-10-02 23:49,Sipnjoy,SipSquad,SipnJoy - SipSquad Plus Çocuk Su Termosu  | 480 ml - Fairy Sparkle,,480ml,termos,Hepsiburada,2390.0,ok,https://www.hepsiburada.com/sipnjoy-sipsquad-plus-cocuk-su-termosu-480-ml-fairy-sparkle-pm-HBC0000G0K7WI,SipnJoy
2026-10-02 23:49,Sipnjoy,SipSquad,SipnJoy - SipSquad Plus Çocuk Su Termosu  | 480 ml - Golden Horn,,480ml,termos,Hepsiburada,2390.0,ok,https://www.hepsiburada.com/sipnjoy-sipsquad-plus-cocuk-su-termosu-480-ml-golden-horn-pm-HBC0000G0K7WM,SipnJoy
2026-10-02 23:49,Sipnjoy,SipSquad,SipnJoy - SipSquad Plus Çocuk Su Termosu  | 480 ml - Mermaid Dream,,480ml,termos,Hepsiburada,2390.0,ok,https://www.hepsiburada.com/sipnjoy-sipsquad-plus-cocuk-su-termosu-480-ml-mermaid-dream-pm-HBC0000G0K7WN,SipnJoy
2026-10-02 23:49,Sipnjoy,FlipSip,SipnJoy - FlipSip Çocuk Su Termosu | 550 ml - Mermaid Dream,,550ml,termos,Hepsiburada,2290.0,ok,https://www.hepsiburada.com/sipnjoy-flipsip-cocuk-su-termosu-550-ml-golden-horn-pm-HBC0000I48X4A,SipnJoy
2026-10-02 23:49,Sipnjoy,SipSquad,SipnJoy - SipSquad Plus Çocuk Su Termosu  | 480 ml - Dino Roar,,480ml,termos,Hepsiburada,2390.0,ok,https://www.hepsiburada.com/sipnjoy-sipsquad-plus-cocuk-su-termosu-480-ml-dino-roar-pm-HBC0000G0K7WQ,SipnJoy
2026-10-02 23:49,Sipnjoy,SipSquad,SipnJoy - SipSquad Plus Çocuk Su Termosu  | 480 ml - Ballerina Sparkle,,480ml,termos,Hepsiburada,2390.0,ok,https://www.hepsiburada.com/sipnjoy-sipsquad-plus-cocuk-su-termosu-480-ml-ballerina-sparkle-pm-HBC0000FTT77G,SipnJoy
2026-10-02 23:49,Sipnjoy,FlipSip,SipnJoy - FlipSip Çocuk Su Termosu | 550 ml -  Builder Buddy,,550ml,termos,Hepsiburada,2290.0,ok,https://www.hepsiburada.com/sipnjoy-flipsip-cocuk-su-termosu-550-ml-golden-horn-pm-HBC0000I48X48,SipnJoy
2026-10-02 23:49,Sipnjoy,SippyPals,,cocuk termos,360ml,termos,Hepsiburada,1990.0,ok,https://www.hepsiburada.com/sipnjoy-sippypals-cocuk-su-termosu-360-ml-mor-pm-HBC0000G0K8E5?magaza=SipnJoy,
2026-10-02 23:49,Sipnjoy,FlipSip,SipnJoy - FlipSip Çocuk Su Termosu | 360 ml - Builder Buddy,,360ml,termos,Hepsiburada,2090.0,ok,https://www.hepsiburada.com/sipnjoy-flipsip-cocuk-su-termosu-360-ml-builder-buddy-pm-HBC0000G0K7WA,SipnJoy
2026-10-02 23:49,Sipnjoy,FlipSip,SipnJoy - FlipSip Çocuk Su Termosu | 360 ml - Ballerina Sparkle,,360ml,termos,Hepsiburada,2090.0,ok,https://www.hepsiburada.com/sipnjoy-flipsip-cocuk-su-termosu-360-ml-ballerina-sparkle-p-HBCV0000G0KZF9,SipnJoy
2026-10-02 23:49,Sipnjoy,FlipSip,SipnJoy - FlipSip Çocuk Su Termosu | 550 ml - Star Explorer,,550ml,termos,Hepsiburada,2290.0,ok,https://www.hepsiburada.com/sipnjoy-flipsip-cocuk-su-termosu-550-ml-golden-horn-pm-HBC0000I48X4C,SipnJoy
2026-10-02 23:49,Sipnjoy,FlipSip,SipnJoy - FlipSip Çocuk Su Termosu | 360 ml - Fairy Sparkle,,360ml,termos,Hepsiburada,2090.0,ok,https://www.hepsiburada.com/sipnjoy-lila-renkli-cocuk-su-termosu-360-ml-paslanmaz-celik-ergonomik-tasarim-ozellikli-pm-HBC0000G0K8EZ,SipnJoy
2026-10-02 23:49,Sipnjoy,SipSquad,SipnJoy - SipSquad Plus Çocuk Su Termosu  | 480 ml - Star Explorer,,480ml,termos,Hepsiburada,2390.0,ok,https://www.hepsiburada.com/sipnjoy-sipsquad-plus-cocuk-su-termosu-480-ml-star-explorer-pm-HBC0000G0K7WP,SipnJoy
2026-10-02 23:49,Sipnjoy,StrawBuddy,SipnJoy - StrawBuddy Tumbler | 360 ml - Turuncu,,360ml,tumbler,Hepsiburada,1590.0,ok,https://www.hepsiburada.com/sipnjoy-strawbuddy-tumbler-360-ml-pm-HBC0000G0K8EW,SipnJoy
2026-10-02 23:49,Sipnjoy,FlipSip,SipnJoy - FlipSip Çocuk Su Termosu | 360 ml - Rescue Crew,,360ml,termos,Hepsiburada,2090.0,ok,https://www.hepsiburada.com/sipnjoy-flipsip-cocuk-su-termosu-360-ml-rescue-crew-pm-HBC0000G0K7WB,SipnJoy
2026-10-02 23:49,Sipnjoy,Handlehug,SipnJoy - HandleHug Tumbler | 550 ml - Lila,,550ml,tumbler,Hepsiburada,2190.0,ok,https://www.hepsiburada.com/sipnjoy-handlehug-tumbler-550-ml-lila-pm-HBC0000G0K7W9,SipnJoy
2026-10-02 23:49,Sipnjoy,FlipSip,SipnJoy - FlipSip Çocuk Su Termosu | 360 ml - Star Explorer,,360ml,termos,Hepsiburada,2090.0,ok,https://www.hepsiburada.com/sipnjoy-flipsip-cocuk-su-termosu-360-ml-star-explorer-pm-HBC0000G0K8EK,SipnJoy
2026-10-02 23:49,Sipnjoy,SipSquad,SipnJoy - SipSquad Plus Çocuk Su Termosu  | 480 ml - Snappy Croc,,480ml,termos,Hepsiburada,2390.0,ok,https://www.hepsiburada.com/sipnjoy-sipsquad-plus-cocuk-su-termosu-480-ml-snappy-croc-pm-HBC0000G0K7WR,SipnJoy
2026-10-02 23:49,Sipnjoy,FlipSip,SipnJoy - FlipSip Çocuk Su Termosu | 360 ml - Lively Roar,,360ml,termos,Hepsiburada,2090.0,ok,https://www.hepsiburada.com/sipnjoy-flipsip-cocuk-su-termosu-360-ml-lively-roar-pm-HBC0000G0K7WJ,SipnJoy
2026-10-02 23:49,Sipnjoy,FlipSip,,cocuk termos,360ml,termos,Hepsiburada,2090.0,ok,https://www.hepsiburada.com/sipnjoy-flipsip-cocuk-su-termosu-360-ml-paslanmaz-celik-koyu-pembe-ergonomik-tasarim-pm-HBC0000G0K8EH?magaza=SipnJoy,
2026-10-02 23:49,Sipnjoy,FlipSip,SipnJoy - FlipSip Çocuk Su Termosu | 360 ml - Turtle Voyage,,360ml,termos,Hepsiburada,2090.0,ok,https://www.hepsiburada.com/sipnjoy-flipsip-cocuk-su-termosu-360-ml-turtle-voyage-p-HBCV0000FTTM3R,SipnJoy
2026-10-02 23:49,Sipnjoy,Handlehug,SipnJoy - HandleHug Tumbler | 550 ml - Mint,,550ml,tumbler,Hepsiburada,2190.0,ok,https://www.hepsiburada.com/sipnjoy-handlehug-tumbler-550-ml-pm-HBC0000910TFA,SipnJoy
2026-10-02 23:49,Sipnjoy,FlipSip,SipnJoy - FlipSip Çocuk Su Termosu | 550 ml -  Dino Roar,,550ml,termos,Hepsiburada,2290.0,ok,https://www.hepsiburada.com/sipnjoy-flipsip-cocuk-su-termosu-550-ml-golden-horn-pm-HBC0000I48X4B,SipnJoy
2026-10-02 23:49,Sipnjoy,FlipSip,SipnJoy - FlipSip Çocuk Su Termosu | 550 ml - Snappy Croc,,550ml,termos,Hepsiburada,2290.0,ok,https://www.hepsiburada.com/sipnjoy-flipsip-cocuk-su-termosu-550-ml-golden-horn-pm-HBC0000I48X49,SipnJoy
2026-10-02 23:49,Sipnjoy,FlipSip,Sipnjoy - Flipsip Çocuk Su Termosu | 550 ml - Golden Horn,,550ml,termos,Hepsiburada,2290.0,ok,https://www.hepsiburada.com/sipnjoy-flipsip-cocuk-su-termosu-550-ml-golden-horn-pm-HBC0000G0I4B9,SipnJoy
2026-10-02 23:49,Sipnjoy,FlipSip,SipnJoy - FlipSip Çocuk Su Termosu | 360 ml -  Dino Roar,,360ml,termos,Hepsiburada,2090.0,ok,https://www.hepsiburada.com/sipnjoy-flipsip-cocuk-su-termosu-360-ml-dino-roar-pm-HBC0000G0K8EJ,SipnJoy
2026-10-02 23:49,Sipnjoy,StrawBuddy,SipnJoy - StrawBuddy Tumbler | 360 ml - Aqua,,360ml,tumbler,Hepsiburada,1590.0,ok,https://www.hepsiburada.com/sipnjoy-strawbuddy-tumbler-360-ml-pm-HBC0000910SIS,SipnJoy
2026-10-02 23:49,Sipnjoy,StrawBuddy,SipnJoy - StrawBuddy Tumbler | 360 ml - Sarı,,360ml,tumbler,Hepsiburada,1590.0,ok,https://www.hepsiburada.com/sipnjoy-strawbuddy-tumbler-360-ml-pm-HBC0000G0K8EP,SipnJoy
2026-10-02 23:49,Sipnjoy,Handlehug,SipnJoy - HandleHug Tumbler | 550 ml - Limon,,550ml,tumbler,Hepsiburada,2190.0,ok,https://www.hepsiburada.com/sipnjoy-handlehug-tumbler-550-ml-limon-pm-HBC0000G0K7W7,SipnJoy
2026-10-02 23:49,Sipnjoy,Handlehug,SipnJoy - HandleHug Tumbler | 550 ml - Sarı,,550ml,tumbler,Hepsiburada,2190.0,ok,https://www.hepsiburada.com/sipnjoy-handlehug-sari-termos-550-ml-paslanmaz-celik-ile-cocuklar-icin-ergonomik-tasarim-pm-HBC0000G0K8EL,SipnJoy
2026-10-02 23:49,Sipnjoy,FlipSip,SipnJoy - FlipSip Çocuk Su Termosu | 360 ml - Adventure Trails,,360ml,termos,Hepsiburada,2090.0,ok,https://www.hepsiburada.com/sipnjoy-flipsip-cocuk-su-termosu-360-ml-adventure-trail-pm-HBC0000G0K8EI,SipnJoy
2026-10-02 23:49,Sipnjoy,FlipSip,SipnJoy - FlipSip Çocuk Su Termosu | 360 ml - Snappy Croc,,360ml,termos,Hepsiburada,2090.0,ok,https://www.hepsiburada.com/sipnjoy-flipsip-cocuk-su-termosu-360-ml-pm-HBC0000FYUU2Z,SipnJoy
2026-10-02 23:49,Sipnjoy,Handlehug,SipnJoy - HandleHug Tumbler | 550 ml - Pembe,,550ml,tumbler,Hepsiburada,2190.0,ok,https://www.hepsiburada.com/sipnjoy-550-ml-termos-pembe-renkli-paslanmaz-celik-handlehug-tumbler-ergonomik-tasarim-pm-HBC0000G0K8EX,SipnJoy
2026-10-02 23:49,Sipnjoy,Handlehug,SipnJoy - HandleHug Tumbler | 550 ml - Lacivert,,550ml,tumbler,Hepsiburada,2190.0,ok,https://www.hepsiburada.com/sipnjoy-handlehug-tumbler-550-ml-lacivert-pm-HBC0000G0K7W8,SipnJoy
2026-10-02 23:49,Sipnjoy,FlipSip,,cocuk termos,360ml,termos,Hepsiburada,2090.0,ok,https://www.hepsiburada.com/sipnjoy-flipsip-cocuk-su-termosu-360-ml-jungle-jam-pm-HBC0000G0K7WG?magaza=SipnJoy,
2026-10-02 23:49,Sipnjoy,Handlehug,SipnJoy - HandleHug Tumbler | 550 ml - Turkuaz,,550ml,tumbler,Hepsiburada,2190.0,ok,https://www.hepsiburada.com/sipnjoy-handlehug-tumbler-550-ml-turkuaz-pm-HBC0000G0K7W5,SipnJoy
2026-10-02 23:49,Sipnjoy,FlipSip,SipnJoy - FlipSip Çocuk Su Termosu | 360 ml - Jolly Elephant,,360ml,termos,Hepsiburada,2090.0,ok,https://www.hepsiburada.com/sipnjoy-flipsip-cocuk-su-termosu-360-ml-jolly-elephant-pm-HBC0000FTT9N7,SipnJoy
2026-10-02 23:49,Sipnjoy,FlipSip,SipnJoy - FlipSip Çocuk Su Termosu | 360 ml - Twisty Joy,,360ml,termos,Hepsiburada,2090.0,ok,https://www.hepsiburada.com/sipnjoy-flipsip-cocuk-su-termosu-360-ml-twisty-joy-pm-HBC0000G0K7WL,SipnJoy
2026-10-02 23:49,Sipnjoy,Handlehug,SipnJoy - HandleHug Tumbler | 550 ml - Turuncu,,550ml,tumbler,Hepsiburada,2190.0,ok,https://www.hepsiburada.com/sipnjoy-550-ml-turuncu-termos-handlehug-tumbler-paslanmaz-celik-malzemeden-ergonomik-tasarim-pm-HBC0000G0K8EV,SipnJoy
2026-10-02 23:49,Sipnjoy,Handlehug,SipnJoy - HandleHug Tumbler | 550 ml - Pudra Pembe,,550ml,tumbler,Hepsiburada,2190.0,ok,https://www.hepsiburada.com/sipnjoy-handlehug-tumbler-550-ml-pudra-pembe-pm-HBC0000G0K7W6,SipnJoy
2026-10-02 23:49,Sipnjoy,FlipSip,SipnJoy - FlipSip Çocuk Su Termosu | 360 ml - Giggle Giraffe,,360ml,termos,Hepsiburada,2090.0,ok,https://www.hepsiburada.com/sipnjoy-flipsip-cocuk-su-termosu-360-ml-giggle-giraffe-pm-HBC0000G0K7WK,SipnJoy
2026-10-02 23:49,Cool Bottles,The Bottle,Cool Bottles The Bottle El Tipo Raro Positive Revolution 500 ml Matara,,500ml,matara,Hepsiburada,3420.0,ok,https://www.hepsiburada.com/cool-bottles-the-bottle-el-tipo-raro-positive-revolution-500-ml-matara-pm-HBC0000JR2HLE,Mareas
2026-10-02 23:49,Cool Bottles,Matara,Cool Bottles The Kiddie Bottle Sprt& Sprinkles Land 350 ml Çocuk Matarası,,350ml,matara,Hepsiburada,3150.0,ok,https://www.hepsiburada.com/cool-bottles-the-kiddie-bottle-sprt-sprinkles-land-350-ml-cocuk-matarasi-pm-HBC0000JR28D2,Mareas
2026-10-02 23:49,Cool Bottles,Matara,Cool Bottles The Kids Bottle Music Beat 350 ml Çocuk Matarası,,350ml,matara,Hepsiburada,3150.0,ok,https://www.hepsiburada.com/cool-bottles-the-kids-bottle-music-beat-350-ml-cocuk-matarasi-pm-HBC0000JR2411,Mareas
2026-10-02 23:49,Cool Bottles,Matara,Cool Bottles The Kids Bottle - Rolling Skaters 500ML,,500ml,matara,Hepsiburada,3420.0,ok,https://www.hepsiburada.com/the-kids-bottle-rolling-skaters-500ml-pm-HBC0000BST045,Mareas
2026-10-02 23:49,Cool Bottles,The Bottle,Cool Bottles The Bottle Moniquilla Rock Garden 500 ml Matara,,500ml,matara,Hepsiburada,3420.0,ok,https://www.hepsiburada.com/cool-bottles-the-bottle-moniquilla-rock-garden-500-ml-matara-pm-HBC0000JR2BV7,Mareas
2026-10-02 23:49,Cool Bottles,Matara,Cool Bottles The Kids Bottle Sprt& Pink Scoop 350 ml Çocuk Matarası,,350ml,matara,Hepsiburada,3150.0,ok,https://www.hepsiburada.com/cool-bottles-the-kids-bottle-sprt-pink-scoop-350-ml-cocuk-matarasi-pm-HBC0000JR2CCR,Mareas
2026-10-02 23:49,Cool Bottles,Matara,Cool Bottles The Kids Bottle Sprt& Blue Scoop 350 ml Çocuk Matarası,,350ml,matara,Hepsiburada,3150.0,ok,https://www.hepsiburada.com/cool-bottles-the-kids-bottle-sprt-blue-scoop-350-ml-cocuk-matarasi-pm-HBC0000JR22NO,Mareas
2026-10-02 23:49,Cool Bottles,Matara,Cool Bottles The Kiddie Bottle - Roar Time 350ML,,350ml,matara,Hepsiburada,3150.0,ok,https://www.hepsiburada.com/the-kiddie-bottle-roar-time-350ml-pm-HBC0000BSSYCJ,Mareas
2026-10-02 23:49,Cool Bottles,Matara,Cool Bottles The Kids Bottle - Jurassic Era 350ML,,350ml,matara,Hepsiburada,3150.0,ok,https://www.hepsiburada.com/the-kids-bottle-jurassic-era-350ml-pm-HBC0000BSTMRV,Mareas
2026-10-02 23:49,Cool Bottles,Matara,Cool Bottles The Kiddie Bottle - Rainbow Clouds 350ML,,350ml,matara,Hepsiburada,3150.0,ok,https://www.hepsiburada.com/the-kiddie-bottle-rainbow-clouds-350ml-pm-HBC0000BSTR6U,Mareas
2026-10-02 23:49,Cool Bottles,Matara,Cool Bottles The Kiddie Bottle - Little Wheels 350ML,,350ml,matara,Hepsiburada,3150.0,ok,https://www.hepsiburada.com/the-kiddie-bottle-little-wheels-350ml-pm-HBC0000BSOJ6X,Mareas
2026-10-02 23:49,Cool Bottles,The Bottle,Cool Bottles The Bottle - Mystical Lions 500ML,,500ml,matara,Hepsiburada,3420.0,ok,https://www.hepsiburada.com/the-bottle-mystical-lions-500ml-pm-HBC0000BSSSKJ,Mareas
2026-10-02 23:49,Cool Bottles,The Bottle,Cool Bottles The Bottle - Good Vibes 500ML,,500ml,matara,Hepsiburada,3420.0,ok,https://www.hepsiburada.com/the-bottle-good-vibes-500ml-pm-HBC0000BST24G,Mareas
2026-10-02 23:49,Cool Bottles,The Bottle,Cool Bottles The Bottle - Floral Madness 500ML,,500ml,matara,Hepsiburada,3420.0,ok,https://www.hepsiburada.com/the-bottle-floral-madness-500ml-pm-HBC0000BSTJME,Mareas
2026-10-02 23:49,Cool Bottles,The Bottle,Cool Bottles The Bottle - Allegra 500ML,,500ml,matara,Hepsiburada,3420.0,ok,https://www.hepsiburada.com/the-bottle-allegra-500ml-pm-HBC0000BSTQ1W,Mareas
2026-10-02 23:49,Cool Bottles,Matara,Cool Bottles The Kids Bottle - Play Mode 500ML,,500ml,matara,Hepsiburada,3420.0,ok,https://www.hepsiburada.com/the-kids-bottle-play-mode-500ml-pm-HBC0000BSTISH,Mareas
2026-10-02 23:49,Cool Bottles,The Bottle,Cool Bottles The Bottle - Mediterranean 500ML,,500ml,matara,Hepsiburada,3420.0,ok,https://www.hepsiburada.com/the-bottle-mediterranean-500ml-pm-HBC0000BSSUQA,Mareas
2026-10-02 23:49,Cool Bottles,The Bottle,Cool Bottles The Bottle - Pastel Green 500ML,,500ml,matara,Hepsiburada,2519.9,ok,https://www.hepsiburada.com/the-bottle-pastel-green-500ml-pm-HBC0000BSTQOV,Mareas
2026-10-02 23:49,Cool Bottles,Matara,Cool Bottles The Kids Bottle - Curious Explorers 350ML,,350ml,matara,Hepsiburada,3150.0,ok,https://www.hepsiburada.com/the-kids-bottle-curious-explorers-350ml-pm-HBC0000BSTDLM,Mareas
2026-10-02 23:49,Cool Bottles,Matara,Cool Bottles The Kids Bottle - Magical Fairies 350ML,,350ml,matara,Hepsiburada,3150.0,ok,https://www.hepsiburada.com/the-kids-bottle-magical-fairies-350ml-pm-HBC0000BST8WQ,Mareas
2026-10-02 23:49,Cool Bottles,The Bottle,Cool Bottles The Bottle - Dragonfly Paradise 500ML,,500ml,matara,Hepsiburada,3420.0,ok,https://www.hepsiburada.com/the-bottle-dragonfly-paradise-500ml-pm-HBC0000BST0HH,Mareas
2026-10-02 23:49,Cool Bottles,The Bottle,Cool Bottles The Bottle - René 500ML,,500ml,matara,Hepsiburada,3420.0,ok,https://www.hepsiburada.com/the-bottle-ren-500ml-pm-HBC0000BSTKCT,Mareas
2026-10-02 23:49,Cool Bottles,Matara,Cool Bottles The Kids Bottle - Sweet Mermaids 350ML,,350ml,matara,Hepsiburada,3150.0,ok,https://www.hepsiburada.com/the-kids-bottle-sweet-mermaids-350ml-pm-HBC0000BSTM6N,Mareas
2026-10-02 23:49,Cool Bottles,Matara,Cool Bottles The Kids Bottle - Outdoor Adventure 500ML,,500ml,matara,Hepsiburada,3420.0,ok,https://www.hepsiburada.com/the-kids-bottle-outdoor-adventure-500ml-pm-HBC0000BSTFD3,Mareas
2026-10-02 23:49,Cool Bottles,Matara,Cool Bottles The Kiddie Bottle - Underwater World 350ML,,350ml,matara,Hepsiburada,3150.0,ok,https://www.hepsiburada.com/the-kiddie-bottle-underwater-world-350ml-pm-HBC0000BST047,Mareas
2026-10-02 23:49,Cool Bottles,Matara,Cool Bottles The Kids Bottle - Funny Unicorns 350ML,,350ml,matara,Hepsiburada,3150.0,ok,https://www.hepsiburada.com/the-kids-bottle-funny-unicorns-350ml-pm-HBC0000BSTHBB,Mareas
2026-10-02 23:49,Cool Bottles,Matara,Cool Bottles The Kiddie Bottle - Whisker Kittens 350ML,,350ml,matara,Hepsiburada,3150.0,ok,https://www.hepsiburada.com/the-kiddie-bottle-whisker-kittens-350ml-pm-HBC0000BSTGCP,Mareas
2026-10-02 23:49,Cool Bottles,Matara,Cool Bottles The Kids Bottle - Dragon Dreams 350ML,,350ml,matara,Hepsiburada,3150.0,ok,https://www.hepsiburada.com/the-kids-bottle-dragon-dreams-350ml-pm-HBC0000BST8NG,Mareas
2026-10-02 23:49,Cool Bottles,Matara,Cool Bottles The Kids Bottle - Galactic Ride 500ML,,500ml,matara,Hepsiburada,3420.0,ok,https://www.hepsiburada.com/the-kids-bottle-galactic-ride-500ml-pm-HBC0000BSR09Q,Mareas
2026-10-02 23:49,Cool Bottles,Matara,Cool Bottles The Kids Bottle - Messy Robots 350ML,,350ml,matara,Hepsiburada,3150.0,ok,https://www.hepsiburada.com/the-kids-bottle-messy-robots-350ml-pm-HBC0000BSSYCH,Mareas
2026-10-02 23:49,Cool Bottles,The Bottle,Cool Bottles The Bottle - Tudor Village 500ML,,500ml,matara,Hepsiburada,2819.9,ok,https://www.hepsiburada.com/the-bottle-tudor-village-500ml-pm-HBC0000BST9Q6,Mareas
2026-10-02 23:49,Cool Bottles,Matara,Cool Bottles The Kiddie Bottle - Woodland Buddies 350ML,,350ml,matara,Hepsiburada,3150.0,ok,https://www.hepsiburada.com/the-kiddie-bottle-woodland-buddies-350ml-pm-HBC0000BST9Q8,Mareas
2026-10-02 23:49,Cool Bottles,Matara,Cool Bottles The Kids Bottle - Candy Land 350ML,,350ml,matara,Hepsiburada,3150.0,ok,https://www.hepsiburada.com/the-kids-bottle-candy-land-350ml-pm-HBC0000BSTM6P,Mareas
2026-10-02 23:49,Sipnjoy,FlipSip,,cocuk termos,360ml,termos,Hepsiburada,,urun_bulunamadi,https://www.hepsiburada.com/sipnjoy-flipsip-cocuk-su-termosu-360-ml-fly-pal-pm-HBC0000G0K7WF?magaza=SipnJoy,
2026-10-02 23:49,Sipnjoy,FlipSip,,cocuk termos,360ml,termos,Hepsiburada,,urun_bulunamadi,https://www.hepsiburada.com/sipnjoy-flipsip-cocuk-su-termosu-360-ml-firefighter-buddy-pm-HBC0000G0K7WC?magaza=SipnJoy,
2026-10-02 23:49,Sipnjoy,FlipSip,,cocuk termos,360ml,termos,Hepsiburada,,urun_bulunamadi,https://www.hepsiburada.com/sipnjoy-flipsip-cocuk-su-termosu-360-ml-bee-honey-pm-HBC0000G0K7WD?magaza=SipnJoy,
2026-10-02 23:49,Sipnjoy,SippyPals,,cocuk termos,360ml,termos,Hepsiburada,,urun_bulunamadi,https://www.hepsiburada.com/sipnjoy-sippypals-cocuk-su-termosu-360-ml-koyu-mavi-pm-HBC0000C5G4SC?magaza=SipnJoy,
2026-10-02 23:49,Sipnjoy,WideWonder,,cocuk termos,420ml,termos,Hepsiburada,,urun_bulunamadi,https://www.hepsiburada.com/sipnjoy-widewonder-cocuk-su-termosu-420-ml-swan-harmony-pm-HBC0000G0K8E3?magaza=SipnJoy,
2026-10-03 03:34,Sipnjoy,SipSquad,SipnJoy - SipSquad Plus Çocuk Su Termosu  | 480 ml - Fairy Sparkle,,480ml,termos,Hepsiburada,2390.0,ok,https://www.hepsiburada.com/sipnjoy-sipsquad-plus-cocuk-su-termosu-480-ml-fairy-sparkle-pm-HBC0000G0K7WI,SipnJoy
2026-10-03 03:34,Sipnjoy,SipSquad,SipnJoy - SipSquad Plus Çocuk Su Termosu  | 480 ml - Golden Horn,,480ml,termos,Hepsiburada,2390.0,ok,https://www.hepsiburada.com/sipnjoy-sipsquad-plus-cocuk-su-termosu-480-ml-golden-horn-pm-HBC0000G0K7WM,SipnJoy
2026-10-03 03:34,Sipnjoy,SipSquad,SipnJoy - SipSquad Plus Çocuk Su Termosu  | 480 ml - Mermaid Dream,,480ml,termos,Hepsiburada,2390.0,ok,https://www.hepsiburada.com/sipnjoy-sipsquad-plus-cocuk-su-termosu-480-ml-mermaid-dream-pm-HBC0000G0K7WN,SipnJoy
2026-10-03 03:34,Sipnjoy,FlipSip,SipnJoy - FlipSip Çocuk Su Termosu | 550 ml - Mermaid Dream,,550ml,termos,Hepsiburada,2290.0,ok,https://www.hepsiburada.com/sipnjoy-flipsip-cocuk-su-termosu-550-ml-golden-horn-pm-HBC0000I48X4A,SipnJoy
2026-10-03 03:34,Sipnjoy,SipSquad,SipnJoy - SipSquad Plus Çocuk Su Termosu  | 480 ml - Dino Roar,,480ml,termos,Hepsiburada,2390.0,ok,https://www.hepsiburada.com/sipnjoy-sipsquad-plus-cocuk-su-termosu-480-ml-dino-roar-pm-HBC0000G0K7WQ,SipnJoy
2026-10-03 03:34,Sipnjoy,SipSquad,SipnJoy - SipSquad Plus Çocuk Su Termosu  | 480 ml - Ballerina Sparkle,,480ml,termos,Hepsiburada,2390.0,ok,https://www.hepsiburada.com/sipnjoy-sipsquad-plus-cocuk-su-termosu-480-ml-ballerina-sparkle-pm-HBC0000FTT77G,SipnJoy
2026-10-03 03:34,Sipnjoy,FlipSip,SipnJoy - FlipSip Çocuk Su Termosu | 550 ml -  Builder Buddy,,550ml,termos,Hepsiburada,2290.0,ok,https://www.hepsiburada.com/sipnjoy-flipsip-cocuk-su-termosu-550-ml-golden-horn-pm-HBC0000I48X48,SipnJoy
2026-10-03 03:34,Sipnjoy,SippyPals,,cocuk termos,360ml,termos,Hepsiburada,1990.0,ok,https://www.hepsiburada.com/sipnjoy-sippypals-cocuk-su-termosu-360-ml-mor-pm-HBC0000G0K8E5?magaza=SipnJoy,
2026-10-03 03:34,Sipnjoy,FlipSip,SipnJoy - FlipSip Çocuk Su Termosu | 360 ml - Builder Buddy,,360ml,termos,Hepsiburada,2090.0,ok,https://www.hepsiburada.com/sipnjoy-flipsip-cocuk-su-termosu-360-ml-builder-buddy-pm-HBC0000G0K7WA,SipnJoy
2026-10-03 03:34,Sipnjoy,FlipSip,SipnJoy - FlipSip Çocuk Su Termosu | 360 ml - Ballerina Sparkle,,360ml,termos,Hepsiburada,2090.0,ok,https://www.hepsiburada.com/sipnjoy-flipsip-cocuk-su-termosu-360-ml-ballerina-sparkle-p-HBCV0000G0KZF9,SipnJoy
2026-10-03 03:34,Sipnjoy,FlipSip,SipnJoy - FlipSip Çocuk Su Termosu | 550 ml - Star Explorer,,550ml,termos,Hepsiburada,2290.0,ok,https://www.hepsiburada.com/sipnjoy-flipsip-cocuk-su-termosu-550-ml-golden-horn-pm-HBC0000I48X4C,SipnJoy
2026-10-03 03:34,Sipnjoy,FlipSip,SipnJoy - FlipSip Çocuk Su Termosu | 360 ml - Fairy Sparkle,,360ml,termos,Hepsiburada,2090.0,ok,https://www.hepsiburada.com/sipnjoy-lila-renkli-cocuk-su-termosu-360-ml-paslanmaz-celik-ergonomik-tasarim-ozellikli-pm-HBC0000G0K8EZ,SipnJoy
2026-10-03 03:34,Sipnjoy,SipSquad,SipnJoy - SipSquad Plus Çocuk Su Termosu  | 480 ml - Star Explorer,,480ml,termos,Hepsiburada,2390.0,ok,https://www.hepsiburada.com/sipnjoy-sipsquad-plus-cocuk-su-termosu-480-ml-star-explorer-pm-HBC0000G0K7WP,SipnJoy
2026-10-03 03:34,Sipnjoy,StrawBuddy,SipnJoy - StrawBuddy Tumbler | 360 ml - Turuncu,,360ml,tumbler,Hepsiburada,1590.0,ok,https://www.hepsiburada.com/sipnjoy-strawbuddy-tumbler-360-ml-pm-HBC0000G0K8EW,SipnJoy
2026-10-03 03:34,Sipnjoy,FlipSip,SipnJoy - FlipSip Çocuk Su Termosu | 360 ml - Rescue Crew,,360ml,termos,Hepsiburada,2090.0,ok,https://www.hepsiburada.com/sipnjoy-flipsip-cocuk-su-termosu-360-ml-rescue-crew-pm-HBC0000G0K7WB,SipnJoy
2026-10-03 03:34,Sipnjoy,Handlehug,SipnJoy - HandleHug Tumbler | 550 ml - Lila,,550ml,tumbler,Hepsiburada,2190.0,ok,https://www.hepsiburada.com/sipnjoy-handlehug-tumbler-550-ml-lila-pm-HBC0000G0K7W9,SipnJoy
2026-10-03 03:34,Sipnjoy,FlipSip,SipnJoy - FlipSip Çocuk Su Termosu | 360 ml - Star Explorer,,360ml,termos,Hepsiburada,2090.0,ok,https://www.hepsiburada.com/sipnjoy-flipsip-cocuk-su-termosu-360-ml-star-explorer-pm-HBC0000G0K8EK,SipnJoy
2026-10-03 03:34,Sipnjoy,SipSquad,SipnJoy - SipSquad Plus Çocuk Su Termosu  | 480 ml - Snappy Croc,,480ml,termos,Hepsiburada,2390.0,ok,https://www.hepsiburada.com/sipnjoy-sipsquad-plus-cocuk-su-termosu-480-ml-snappy-croc-pm-HBC0000G0K7WR,SipnJoy
2026-10-03 03:34,Sipnjoy,FlipSip,SipnJoy - FlipSip Çocuk Su Termosu | 360 ml - Lively Roar,,360ml,termos,Hepsiburada,2090.0,ok,https://www.hepsiburada.com/sipnjoy-flipsip-cocuk-su-termosu-360-ml-lively-roar-pm-HBC0000G0K7WJ,SipnJoy
2026-10-03 03:34,Sipnjoy,FlipSip,,cocuk termos,360ml,termos,Hepsiburada,2090.0,ok,https://www.hepsiburada.com/sipnjoy-flipsip-cocuk-su-termosu-360-ml-paslanmaz-celik-koyu-pembe-ergonomik-tasarim-pm-HBC0000G0K8EH?magaza=SipnJoy,
2026-10-03 03:34,Sipnjoy,FlipSip,SipnJoy - FlipSip Çocuk Su Termosu | 360 ml - Turtle Voyage,,360ml,termos,Hepsiburada,2090.0,ok,https://www.hepsiburada.com/sipnjoy-flipsip-cocuk-su-termosu-360-ml-turtle-voyage-p-HBCV0000FTTM3R,SipnJoy
2026-10-03 03:34,Sipnjoy,Handlehug,SipnJoy - HandleHug Tumbler | 550 ml - Mint,,550ml,tumbler,Hepsiburada,2190.0,ok,https://www.hepsiburada.com/sipnjoy-handlehug-tumbler-550-ml-pm-HBC0000910TFA,SipnJoy
2026-10-03 03:34,Sipnjoy,FlipSip,SipnJoy - FlipSip Çocuk Su Termosu | 550 ml -  Dino Roar,,550ml,termos,Hepsiburada,2290.0,ok,https://www.hepsiburada.com/sipnjoy-flipsip-cocuk-su-termosu-550-ml-golden-horn-pm-HBC0000I48X4B,SipnJoy
2026-10-03 03:34,Sipnjoy,FlipSip,SipnJoy - FlipSip Çocuk Su Termosu | 550 ml - Snappy Croc,,550ml,termos,Hepsiburada,2290.0,ok,https://www.hepsiburada.com/sipnjoy-flipsip-cocuk-su-termosu-550-ml-golden-horn-pm-HBC0000I48X49,SipnJoy
2026-10-03 03:34,Sipnjoy,FlipSip,Sipnjoy - Flipsip Çocuk Su Termosu | 550 ml - Golden Horn,,550ml,termos,Hepsiburada,2290.0,ok,https://www.hepsiburada.com/sipnjoy-flipsip-cocuk-su-termosu-550-ml-golden-horn-pm-HBC0000G0I4B9,SipnJoy
2026-10-03 03:34,Sipnjoy,FlipSip,SipnJoy - FlipSip Çocuk Su Termosu | 360 ml -  Dino Roar,,360ml,termos,Hepsiburada,2090.0,ok,https://www.hepsiburada.com/sipnjoy-flipsip-cocuk-su-termosu-360-ml-dino-roar-pm-HBC0000G0K8EJ,SipnJoy
2026-10-03 03:34,Sipnjoy,StrawBuddy,SipnJoy - StrawBuddy Tumbler | 360 ml - Aqua,,360ml,tumbler,Hepsiburada,1590.0,ok,https://www.hepsiburada.com/sipnjoy-strawbuddy-tumbler-360-ml-pm-HBC0000910SIS,SipnJoy
2026-10-03 03:34,Sipnjoy,StrawBuddy,SipnJoy - StrawBuddy Tumbler | 360 ml - Sarı,,360ml,tumbler,Hepsiburada,1590.0,ok,https://www.hepsiburada.com/sipnjoy-strawbuddy-tumbler-360-ml-pm-HBC0000G0K8EP,SipnJoy
2026-10-03 03:34,Sipnjoy,Handlehug,SipnJoy - HandleHug Tumbler | 550 ml - Limon,,550ml,tumbler,Hepsiburada,2190.0,ok,https://www.hepsiburada.com/sipnjoy-handlehug-tumbler-550-ml-limon-pm-HBC0000G0K7W7,SipnJoy
2026-10-03 03:34,Sipnjoy,Handlehug,SipnJoy - HandleHug Tumbler | 550 ml - Sarı,,550ml,tumbler,Hepsiburada,2190.0,ok,https://www.hepsiburada.com/sipnjoy-handlehug-sari-termos-550-ml-paslanmaz-celik-ile-cocuklar-icin-ergonomik-tasarim-pm-HBC0000G0K8EL,SipnJoy
2026-10-03 03:34,Sipnjoy,FlipSip,SipnJoy - FlipSip Çocuk Su Termosu | 360 ml - Adventure Trails,,360ml,termos,Hepsiburada,2090.0,ok,https://www.hepsiburada.com/sipnjoy-flipsip-cocuk-su-termosu-360-ml-adventure-trail-pm-HBC0000G0K8EI,SipnJoy
2026-10-03 03:34,Sipnjoy,FlipSip,SipnJoy - FlipSip Çocuk Su Termosu | 360 ml - Snappy Croc,,360ml,termos,Hepsiburada,2090.0,ok,https://www.hepsiburada.com/sipnjoy-flipsip-cocuk-su-termosu-360-ml-pm-HBC0000FYUU2Z,SipnJoy
2026-10-03 03:34,Sipnjoy,Handlehug,SipnJoy - HandleHug Tumbler | 550 ml - Pembe,,550ml,tumbler,Hepsiburada,2190.0,ok,https://www.hepsiburada.com/sipnjoy-550-ml-termos-pembe-renkli-paslanmaz-celik-handlehug-tumbler-ergonomik-tasarim-pm-HBC0000G0K8EX,SipnJoy
2026-10-03 03:34,Sipnjoy,Handlehug,SipnJoy - HandleHug Tumbler | 550 ml - Lacivert,,550ml,tumbler,Hepsiburada,2190.0,ok,https://www.hepsiburada.com/sipnjoy-handlehug-tumbler-550-ml-lacivert-pm-HBC0000G0K7W8,SipnJoy
2026-10-03 03:34,Sipnjoy,FlipSip,,cocuk termos,360ml,termos,Hepsiburada,2090.0,ok,https://www.hepsiburada.com/sipnjoy-flipsip-cocuk-su-termosu-360-ml-jungle-jam-pm-HBC0000G0K7WG?magaza=SipnJoy,
2026-10-03 03:34,Sipnjoy,Handlehug,SipnJoy - HandleHug Tumbler | 550 ml - Turkuaz,,550ml,tumbler,Hepsiburada,2190.0,ok,https://www.hepsiburada.com/sipnjoy-handlehug-tumbler-550-ml-turkuaz-pm-HBC0000G0K7W5,SipnJoy
2026-10-03 03:34,Sipnjoy,FlipSip,SipnJoy - FlipSip Çocuk Su Termosu | 360 ml - Jolly Elephant,,360ml,termos,Hepsiburada,2090.0,ok,https://www.hepsiburada.com/sipnjoy-flipsip-cocuk-su-termosu-360-ml-jolly-elephant-pm-HBC0000FTT9N7,SipnJoy
2026-10-03 03:34,Sipnjoy,FlipSip,SipnJoy - FlipSip Çocuk Su Termosu | 360 ml - Twisty Joy,,360ml,termos,Hepsiburada,2090.0,ok,https://www.hepsiburada.com/sipnjoy-flipsip-cocuk-su-termosu-360-ml-twisty-joy-pm-HBC0000G0K7WL,SipnJoy
2026-10-03 03:34,Sipnjoy,Handlehug,SipnJoy - HandleHug Tumbler | 550 ml - Turuncu,,550ml,tumbler,Hepsiburada,2190.0,ok,https://www.hepsiburada.com/sipnjoy-550-ml-turuncu-termos-handlehug-tumbler-paslanmaz-celik-malzemeden-ergonomik-tasarim-pm-HBC0000G0K8EV,SipnJoy
2026-10-03 03:34,Sipnjoy,Handlehug,SipnJoy - HandleHug Tumbler | 550 ml - Pudra Pembe,,550ml,tumbler,Hepsiburada,2190.0,ok,https://www.hepsiburada.com/sipnjoy-handlehug-tumbler-550-ml-pudra-pembe-pm-HBC0000G0K7W6,SipnJoy
2026-10-03 03:34,Sipnjoy,FlipSip,SipnJoy - FlipSip Çocuk Su Termosu | 360 ml - Giggle Giraffe,,360ml,termos,Hepsiburada,2090.0,ok,https://www.hepsiburada.com/sipnjoy-flipsip-cocuk-su-termosu-360-ml-giggle-giraffe-pm-HBC0000G0K7WK,SipnJoy
2026-10-03 03:34,Cool Bottles,The Bottle,Cool Bottles The Bottle El Tipo Raro Positive Revolution 500 ml Matara,,500ml,matara,Hepsiburada,3420.0,ok,https://www.hepsiburada.com/cool-bottles-the-bottle-el-tipo-raro-positive-revolution-500-ml-matara-pm-HBC0000JR2HLE,Mareas
2026-10-03 03:34,Cool Bottles,Matara,Cool Bottles The Kiddie Bottle Sprt& Sprinkles Land 350 ml Çocuk Matarası,,350ml,matara,Hepsiburada,3150.0,ok,https://www.hepsiburada.com/cool-bottles-the-kiddie-bottle-sprt-sprinkles-land-350-ml-cocuk-matarasi-pm-HBC0000JR28D2,Mareas
2026-10-03 03:34,Cool Bottles,Matara,Cool Bottles The Kids Bottle Music Beat 350 ml Çocuk Matarası,,350ml,matara,Hepsiburada,3150.0,ok,https://www.hepsiburada.com/cool-bottles-the-kids-bottle-music-beat-350-ml-cocuk-matarasi-pm-HBC0000JR2411,Mareas
2026-10-03 03:34,Cool Bottles,Matara,Cool Bottles The Kids Bottle - Rolling Skaters 500ML,,500ml,matara,Hepsiburada,3420.0,ok,https://www.hepsiburada.com/the-kids-bottle-rolling-skaters-500ml-pm-HBC0000BST045,Mareas
2026-10-03 03:34,Cool Bottles,The Bottle,Cool Bottles The Bottle Moniquilla Rock Garden 500 ml Matara,,500ml,matara,Hepsiburada,3420.0,ok,https://www.hepsiburada.com/cool-bottles-the-bottle-moniquilla-rock-garden-500-ml-matara-pm-HBC0000JR2BV7,Mareas
2026-10-03 03:34,Cool Bottles,Matara,Cool Bottles The Kids Bottle Sprt& Pink Scoop 350 ml Çocuk Matarası,,350ml,matara,Hepsiburada,3150.0,ok,https://www.hepsiburada.com/cool-bottles-the-kids-bottle-sprt-pink-scoop-350-ml-cocuk-matarasi-pm-HBC0000JR2CCR,Mareas
2026-10-03 03:34,Cool Bottles,Matara,Cool Bottles The Kids Bottle Sprt& Blue Scoop 350 ml Çocuk Matarası,,350ml,matara,Hepsiburada,3150.0,ok,https://www.hepsiburada.com/cool-bottles-the-kids-bottle-sprt-blue-scoop-350-ml-cocuk-matarasi-pm-HBC0000JR22NO,Mareas
2026-10-03 03:34,Cool Bottles,Matara,Cool Bottles The Kiddie Bottle - Roar Time 350ML,,350ml,matara,Hepsiburada,3150.0,ok,https://www.hepsiburada.com/the-kiddie-bottle-roar-time-350ml-pm-HBC0000BSSYCJ,Mareas
2026-10-03 03:34,Cool Bottles,Matara,Cool Bottles The Kids Bottle - Jurassic Era 350ML,,350ml,matara,Hepsiburada,3150.0,ok,https://www.hepsiburada.com/the-kids-bottle-jurassic-era-350ml-pm-HBC0000BSTMRV,Mareas
2026-10-03 03:34,Cool Bottles,Matara,Cool Bottles The Kiddie Bottle - Rainbow Clouds 350ML,,350ml,matara,Hepsiburada,3150.0,ok,https://www.hepsiburada.com/the-kiddie-bottle-rainbow-clouds-350ml-pm-HBC0000BSTR6U,Mareas
2026-10-03 03:34,Cool Bottles,Matara,Cool Bottles The Kiddie Bottle - Little Wheels 350ML,,350ml,matara,Hepsiburada,3150.0,ok,https://www.hepsiburada.com/the-kiddie-bottle-little-wheels-350ml-pm-HBC0000BSOJ6X,Mareas
2026-10-03 03:34,Cool Bottles,The Bottle,Cool Bottles The Bottle - Mystical Lions 500ML,,500ml,matara,Hepsiburada,3420.0,ok,https://www.hepsiburada.com/the-bottle-mystical-lions-500ml-pm-HBC0000BSSSKJ,Mareas
2026-10-03 03:34,Cool Bottles,The Bottle,Cool Bottles The Bottle - Good Vibes 500ML,,500ml,matara,Hepsiburada,3420.0,ok,https://www.hepsiburada.com/the-bottle-good-vibes-500ml-pm-HBC0000BST24G,Mareas
2026-10-03 03:34,Cool Bottles,The Bottle,Cool Bottles The Bottle - Floral Madness 500ML,,500ml,matara,Hepsiburada,3420.0,ok,https://www.hepsiburada.com/the-bottle-floral-madness-500ml-pm-HBC0000BSTJME,Mareas
2026-10-03 03:34,Cool Bottles,The Bottle,Cool Bottles The Bottle - Allegra 500ML,,500ml,matara,Hepsiburada,3420.0,ok,https://www.hepsiburada.com/the-bottle-allegra-500ml-pm-HBC0000BSTQ1W,Mareas
2026-10-03 03:34,Cool Bottles,Matara,Cool Bottles The Kids Bottle - Play Mode 500ML,,500ml,matara,Hepsiburada,3420.0,ok,https://www.hepsiburada.com/the-kids-bottle-play-mode-500ml-pm-HBC0000BSTISH,Mareas
2026-10-03 03:34,Cool Bottles,The Bottle,Cool Bottles The Bottle - Mediterranean 500ML,,500ml,matara,Hepsiburada,3420.0,ok,https://www.hepsiburada.com/the-bottle-mediterranean-500ml-pm-HBC0000BSSUQA,Mareas
2026-10-03 03:34,Cool Bottles,The Bottle,Cool Bottles The Bottle - Pastel Green 500ML,,500ml,matara,Hepsiburada,2519.9,ok,https://www.hepsiburada.com/the-bottle-pastel-green-500ml-pm-HBC0000BSTQOV,Mareas
2026-10-03 03:34,Cool Bottles,Matara,Cool Bottles The Kids Bottle - Curious Explorers 350ML,,350ml,matara,Hepsiburada,3150.0,ok,https://www.hepsiburada.com/the-kids-bottle-curious-explorers-350ml-pm-HBC0000BSTDLM,Mareas
2026-10-03 03:34,Cool Bottles,Matara,Cool Bottles The Kids Bottle - Magical Fairies 350ML,,350ml,matara,Hepsiburada,3150.0,ok,https://www.hepsiburada.com/the-kids-bottle-magical-fairies-350ml-pm-HBC0000BST8WQ,Mareas
2026-10-03 03:34,Cool Bottles,The Bottle,Cool Bottles The Bottle - René 500ML,,500ml,matara,Hepsiburada,3420.0,ok,https://www.hepsiburada.com/the-bottle-ren-500ml-pm-HBC0000BSTKCT,Mareas
2026-10-03 03:34,Cool Bottles,Matara,Cool Bottles The Kids Bottle - Sweet Mermaids 350ML,,350ml,matara,Hepsiburada,3150.0,ok,https://www.hepsiburada.com/the-kids-bottle-sweet-mermaids-350ml-pm-HBC0000BSTM6N,Mareas
2026-10-03 03:34,Cool Bottles,Matara,Cool Bottles The Kiddie Bottle - Underwater World 350ML,,350ml,matara,Hepsiburada,3150.0,ok,https://www.hepsiburada.com/the-kiddie-bottle-underwater-world-350ml-pm-HBC0000BST047,Mareas
2026-10-03 03:34,Cool Bottles,Matara,Cool Bottles The Kids Bottle - Outdoor Adventure 500ML,,500ml,matara,Hepsiburada,3420.0,ok,https://www.hepsiburada.com/the-kids-bottle-outdoor-adventure-500ml-pm-HBC0000BSTFD3,Mareas
2026-10-03 03:34,Cool Bottles,Matara,Cool Bottles The Kiddie Bottle - Whisker Kittens 350ML,,350ml,matara,Hepsiburada,3150.0,ok,https://www.hepsiburada.com/the-kiddie-bottle-whisker-kittens-350ml-pm-HBC0000BSTGCP,Mareas
2026-10-03 03:34,Cool Bottles,Matara,Cool Bottles The Kids Bottle - Funny Unicorns 350ML,,350ml,matara,Hepsiburada,3150.0,ok,https://www.hepsiburada.com/the-kids-bottle-funny-unicorns-350ml-pm-HBC0000BSTHBB,Mareas
2026-10-03 03:34,Cool Bottles,Matara,Cool Bottles The Kids Bottle - Dragon Dreams 350ML,,350ml,matara,Hepsiburada,3150.0,ok,https://www.hepsiburada.com/the-kids-bottle-dragon-dreams-350ml-pm-HBC0000BST8NG,Mareas
2026-10-03 03:34,Cool Bottles,Matara,Cool Bottles The Kids Bottle - Galactic Ride 500ML,,500ml,matara,Hepsiburada,3420.0,ok,https://www.hepsiburada.com/the-kids-bottle-galactic-ride-500ml-pm-HBC0000BSR09Q,Mareas
2026-10-03 03:34,Cool Bottles,Matara,Cool Bottles The Kids Bottle - Messy Robots 350ML,,350ml,matara,Hepsiburada,3150.0,ok,https://www.hepsiburada.com/the-kids-bottle-messy-robots-350ml-pm-HBC0000BSSYCH,Mareas
2026-10-03 03:34,Cool Bottles,The Bottle,Cool Bottles The Bottle - Tudor Village 500ML,,500ml,matara,Hepsiburada,2819.9,ok,https://www.hepsiburada.com/the-bottle-tudor-village-500ml-pm-HBC0000BST9Q6,Mareas
2026-10-03 03:34,Cool Bottles,Matara,Cool Bottles The Kiddie Bottle - Woodland Buddies 350ML,,350ml,matara,Hepsiburada,3150.0,ok,https://www.hepsiburada.com/the-kiddie-bottle-woodland-buddies-350ml-pm-HBC0000BST9Q8,Mareas
2026-10-03 03:34,Cool Bottles,Matara,Cool Bottles The Kids Bottle - Candy Land 350ML,,350ml,matara,Hepsiburada,3150.0,ok,https://www.hepsiburada.com/the-kids-bottle-candy-land-350ml-pm-HBC0000BSTM6P,Mareas
2026-10-03 03:34,Sipnjoy,FlipSip,,cocuk termos,360ml,termos,Hepsiburada,,urun_bulunamadi,https://www.hepsiburada.com/sipnjoy-flipsip-cocuk-su-termosu-360-ml-fly-pal-pm-HBC0000G0K7WF?magaza=SipnJoy,
2026-10-03 03:34,Sipnjoy,FlipSip,,cocuk termos,360ml,termos,Hepsiburada,,urun_bulunamadi,https://www.hepsiburada.com/sipnjoy-flipsip-cocuk-su-termosu-360-ml-firefighter-buddy-pm-HBC0000G0K7WC?magaza=SipnJoy,
2026-10-03 03:34,Sipnjoy,FlipSip,,cocuk termos,360ml,termos,Hepsiburada,,urun_bulunamadi,https://www.hepsiburada.com/sipnjoy-flipsip-cocuk-su-termosu-360-ml-bee-honey-pm-HBC0000G0K7WD?magaza=SipnJoy,
2026-10-03 03:34,Sipnjoy,SippyPals,,cocuk termos,360ml,termos,Hepsiburada,,urun_bulunamadi,https://www.hepsiburada.com/sipnjoy-sippypals-cocuk-su-termosu-360-ml-koyu-mavi-pm-HBC0000C5G4SC?magaza=SipnJoy,
2026-10-03 03:34,Sipnjoy,WideWonder,,cocuk termos,420ml,termos,Hepsiburada,,urun_bulunamadi,https://www.hepsiburada.com/sipnjoy-widewonder-cocuk-su-termosu-420-ml-swan-harmony-pm-HBC0000G0K8E3?magaza=SipnJoy,
2026-10-03 12:17,Sipnjoy,SipSquad,SipnJoy - SipSquad Plus Çocuk Su Termosu  | 480 ml - Fairy Sparkle,,480ml,termos,Hepsiburada,2390.0,ok,https://www.hepsiburada.com/sipnjoy-sipsquad-plus-cocuk-su-termosu-480-ml-fairy-sparkle-pm-HBC0000G0K7WI,SipnJoy
2026-10-03 12:17,Sipnjoy,SipSquad,SipnJoy - SipSquad Plus Çocuk Su Termosu  | 480 ml - Mermaid Dream,,480ml,termos,Hepsiburada,2390.0,ok,https://www.hepsiburada.com/sipnjoy-sipsquad-plus-cocuk-su-termosu-480-ml-mermaid-dream-pm-HBC0000G0K7WN,SipnJoy
2026-10-03 12:17,Sipnjoy,SipSquad,SipnJoy - SipSquad Plus Çocuk Su Termosu  | 480 ml - Golden Horn,,480ml,termos,Hepsiburada,2390.0,ok,https://www.hepsiburada.com/sipnjoy-sipsquad-plus-cocuk-su-termosu-480-ml-golden-horn-pm-HBC0000G0K7WM,SipnJoy
2026-10-03 12:17,Sipnjoy,FlipSip,SipnJoy - FlipSip Çocuk Su Termosu | 550 ml - Mermaid Dream,,550ml,termos,Hepsiburada,2290.0,ok,https://www.hepsiburada.com/sipnjoy-flipsip-cocuk-su-termosu-550-ml-golden-horn-pm-HBC0000I48X4A,SipnJoy
2026-10-03 12:17,Sipnjoy,SipSquad,SipnJoy - SipSquad Plus Çocuk Su Termosu  | 480 ml - Dino Roar,,480ml,termos,Hepsiburada,2390.0,ok,https://www.hepsiburada.com/sipnjoy-sipsquad-plus-cocuk-su-termosu-480-ml-dino-roar-pm-HBC0000G0K7WQ,SipnJoy
2026-10-03 12:17,Sipnjoy,SipSquad,SipnJoy - SipSquad Plus Çocuk Su Termosu  | 480 ml - Ballerina Sparkle,,480ml,termos,Hepsiburada,2390.0,ok,https://www.hepsiburada.com/sipnjoy-sipsquad-plus-cocuk-su-termosu-480-ml-ballerina-sparkle-pm-HBC0000FTT77G,SipnJoy
2026-10-03 12:17,Sipnjoy,FlipSip,SipnJoy - FlipSip Çocuk Su Termosu | 550 ml -  Builder Buddy,,550ml,termos,Hepsiburada,2290.0,ok,https://www.hepsiburada.com/sipnjoy-flipsip-cocuk-su-termosu-550-ml-golden-horn-pm-HBC0000I48X48,SipnJoy
2026-10-03 12:17,Sipnjoy,SippyPals,,cocuk termos,360ml,termos,Hepsiburada,1990.0,ok,https://www.hepsiburada.com/sipnjoy-sippypals-cocuk-su-termosu-360-ml-mor-pm-HBC0000G0K8E5?magaza=SipnJoy,
2026-10-03 12:17,Sipnjoy,FlipSip,SipnJoy - FlipSip Çocuk Su Termosu | 360 ml - Builder Buddy,,360ml,termos,Hepsiburada,2090.0,ok,https://www.hepsiburada.com/sipnjoy-flipsip-cocuk-su-termosu-360-ml-builder-buddy-pm-HBC0000G0K7WA,SipnJoy
2026-10-03 12:17,Sipnjoy,FlipSip,SipnJoy - FlipSip Çocuk Su Termosu | 550 ml - Star Explorer,,550ml,termos,Hepsiburada,2290.0,ok,https://www.hepsiburada.com/sipnjoy-flipsip-cocuk-su-termosu-550-ml-golden-horn-pm-HBC0000I48X4C,SipnJoy
2026-10-03 12:17,Sipnjoy,FlipSip,SipnJoy - FlipSip Çocuk Su Termosu | 360 ml - Ballerina Sparkle,,360ml,termos,Hepsiburada,2090.0,ok,https://www.hepsiburada.com/sipnjoy-flipsip-cocuk-su-termosu-360-ml-ballerina-sparkle-p-HBCV0000G0KZF9,SipnJoy
2026-10-03 12:17,Sipnjoy,FlipSip,SipnJoy - FlipSip Çocuk Su Termosu | 360 ml - Fairy Sparkle,,360ml,termos,Hepsiburada,2090.0,ok,https://www.hepsiburada.com/sipnjoy-lila-renkli-cocuk-su-termosu-360-ml-paslanmaz-celik-ergonomik-tasarim-ozellikli-pm-HBC0000G0K8EZ,SipnJoy
2026-10-03 12:17,Sipnjoy,StrawBuddy,SipnJoy - StrawBuddy Tumbler | 360 ml - Turuncu,,360ml,tumbler,Hepsiburada,1590.0,ok,https://www.hepsiburada.com/sipnjoy-strawbuddy-tumbler-360-ml-pm-HBC0000G0K8EW,SipnJoy
2026-10-03 12:17,Sipnjoy,SipSquad,SipnJoy - SipSquad Plus Çocuk Su Termosu  | 480 ml - Star Explorer,,480ml,termos,Hepsiburada,2390.0,ok,https://www.hepsiburada.com/sipnjoy-sipsquad-plus-cocuk-su-termosu-480-ml-star-explorer-pm-HBC0000G0K7WP,SipnJoy
2026-10-03 12:17,Sipnjoy,FlipSip,SipnJoy - FlipSip Çocuk Su Termosu | 360 ml - Rescue Crew,,360ml,termos,Hepsiburada,2090.0,ok,https://www.hepsiburada.com/sipnjoy-flipsip-cocuk-su-termosu-360-ml-rescue-crew-pm-HBC0000G0K7WB,SipnJoy
2026-10-03 12:17,Sipnjoy,SipSquad,SipnJoy - SipSquad Plus Çocuk Su Termosu  | 480 ml - Snappy Croc,,480ml,termos,Hepsiburada,2390.0,ok,https://www.hepsiburada.com/sipnjoy-sipsquad-plus-cocuk-su-termosu-480-ml-snappy-croc-pm-HBC0000G0K7WR,SipnJoy
2026-10-03 12:17,Sipnjoy,FlipSip,SipnJoy - FlipSip Çocuk Su Termosu | 360 ml - Lively Roar,,360ml,termos,Hepsiburada,2090.0,ok,https://www.hepsiburada.com/sipnjoy-flipsip-cocuk-su-termosu-360-ml-lively-roar-pm-HBC0000G0K7WJ,SipnJoy
2026-10-03 12:17,Sipnjoy,FlipSip,SipnJoy - FlipSip Çocuk Su Termosu | 360 ml - Turtle Voyage,,360ml,termos,Hepsiburada,2090.0,ok,https://www.hepsiburada.com/sipnjoy-flipsip-cocuk-su-termosu-360-ml-turtle-voyage-p-HBCV0000FTTM3R,SipnJoy
2026-10-03 12:17,Sipnjoy,Handlehug,SipnJoy - HandleHug Tumbler | 550 ml - Lila,,550ml,tumbler,Hepsiburada,2190.0,ok,https://www.hepsiburada.com/sipnjoy-handlehug-tumbler-550-ml-lila-pm-HBC0000G0K7W9,SipnJoy
2026-10-03 12:17,Sipnjoy,FlipSip,,cocuk termos,360ml,termos,Hepsiburada,2090.0,ok,https://www.hepsiburada.com/sipnjoy-flipsip-cocuk-su-termosu-360-ml-paslanmaz-celik-koyu-pembe-ergonomik-tasarim-pm-HBC0000G0K8EH?magaza=SipnJoy,
2026-10-03 12:17,Sipnjoy,FlipSip,Sipnjoy - Flipsip Çocuk Su Termosu | 550 ml - Golden Horn,,550ml,termos,Hepsiburada,2290.0,ok,https://www.hepsiburada.com/sipnjoy-flipsip-cocuk-su-termosu-550-ml-golden-horn-pm-HBC0000G0I4B9,SipnJoy
2026-10-03 12:17,Sipnjoy,FlipSip,SipnJoy - FlipSip Çocuk Su Termosu | 550 ml -  Dino Roar,,550ml,termos,Hepsiburada,2290.0,ok,https://www.hepsiburada.com/sipnjoy-flipsip-cocuk-su-termosu-550-ml-golden-horn-pm-HBC0000I48X4B,SipnJoy
2026-10-03 12:17,Sipnjoy,FlipSip,SipnJoy - FlipSip Çocuk Su Termosu | 360 ml - Star Explorer,,360ml,termos,Hepsiburada,2090.0,ok,https://www.hepsiburada.com/sipnjoy-flipsip-cocuk-su-termosu-360-ml-star-explorer-pm-HBC0000G0K8EK,SipnJoy
2026-10-03 12:17,Sipnjoy,FlipSip,SipnJoy - FlipSip Çocuk Su Termosu | 360 ml -  Dino Roar,,360ml,termos,Hepsiburada,2090.0,ok,https://www.hepsiburada.com/sipnjoy-flipsip-cocuk-su-termosu-360-ml-dino-roar-pm-HBC0000G0K8EJ,SipnJoy
2026-10-03 12:17,Sipnjoy,StrawBuddy,SipnJoy - StrawBuddy Tumbler | 360 ml - Aqua,,360ml,tumbler,Hepsiburada,1590.0,ok,https://www.hepsiburada.com/sipnjoy-strawbuddy-tumbler-360-ml-pm-HBC0000910SIS,SipnJoy
2026-10-03 12:17,Sipnjoy,StrawBuddy,SipnJoy - StrawBuddy Tumbler | 360 ml - Sarı,,360ml,tumbler,Hepsiburada,1590.0,ok,https://www.hepsiburada.com/sipnjoy-strawbuddy-tumbler-360-ml-pm-HBC0000G0K8EP,SipnJoy
2026-10-03 12:17,Sipnjoy,Handlehug,SipnJoy - HandleHug Tumbler | 550 ml - Limon,,550ml,tumbler,Hepsiburada,2190.0,ok,https://www.hepsiburada.com/sipnjoy-handlehug-tumbler-550-ml-limon-pm-HBC0000G0K7W7,SipnJoy
2026-10-03 12:17,Sipnjoy,FlipSip,SipnJoy - FlipSip Çocuk Su Termosu | 550 ml - Snappy Croc,,550ml,termos,Hepsiburada,2290.0,ok,https://www.hepsiburada.com/sipnjoy-flipsip-cocuk-su-termosu-550-ml-golden-horn-pm-HBC0000I48X49,SipnJoy
2026-10-03 12:17,Sipnjoy,Handlehug,SipnJoy - HandleHug Tumbler | 550 ml - Sarı,,550ml,tumbler,Hepsiburada,2190.0,ok,https://www.hepsiburada.com/sipnjoy-handlehug-sari-termos-550-ml-paslanmaz-celik-ile-cocuklar-icin-ergonomik-tasarim-pm-HBC0000G0K8EL,SipnJoy
2026-10-03 12:17,Sipnjoy,Handlehug,SipnJoy - HandleHug Tumbler | 550 ml - Mint,,550ml,tumbler,Hepsiburada,2190.0,ok,https://www.hepsiburada.com/sipnjoy-handlehug-tumbler-550-ml-pm-HBC0000910TFA,SipnJoy
2026-10-03 12:17,Sipnjoy,FlipSip,SipnJoy - FlipSip Çocuk Su Termosu | 360 ml - Adventure Trails,,360ml,termos,Hepsiburada,2090.0,ok,https://www.hepsiburada.com/sipnjoy-flipsip-cocuk-su-termosu-360-ml-adventure-trail-pm-HBC0000G0K8EI,SipnJoy
2026-10-03 12:17,Sipnjoy,FlipSip,SipnJoy - FlipSip Çocuk Su Termosu | 360 ml - Snappy Croc,,360ml,termos,Hepsiburada,2090.0,ok,https://www.hepsiburada.com/sipnjoy-flipsip-cocuk-su-termosu-360-ml-pm-HBC0000FYUU2Z,SipnJoy
2026-10-03 12:17,Sipnjoy,Handlehug,SipnJoy - HandleHug Tumbler | 550 ml - Pembe,,550ml,tumbler,Hepsiburada,2190.0,ok,https://www.hepsiburada.com/sipnjoy-550-ml-termos-pembe-renkli-paslanmaz-celik-handlehug-tumbler-ergonomik-tasarim-pm-HBC0000G0K8EX,SipnJoy
2026-10-03 12:17,Sipnjoy,FlipSip,,cocuk termos,360ml,termos,Hepsiburada,2090.0,ok,https://www.hepsiburada.com/sipnjoy-flipsip-cocuk-su-termosu-360-ml-jungle-jam-pm-HBC0000G0K7WG?magaza=SipnJoy,
2026-10-03 12:17,Sipnjoy,Handlehug,SipnJoy - HandleHug Tumbler | 550 ml - Lacivert,,550ml,tumbler,Hepsiburada,2190.0,ok,https://www.hepsiburada.com/sipnjoy-handlehug-tumbler-550-ml-lacivert-pm-HBC0000G0K7W8,SipnJoy
2026-10-03 12:17,Sipnjoy,Handlehug,SipnJoy - HandleHug Tumbler | 550 ml - Turkuaz,,550ml,tumbler,Hepsiburada,2190.0,ok,https://www.hepsiburada.com/sipnjoy-handlehug-tumbler-550-ml-turkuaz-pm-HBC0000G0K7W5,SipnJoy
2026-10-03 12:17,Sipnjoy,FlipSip,SipnJoy - FlipSip Çocuk Su Termosu | 360 ml - Jolly Elephant,,360ml,termos,Hepsiburada,2090.0,ok,https://www.hepsiburada.com/sipnjoy-flipsip-cocuk-su-termosu-360-ml-jolly-elephant-pm-HBC0000FTT9N7,SipnJoy
2026-10-03 12:17,Sipnjoy,FlipSip,SipnJoy - FlipSip Çocuk Su Termosu | 360 ml - Twisty Joy,,360ml,termos,Hepsiburada,2090.0,ok,https://www.hepsiburada.com/sipnjoy-flipsip-cocuk-su-termosu-360-ml-twisty-joy-pm-HBC0000G0K7WL,SipnJoy
2026-10-03 12:17,Sipnjoy,Handlehug,SipnJoy - HandleHug Tumbler | 550 ml - Turuncu,,550ml,tumbler,Hepsiburada,2190.0,ok,https://www.hepsiburada.com/sipnjoy-550-ml-turuncu-termos-handlehug-tumbler-paslanmaz-celik-malzemeden-ergonomik-tasarim-pm-HBC0000G0K8EV,SipnJoy
2026-10-03 12:17,Sipnjoy,Handlehug,SipnJoy - HandleHug Tumbler | 550 ml - Pudra Pembe,,550ml,tumbler,Hepsiburada,2190.0,ok,https://www.hepsiburada.com/sipnjoy-handlehug-tumbler-550-ml-pudra-pembe-pm-HBC0000G0K7W6,SipnJoy
2026-10-03 12:17,Sipnjoy,FlipSip,SipnJoy - FlipSip Çocuk Su Termosu | 360 ml - Giggle Giraffe,,360ml,termos,Hepsiburada,2090.0,ok,https://www.hepsiburada.com/sipnjoy-flipsip-cocuk-su-termosu-360-ml-giggle-giraffe-pm-HBC0000G0K7WK,SipnJoy
2026-10-03 12:17,Cool Bottles,The Bottle,Cool Bottles The Bottle El Tipo Raro Positive Revolution 500 ml Matara,,500ml,matara,Hepsiburada,3420.0,ok,https://www.hepsiburada.com/cool-bottles-the-bottle-el-tipo-raro-positive-revolution-500-ml-matara-pm-HBC0000JR2HLE,Mareas
2026-10-03 12:17,Cool Bottles,Matara,Cool Bottles The Kiddie Bottle Sprt& Sprinkles Land 350 ml Çocuk Matarası,,350ml,matara,Hepsiburada,3150.0,ok,https://www.hepsiburada.com/cool-bottles-the-kiddie-bottle-sprt-sprinkles-land-350-ml-cocuk-matarasi-pm-HBC0000JR28D2,Mareas
2026-10-03 12:17,Cool Bottles,Matara,Cool Bottles The Kids Bottle Music Beat 350 ml Çocuk Matarası,,350ml,matara,Hepsiburada,3150.0,ok,https://www.hepsiburada.com/cool-bottles-the-kids-bottle-music-beat-350-ml-cocuk-matarasi-pm-HBC0000JR2411,Mareas
2026-10-03 12:17,Cool Bottles,Matara,Cool Bottles The Kids Bottle - Rolling Skaters 500ML,,500ml,matara,Hepsiburada,3420.0,ok,https://www.hepsiburada.com/the-kids-bottle-rolling-skaters-500ml-pm-HBC0000BST045,Mareas
2026-10-03 12:17,Cool Bottles,The Bottle,Cool Bottles The Bottle Moniquilla Rock Garden 500 ml Matara,,500ml,matara,Hepsiburada,3420.0,ok,https://www.hepsiburada.com/cool-bottles-the-bottle-moniquilla-rock-garden-500-ml-matara-pm-HBC0000JR2BV7,Mareas
2026-10-03 12:17,Cool Bottles,Matara,Cool Bottles The Kids Bottle Sprt& Pink Scoop 350 ml Çocuk Matarası,,350ml,matara,Hepsiburada,3150.0,ok,https://www.hepsiburada.com/cool-bottles-the-kids-bottle-sprt-pink-scoop-350-ml-cocuk-matarasi-pm-HBC0000JR2CCR,Mareas
2026-10-03 12:17,Cool Bottles,Matara,Cool Bottles The Kids Bottle Sprt& Blue Scoop 350 ml Çocuk Matarası,,350ml,matara,Hepsiburada,3150.0,ok,https://www.hepsiburada.com/cool-bottles-the-kids-bottle-sprt-blue-scoop-350-ml-cocuk-matarasi-pm-HBC0000JR22NO,Mareas
2026-10-03 12:17,Cool Bottles,Matara,Cool Bottles The Kiddie Bottle - Roar Time 350ML,,350ml,matara,Hepsiburada,3150.0,ok,https://www.hepsiburada.com/the-kiddie-bottle-roar-time-350ml-pm-HBC0000BSSYCJ,Mareas
2026-10-03 12:17,Cool Bottles,Matara,Cool Bottles The Kids Bottle - Jurassic Era 350ML,,350ml,matara,Hepsiburada,3150.0,ok,https://www.hepsiburada.com/the-kids-bottle-jurassic-era-350ml-pm-HBC0000BSTMRV,Mareas
2026-10-03 12:17,Cool Bottles,Matara,Cool Bottles The Kiddie Bottle - Rainbow Clouds 350ML,,350ml,matara,Hepsiburada,3150.0,ok,https://www.hepsiburada.com/the-kiddie-bottle-rainbow-clouds-350ml-pm-HBC0000BSTR6U,Mareas
2026-10-03 12:17,Cool Bottles,Matara,Cool Bottles The Kiddie Bottle - Little Wheels 350ML,,350ml,matara,Hepsiburada,3150.0,ok,https://www.hepsiburada.com/the-kiddie-bottle-little-wheels-350ml-pm-HBC0000BSOJ6X,Mareas
2026-10-03 12:17,Cool Bottles,The Bottle,Cool Bottles The Bottle - Mystical Lions 500ML,,500ml,matara,Hepsiburada,3420.0,ok,https://www.hepsiburada.com/the-bottle-mystical-lions-500ml-pm-HBC0000BSSSKJ,Mareas
2026-10-03 12:17,Cool Bottles,The Bottle,Cool Bottles The Bottle - Good Vibes 500ML,,500ml,matara,Hepsiburada,3420.0,ok,https://www.hepsiburada.com/the-bottle-good-vibes-500ml-pm-HBC0000BST24G,Mareas
2026-10-03 12:17,Cool Bottles,The Bottle,Cool Bottles The Bottle - Floral Madness 500ML,,500ml,matara,Hepsiburada,3420.0,ok,https://www.hepsiburada.com/the-bottle-floral-madness-500ml-pm-HBC0000BSTJME,Mareas
2026-10-03 12:17,Cool Bottles,The Bottle,Cool Bottles The Bottle - Allegra 500ML,,500ml,matara,Hepsiburada,3420.0,ok,https://www.hepsiburada.com/the-bottle-allegra-500ml-pm-HBC0000BSTQ1W,Mareas
2026-10-03 12:17,Cool Bottles,Matara,Cool Bottles The Kids Bottle - Play Mode 500ML,,500ml,matara,Hepsiburada,3420.0,ok,https://www.hepsiburada.com/the-kids-bottle-play-mode-500ml-pm-HBC0000BSTISH,Mareas
2026-10-03 12:17,Cool Bottles,The Bottle,Cool Bottles The Bottle - Mediterranean 500ML,,500ml,matara,Hepsiburada,3420.0,ok,https://www.hepsiburada.com/the-bottle-mediterranean-500ml-pm-HBC0000BSSUQA,Mareas
2026-10-03 12:17,Cool Bottles,The Bottle,Cool Bottles The Bottle - Pastel Green 500ML,,500ml,matara,Hepsiburada,2519.9,ok,https://www.hepsiburada.com/the-bottle-pastel-green-500ml-pm-HBC0000BSTQOV,Mareas
2026-10-03 12:17,Cool Bottles,Matara,Cool Bottles The Kids Bottle - Curious Explorers 350ML,,350ml,matara,Hepsiburada,3150.0,ok,https://www.hepsiburada.com/the-kids-bottle-curious-explorers-350ml-pm-HBC0000BSTDLM,Mareas
2026-10-03 12:17,Cool Bottles,The Bottle,Cool Bottles The Bottle - Dragonfly Paradise 500ML,,500ml,matara,Hepsiburada,3420.0,ok,https://www.hepsiburada.com/the-bottle-dragonfly-paradise-500ml-pm-HBC0000BST0HH,Mareas
2026-10-03 12:17,Cool Bottles,The Bottle,Cool Bottles The Bottle - René 500ML,,500ml,matara,Hepsiburada,3420.0,ok,https://www.hepsiburada.com/the-bottle-ren-500ml-pm-HBC0000BSTKCT,Mareas
2026-10-03 12:17,Cool Bottles,Matara,Cool Bottles The Kids Bottle - Sweet Mermaids 350ML,,350ml,matara,Hepsiburada,3150.0,ok,https://www.hepsiburada.com/the-kids-bottle-sweet-mermaids-350ml-pm-HBC0000BSTM6N,Mareas
2026-10-03 12:17,Cool Bottles,Matara,Cool Bottles The Kids Bottle - Outdoor Adventure 500ML,,500ml,matara,Hepsiburada,3420.0,ok,https://www.hepsiburada.com/the-kids-bottle-outdoor-adventure-500ml-pm-HBC0000BSTFD3,Mareas
2026-10-03 12:17,Cool Bottles,Matara,Cool Bottles The Kiddie Bottle - Underwater World 350ML,,350ml,matara,Hepsiburada,3150.0,ok,https://www.hepsiburada.com/the-kiddie-bottle-underwater-world-350ml-pm-HBC0000BST047,Mareas
2026-10-03 12:17,Cool Bottles,Matara,Cool Bottles The Kids Bottle - Funny Unicorns 350ML,,350ml,matara,Hepsiburada,3150.0,ok,https://www.hepsiburada.com/the-kids-bottle-funny-unicorns-350ml-pm-HBC0000BSTHBB,Mareas
2026-10-03 12:17,Cool Bottles,Matara,Cool Bottles The Kiddie Bottle - Whisker Kittens 350ML,,350ml,matara,Hepsiburada,3150.0,ok,https://www.hepsiburada.com/the-kiddie-bottle-whisker-kittens-350ml-pm-HBC0000BSTGCP,Mareas
2026-10-03 12:17,Cool Bottles,Matara,Cool Bottles The Kids Bottle - Dragon Dreams 350ML,,350ml,matara,Hepsiburada,3150.0,ok,https://www.hepsiburada.com/the-kids-bottle-dragon-dreams-350ml-pm-HBC0000BST8NG,Mareas
2026-10-03 12:17,Cool Bottles,Matara,Cool Bottles The Kids Bottle - Galactic Ride 500ML,,500ml,matara,Hepsiburada,3420.0,ok,https://www.hepsiburada.com/the-kids-bottle-galactic-ride-500ml-pm-HBC0000BSR09Q,Mareas
2026-10-03 12:17,Cool Bottles,Matara,Cool Bottles The Kids Bottle - Messy Robots 350ML,,350ml,matara,Hepsiburada,3150.0,ok,https://www.hepsiburada.com/the-kids-bottle-messy-robots-350ml-pm-HBC0000BSSYCH,Mareas
2026-10-03 12:17,Cool Bottles,The Bottle,Cool Bottles The Bottle - Tudor Village 500ML,,500ml,matara,Hepsiburada,2819.9,ok,https://www.hepsiburada.com/the-bottle-tudor-village-500ml-pm-HBC0000BST9Q6,Mareas
2026-10-03 12:17,Cool Bottles,Matara,Cool Bottles The Kiddie Bottle - Woodland Buddies 350ML,,350ml,matara,Hepsiburada,3150.0,ok,https://www.hepsiburada.com/the-kiddie-bottle-woodland-buddies-350ml-pm-HBC0000BST9Q8,Mareas
2026-10-03 12:17,Cool Bottles,Matara,Cool Bottles The Kids Bottle - Candy Land 350ML,,350ml,matara,Hepsiburada,3150.0,ok,https://www.hepsiburada.com/the-kids-bottle-candy-land-350ml-pm-HBC0000BSTM6P,Mareas
2026-10-03 12:17,Sipnjoy,FlipSip,,cocuk termos,360ml,termos,Hepsiburada,,urun_bulunamadi,https://www.hepsiburada.com/sipnjoy-flipsip-cocuk-su-termosu-360-ml-fly-pal-pm-HBC0000G0K7WF?magaza=SipnJoy,
2026-10-03 12:17,Sipnjoy,FlipSip,,cocuk termos,360ml,termos,Hepsiburada,,urun_bulunamadi,https://www.hepsiburada.com/sipnjoy-flipsip-cocuk-su-termosu-360-ml-firefighter-buddy-pm-HBC0000G0K7WC?magaza=SipnJoy,
2026-10-03 12:17,Sipnjoy,FlipSip,,cocuk termos,360ml,termos,Hepsiburada,,urun_bulunamadi,https://www.hepsiburada.com/sipnjoy-flipsip-cocuk-su-termosu-360-ml-bee-honey-pm-HBC0000G0K7WD?magaza=SipnJoy,
2026-10-03 12:17,Sipnjoy,SippyPals,,cocuk termos,360ml,termos,Hepsiburada,,urun_bulunamadi,https://www.hepsiburada.com/sipnjoy-sippypals-cocuk-su-termosu-360-ml-koyu-mavi-pm-HBC0000C5G4SC?magaza=SipnJoy,
2026-10-03 12:17,Sipnjoy,WideWonder,,cocuk termos,420ml,termos,Hepsiburada,,urun_bulunamadi,https://www.hepsiburada.com/sipnjoy-widewonder-cocuk-su-termosu-420-ml-swan-harmony-pm-HBC0000G0K8E3?magaza=SipnJoy,
2026-10-03 17:21,Sipnjoy,SipSquad,SipnJoy - SipSquad Plus Çocuk Su Termosu  | 480 ml - Fairy Sparkle,,480ml,termos,Hepsiburada,2390.0,ok,https://www.hepsiburada.com/sipnjoy-sipsquad-plus-cocuk-su-termosu-480-ml-fairy-sparkle-pm-HBC0000G0K7WI,SipnJoy
2026-10-03 17:21,Sipnjoy,SipSquad,SipnJoy - SipSquad Plus Çocuk Su Termosu  | 480 ml - Mermaid Dream,,480ml,termos,Hepsiburada,2390.0,ok,https://www.hepsiburada.com/sipnjoy-sipsquad-plus-cocuk-su-termosu-480-ml-mermaid-dream-pm-HBC0000G0K7WN,SipnJoy
2026-10-03 17:21,Sipnjoy,SipSquad,SipnJoy - SipSquad Plus Çocuk Su Termosu  | 480 ml - Golden Horn,,480ml,termos,Hepsiburada,2390.0,ok,https://www.hepsiburada.com/sipnjoy-sipsquad-plus-cocuk-su-termosu-480-ml-golden-horn-pm-HBC0000G0K7WM,SipnJoy
2026-10-03 17:21,Sipnjoy,FlipSip,SipnJoy - FlipSip Çocuk Su Termosu | 550 ml - Mermaid Dream,,550ml,termos,Hepsiburada,2290.0,ok,https://www.hepsiburada.com/sipnjoy-flipsip-cocuk-su-termosu-550-ml-golden-horn-pm-HBC0000I48X4A,SipnJoy
2026-10-03 17:21,Sipnjoy,SipSquad,SipnJoy - SipSquad Plus Çocuk Su Termosu  | 480 ml - Dino Roar,,480ml,termos,Hepsiburada,2390.0,ok,https://www.hepsiburada.com/sipnjoy-sipsquad-plus-cocuk-su-termosu-480-ml-dino-roar-pm-HBC0000G0K7WQ,SipnJoy
2026-10-03 17:21,Sipnjoy,SipSquad,SipnJoy - SipSquad Plus Çocuk Su Termosu  | 480 ml - Ballerina Sparkle,,480ml,termos,Hepsiburada,2390.0,ok,https://www.hepsiburada.com/sipnjoy-sipsquad-plus-cocuk-su-termosu-480-ml-ballerina-sparkle-pm-HBC0000FTT77G,SipnJoy
2026-10-03 17:21,Sipnjoy,FlipSip,SipnJoy - FlipSip Çocuk Su Termosu | 550 ml -  Builder Buddy,,550ml,termos,Hepsiburada,2290.0,ok,https://www.hepsiburada.com/sipnjoy-flipsip-cocuk-su-termosu-550-ml-golden-horn-pm-HBC0000I48X48,SipnJoy
2026-10-03 17:21,Sipnjoy,SippyPals,,cocuk termos,360ml,termos,Hepsiburada,1990.0,ok,https://www.hepsiburada.com/sipnjoy-sippypals-cocuk-su-termosu-360-ml-mor-pm-HBC0000G0K8E5?magaza=SipnJoy,
2026-10-03 17:21,Sipnjoy,FlipSip,SipnJoy - FlipSip Çocuk Su Termosu | 360 ml - Builder Buddy,,360ml,termos,Hepsiburada,2090.0,ok,https://www.hepsiburada.com/sipnjoy-flipsip-cocuk-su-termosu-360-ml-builder-buddy-pm-HBC0000G0K7WA,SipnJoy
2026-10-03 17:21,Sipnjoy,FlipSip,SipnJoy - FlipSip Çocuk Su Termosu | 550 ml - Star Explorer,,550ml,termos,Hepsiburada,2290.0,ok,https://www.hepsiburada.com/sipnjoy-flipsip-cocuk-su-termosu-550-ml-golden-horn-pm-HBC0000I48X4C,SipnJoy
2026-10-03 17:21,Sipnjoy,FlipSip,SipnJoy - FlipSip Çocuk Su Termosu | 360 ml - Ballerina Sparkle,,360ml,termos,Hepsiburada,2090.0,ok,https://www.hepsiburada.com/sipnjoy-flipsip-cocuk-su-termosu-360-ml-ballerina-sparkle-p-HBCV0000G0KZF9,SipnJoy
2026-10-03 17:21,Sipnjoy,FlipSip,SipnJoy - FlipSip Çocuk Su Termosu | 360 ml - Fairy Sparkle,,360ml,termos,Hepsiburada,2090.0,ok,https://www.hepsiburada.com/sipnjoy-lila-renkli-cocuk-su-termosu-360-ml-paslanmaz-celik-ergonomik-tasarim-ozellikli-pm-HBC0000G0K8EZ,SipnJoy
2026-10-03 17:21,Sipnjoy,StrawBuddy,SipnJoy - StrawBuddy Tumbler | 360 ml - Turuncu,,360ml,tumbler,Hepsiburada,1590.0,ok,https://www.hepsiburada.com/sipnjoy-strawbuddy-tumbler-360-ml-pm-HBC0000G0K8EW,SipnJoy
2026-10-03 17:21,Sipnjoy,SipSquad,SipnJoy - SipSquad Plus Çocuk Su Termosu  | 480 ml - Star Explorer,,480ml,termos,Hepsiburada,2390.0,ok,https://www.hepsiburada.com/sipnjoy-sipsquad-plus-cocuk-su-termosu-480-ml-star-explorer-pm-HBC0000G0K7WP,SipnJoy
2026-10-03 17:21,Sipnjoy,FlipSip,SipnJoy - FlipSip Çocuk Su Termosu | 360 ml - Rescue Crew,,360ml,termos,Hepsiburada,2090.0,ok,https://www.hepsiburada.com/sipnjoy-flipsip-cocuk-su-termosu-360-ml-rescue-crew-pm-HBC0000G0K7WB,SipnJoy
2026-10-03 17:21,Sipnjoy,SipSquad,SipnJoy - SipSquad Plus Çocuk Su Termosu  | 480 ml - Snappy Croc,,480ml,termos,Hepsiburada,2390.0,ok,https://www.hepsiburada.com/sipnjoy-sipsquad-plus-cocuk-su-termosu-480-ml-snappy-croc-pm-HBC0000G0K7WR,SipnJoy
2026-10-03 17:21,Sipnjoy,FlipSip,SipnJoy - FlipSip Çocuk Su Termosu | 360 ml - Lively Roar,,360ml,termos,Hepsiburada,2090.0,ok,https://www.hepsiburada.com/sipnjoy-flipsip-cocuk-su-termosu-360-ml-lively-roar-pm-HBC0000G0K7WJ,SipnJoy
2026-10-03 17:21,Sipnjoy,FlipSip,SipnJoy - FlipSip Çocuk Su Termosu | 360 ml - Turtle Voyage,,360ml,termos,Hepsiburada,2090.0,ok,https://www.hepsiburada.com/sipnjoy-flipsip-cocuk-su-termosu-360-ml-turtle-voyage-p-HBCV0000FTTM3R,SipnJoy
2026-10-03 17:21,Sipnjoy,Handlehug,SipnJoy - HandleHug Tumbler | 550 ml - Lila,,550ml,tumbler,Hepsiburada,2190.0,ok,https://www.hepsiburada.com/sipnjoy-handlehug-tumbler-550-ml-lila-pm-HBC0000G0K7W9,SipnJoy
2026-10-03 17:21,Sipnjoy,FlipSip,,cocuk termos,360ml,termos,Hepsiburada,2090.0,ok,https://www.hepsiburada.com/sipnjoy-flipsip-cocuk-su-termosu-360-ml-paslanmaz-celik-koyu-pembe-ergonomik-tasarim-pm-HBC0000G0K8EH?magaza=SipnJoy,
2026-10-03 17:21,Sipnjoy,FlipSip,Sipnjoy - Flipsip Çocuk Su Termosu | 550 ml - Golden Horn,,550ml,termos,Hepsiburada,2290.0,ok,https://www.hepsiburada.com/sipnjoy-flipsip-cocuk-su-termosu-550-ml-golden-horn-pm-HBC0000G0I4B9,SipnJoy
2026-10-03 17:21,Sipnjoy,FlipSip,SipnJoy - FlipSip Çocuk Su Termosu | 550 ml -  Dino Roar,,550ml,termos,Hepsiburada,2290.0,ok,https://www.hepsiburada.com/sipnjoy-flipsip-cocuk-su-termosu-550-ml-golden-horn-pm-HBC0000I48X4B,SipnJoy
2026-10-03 17:21,Sipnjoy,FlipSip,SipnJoy - FlipSip Çocuk Su Termosu | 360 ml - Star Explorer,,360ml,termos,Hepsiburada,2090.0,ok,https://www.hepsiburada.com/sipnjoy-flipsip-cocuk-su-termosu-360-ml-star-explorer-pm-HBC0000G0K8EK,SipnJoy
2026-10-03 17:21,Sipnjoy,FlipSip,SipnJoy - FlipSip Çocuk Su Termosu | 360 ml -  Dino Roar,,360ml,termos,Hepsiburada,2090.0,ok,https://www.hepsiburada.com/sipnjoy-flipsip-cocuk-su-termosu-360-ml-dino-roar-pm-HBC0000G0K8EJ,SipnJoy
2026-10-03 17:21,Sipnjoy,StrawBuddy,SipnJoy - StrawBuddy Tumbler | 360 ml - Aqua,,360ml,tumbler,Hepsiburada,1590.0,ok,https://www.hepsiburada.com/sipnjoy-strawbuddy-tumbler-360-ml-pm-HBC0000910SIS,SipnJoy
2026-10-03 17:21,Sipnjoy,StrawBuddy,SipnJoy - StrawBuddy Tumbler | 360 ml - Sarı,,360ml,tumbler,Hepsiburada,1590.0,ok,https://www.hepsiburada.com/sipnjoy-strawbuddy-tumbler-360-ml-pm-HBC0000G0K8EP,SipnJoy
2026-10-03 17:21,Sipnjoy,Handlehug,SipnJoy - HandleHug Tumbler | 550 ml - Limon,,550ml,tumbler,Hepsiburada,2190.0,ok,https://www.hepsiburada.com/sipnjoy-handlehug-tumbler-550-ml-limon-pm-HBC0000G0K7W7,SipnJoy
2026-10-03 17:21,Sipnjoy,FlipSip,SipnJoy - FlipSip Çocuk Su Termosu | 550 ml - Snappy Croc,,550ml,termos,Hepsiburada,2290.0,ok,https://www.hepsiburada.com/sipnjoy-flipsip-cocuk-su-termosu-550-ml-golden-horn-pm-HBC0000I48X49,SipnJoy
2026-10-03 17:21,Sipnjoy,Handlehug,SipnJoy - HandleHug Tumbler | 550 ml - Sarı,,550ml,tumbler,Hepsiburada,2190.0,ok,https://www.hepsiburada.com/sipnjoy-handlehug-sari-termos-550-ml-paslanmaz-celik-ile-cocuklar-icin-ergonomik-tasarim-pm-HBC0000G0K8EL,SipnJoy
2026-10-03 17:21,Sipnjoy,Handlehug,SipnJoy - HandleHug Tumbler | 550 ml - Mint,,550ml,tumbler,Hepsiburada,2190.0,ok,https://www.hepsiburada.com/sipnjoy-handlehug-tumbler-550-ml-pm-HBC0000910TFA,SipnJoy
2026-10-03 17:21,Sipnjoy,FlipSip,SipnJoy - FlipSip Çocuk Su Termosu | 360 ml - Adventure Trails,,360ml,termos,Hepsiburada,2090.0,ok,https://www.hepsiburada.com/sipnjoy-flipsip-cocuk-su-termosu-360-ml-adventure-trail-pm-HBC0000G0K8EI,SipnJoy
2026-10-03 17:21,Sipnjoy,FlipSip,SipnJoy - FlipSip Çocuk Su Termosu | 360 ml - Snappy Croc,,360ml,termos,Hepsiburada,2090.0,ok,https://www.hepsiburada.com/sipnjoy-flipsip-cocuk-su-termosu-360-ml-pm-HBC0000FYUU2Z,SipnJoy
2026-10-03 17:21,Sipnjoy,Handlehug,SipnJoy - HandleHug Tumbler | 550 ml - Pembe,,550ml,tumbler,Hepsiburada,2190.0,ok,https://www.hepsiburada.com/sipnjoy-550-ml-termos-pembe-renkli-paslanmaz-celik-handlehug-tumbler-ergonomik-tasarim-pm-HBC0000G0K8EX,SipnJoy
2026-10-03 17:21,Sipnjoy,FlipSip,,cocuk termos,360ml,termos,Hepsiburada,2090.0,ok,https://www.hepsiburada.com/sipnjoy-flipsip-cocuk-su-termosu-360-ml-jungle-jam-pm-HBC0000G0K7WG?magaza=SipnJoy,
2026-10-03 17:21,Sipnjoy,Handlehug,SipnJoy - HandleHug Tumbler | 550 ml - Lacivert,,550ml,tumbler,Hepsiburada,2190.0,ok,https://www.hepsiburada.com/sipnjoy-handlehug-tumbler-550-ml-lacivert-pm-HBC0000G0K7W8,SipnJoy
2026-10-03 17:21,Sipnjoy,Handlehug,SipnJoy - HandleHug Tumbler | 550 ml - Turkuaz,,550ml,tumbler,Hepsiburada,2190.0,ok,https://www.hepsiburada.com/sipnjoy-handlehug-tumbler-550-ml-turkuaz-pm-HBC0000G0K7W5,SipnJoy
2026-10-03 17:21,Sipnjoy,FlipSip,SipnJoy - FlipSip Çocuk Su Termosu | 360 ml - Jolly Elephant,,360ml,termos,Hepsiburada,2090.0,ok,https://www.hepsiburada.com/sipnjoy-flipsip-cocuk-su-termosu-360-ml-jolly-elephant-pm-HBC0000FTT9N7,SipnJoy
2026-10-03 17:21,Sipnjoy,FlipSip,SipnJoy - FlipSip Çocuk Su Termosu | 360 ml - Twisty Joy,,360ml,termos,Hepsiburada,2090.0,ok,https://www.hepsiburada.com/sipnjoy-flipsip-cocuk-su-termosu-360-ml-twisty-joy-pm-HBC0000G0K7WL,SipnJoy
2026-10-03 17:21,Sipnjoy,Handlehug,SipnJoy - HandleHug Tumbler | 550 ml - Turuncu,,550ml,tumbler,Hepsiburada,2190.0,ok,https://www.hepsiburada.com/sipnjoy-550-ml-turuncu-termos-handlehug-tumbler-paslanmaz-celik-malzemeden-ergonomik-tasarim-pm-HBC0000G0K8EV,SipnJoy
2026-10-03 17:21,Sipnjoy,Handlehug,SipnJoy - HandleHug Tumbler | 550 ml - Pudra Pembe,,550ml,tumbler,Hepsiburada,2190.0,ok,https://www.hepsiburada.com/sipnjoy-handlehug-tumbler-550-ml-pudra-pembe-pm-HBC0000G0K7W6,SipnJoy
2026-10-03 17:21,Sipnjoy,FlipSip,SipnJoy - FlipSip Çocuk Su Termosu | 360 ml - Giggle Giraffe,,360ml,termos,Hepsiburada,2090.0,ok,https://www.hepsiburada.com/sipnjoy-flipsip-cocuk-su-termosu-360-ml-giggle-giraffe-pm-HBC0000G0K7WK,SipnJoy
2026-10-03 17:21,Cool Bottles,The Bottle,Cool Bottles The Bottle El Tipo Raro Positive Revolution 500 ml Matara,,500ml,matara,Hepsiburada,3420.0,ok,https://www.hepsiburada.com/cool-bottles-the-bottle-el-tipo-raro-positive-revolution-500-ml-matara-pm-HBC0000JR2HLE,Mareas
2026-10-03 17:21,Cool Bottles,Matara,Cool Bottles The Kids Bottle Music Beat 350 ml Çocuk Matarası,,350ml,matara,Hepsiburada,3150.0,ok,https://www.hepsiburada.com/cool-bottles-the-kids-bottle-music-beat-350-ml-cocuk-matarasi-pm-HBC0000JR2411,Mareas
2026-10-03 17:21,Cool Bottles,Matara,Cool Bottles The Kiddie Bottle Sprt& Sprinkles Land 350 ml Çocuk Matarası,,350ml,matara,Hepsiburada,3150.0,ok,https://www.hepsiburada.com/cool-bottles-the-kiddie-bottle-sprt-sprinkles-land-350-ml-cocuk-matarasi-pm-HBC0000JR28D2,Mareas
2026-10-03 17:21,Cool Bottles,Matara,Cool Bottles The Kids Bottle - Rolling Skaters 500ML,,500ml,matara,Hepsiburada,3420.0,ok,https://www.hepsiburada.com/the-kids-bottle-rolling-skaters-500ml-pm-HBC0000BST045,Mareas
2026-10-03 17:21,Cool Bottles,The Bottle,Cool Bottles The Bottle Moniquilla Rock Garden 500 ml Matara,,500ml,matara,Hepsiburada,3420.0,ok,https://www.hepsiburada.com/cool-bottles-the-bottle-moniquilla-rock-garden-500-ml-matara-pm-HBC0000JR2BV7,Mareas
2026-10-03 17:21,Cool Bottles,Matara,Cool Bottles The Kids Bottle Sprt& Pink Scoop 350 ml Çocuk Matarası,,350ml,matara,Hepsiburada,3150.0,ok,https://www.hepsiburada.com/cool-bottles-the-kids-bottle-sprt-pink-scoop-350-ml-cocuk-matarasi-pm-HBC0000JR2CCR,Mareas
2026-10-03 17:21,Cool Bottles,Matara,Cool Bottles The Kids Bottle Sprt& Blue Scoop 350 ml Çocuk Matarası,,350ml,matara,Hepsiburada,3150.0,ok,https://www.hepsiburada.com/cool-bottles-the-kids-bottle-sprt-blue-scoop-350-ml-cocuk-matarasi-pm-HBC0000JR22NO,Mareas
2026-10-03 17:21,Cool Bottles,Matara,Cool Bottles The Kiddie Bottle - Roar Time 350ML,,350ml,matara,Hepsiburada,3150.0,ok,https://www.hepsiburada.com/the-kiddie-bottle-roar-time-350ml-pm-HBC0000BSSYCJ,Mareas
2026-10-03 17:21,Cool Bottles,Matara,Cool Bottles The Kids Bottle - Jurassic Era 350ML,,350ml,matara,Hepsiburada,3150.0,ok,https://www.hepsiburada.com/the-kids-bottle-jurassic-era-350ml-pm-HBC0000BSTMRV,Mareas
2026-10-03 17:21,Cool Bottles,Matara,Cool Bottles The Kiddie Bottle - Rainbow Clouds 350ML,,350ml,matara,Hepsiburada,3150.0,ok,https://www.hepsiburada.com/the-kiddie-bottle-rainbow-clouds-350ml-pm-HBC0000BSTR6U,Mareas
2026-10-03 17:21,Cool Bottles,Matara,Cool Bottles The Kiddie Bottle - Little Wheels 350ML,,350ml,matara,Hepsiburada,3150.0,ok,https://www.hepsiburada.com/the-kiddie-bottle-little-wheels-350ml-pm-HBC0000BSOJ6X,Mareas
2026-10-03 17:21,Cool Bottles,The Bottle,Cool Bottles The Bottle - Mystical Lions 500ML,,500ml,matara,Hepsiburada,3420.0,ok,https://www.hepsiburada.com/the-bottle-mystical-lions-500ml-pm-HBC0000BSSSKJ,Mareas
2026-10-03 17:21,Cool Bottles,The Bottle,Cool Bottles The Bottle - Good Vibes 500ML,,500ml,matara,Hepsiburada,3420.0,ok,https://www.hepsiburada.com/the-bottle-good-vibes-500ml-pm-HBC0000BST24G,Mareas
2026-10-03 17:21,Cool Bottles,The Bottle,Cool Bottles The Bottle - Floral Madness 500ML,,500ml,matara,Hepsiburada,3420.0,ok,https://www.hepsiburada.com/the-bottle-floral-madness-500ml-pm-HBC0000BSTJME,Mareas
2026-10-03 17:21,Cool Bottles,The Bottle,Cool Bottles The Bottle - Allegra 500ML,,500ml,matara,Hepsiburada,3420.0,ok,https://www.hepsiburada.com/the-bottle-allegra-500ml-pm-HBC0000BSTQ1W,Mareas
2026-10-03 17:21,Cool Bottles,Matara,Cool Bottles The Kids Bottle - Play Mode 500ML,,500ml,matara,Hepsiburada,3420.0,ok,https://www.hepsiburada.com/the-kids-bottle-play-mode-500ml-pm-HBC0000BSTISH,Mareas
2026-10-03 17:21,Cool Bottles,The Bottle,Cool Bottles The Bottle - Mediterranean 500ML,,500ml,matara,Hepsiburada,3420.0,ok,https://www.hepsiburada.com/the-bottle-mediterranean-500ml-pm-HBC0000BSSUQA,Mareas
2026-10-03 17:21,Cool Bottles,The Bottle,Cool Bottles The Bottle - Pastel Green 500ML,,500ml,matara,Hepsiburada,2519.9,ok,https://www.hepsiburada.com/the-bottle-pastel-green-500ml-pm-HBC0000BSTQOV,Mareas
2026-10-03 17:21,Cool Bottles,Matara,Cool Bottles The Kids Bottle - Curious Explorers 350ML,,350ml,matara,Hepsiburada,3150.0,ok,https://www.hepsiburada.com/the-kids-bottle-curious-explorers-350ml-pm-HBC0000BSTDLM,Mareas
2026-10-03 17:21,Cool Bottles,The Bottle,Cool Bottles The Bottle - Dragonfly Paradise 500ML,,500ml,matara,Hepsiburada,3420.0,ok,https://www.hepsiburada.com/the-bottle-dragonfly-paradise-500ml-pm-HBC0000BST0HH,Mareas
2026-10-03 17:21,Cool Bottles,Matara,Cool Bottles The Kids Bottle - Magical Fairies 350ML,,350ml,matara,Hepsiburada,3150.0,ok,https://www.hepsiburada.com/the-kids-bottle-magical-fairies-350ml-pm-HBC0000BST8WQ,Mareas
2026-10-03 17:21,Cool Bottles,The Bottle,Cool Bottles The Bottle - René 500ML,,500ml,matara,Hepsiburada,3420.0,ok,https://www.hepsiburada.com/the-bottle-ren-500ml-pm-HBC0000BSTKCT,Mareas
2026-10-03 17:21,Cool Bottles,Matara,Cool Bottles The Kids Bottle - Sweet Mermaids 350ML,,350ml,matara,Hepsiburada,3150.0,ok,https://www.hepsiburada.com/the-kids-bottle-sweet-mermaids-350ml-pm-HBC0000BSTM6N,Mareas
2026-10-03 17:21,Cool Bottles,Matara,Cool Bottles The Kiddie Bottle - Underwater World 350ML,,350ml,matara,Hepsiburada,3150.0,ok,https://www.hepsiburada.com/the-kiddie-bottle-underwater-world-350ml-pm-HBC0000BST047,Mareas
2026-10-03 17:21,Cool Bottles,Matara,Cool Bottles The Kids Bottle - Outdoor Adventure 500ML,,500ml,matara,Hepsiburada,3420.0,ok,https://www.hepsiburada.com/the-kids-bottle-outdoor-adventure-500ml-pm-HBC0000BSTFD3,Mareas
2026-10-03 17:21,Cool Bottles,Matara,Cool Bottles The Kids Bottle - Funny Unicorns 350ML,,350ml,matara,Hepsiburada,3150.0,ok,https://www.hepsiburada.com/the-kids-bottle-funny-unicorns-350ml-pm-HBC0000BSTHBB,Mareas
2026-10-03 17:21,Cool Bottles,Matara,Cool Bottles The Kiddie Bottle - Whisker Kittens 350ML,,350ml,matara,Hepsiburada,3150.0,ok,https://www.hepsiburada.com/the-kiddie-bottle-whisker-kittens-350ml-pm-HBC0000BSTGCP,Mareas
2026-10-03 17:21,Cool Bottles,Matara,Cool Bottles The Kids Bottle - Dragon Dreams 350ML,,350ml,matara,Hepsiburada,3150.0,ok,https://www.hepsiburada.com/the-kids-bottle-dragon-dreams-350ml-pm-HBC0000BST8NG,Mareas
2026-10-03 17:21,Cool Bottles,Matara,Cool Bottles The Kids Bottle - Galactic Ride 500ML,,500ml,matara,Hepsiburada,3420.0,ok,https://www.hepsiburada.com/the-kids-bottle-galactic-ride-500ml-pm-HBC0000BSR09Q,Mareas
2026-10-03 17:21,Cool Bottles,Matara,Cool Bottles The Kids Bottle - Messy Robots 350ML,,350ml,matara,Hepsiburada,3150.0,ok,https://www.hepsiburada.com/the-kids-bottle-messy-robots-350ml-pm-HBC0000BSSYCH,Mareas
2026-10-03 17:21,Cool Bottles,The Bottle,Cool Bottles The Bottle - Tudor Village 500ML,,500ml,matara,Hepsiburada,2819.9,ok,https://www.hepsiburada.com/the-bottle-tudor-village-500ml-pm-HBC0000BST9Q6,Mareas
2026-10-03 17:21,Cool Bottles,Matara,Cool Bottles The Kiddie Bottle - Woodland Buddies 350ML,,350ml,matara,Hepsiburada,3150.0,ok,https://www.hepsiburada.com/the-kiddie-bottle-woodland-buddies-350ml-pm-HBC0000BST9Q8,Mareas
2026-10-03 17:21,Cool Bottles,Matara,Cool Bottles The Kids Bottle - Candy Land 350ML,,350ml,matara,Hepsiburada,3150.0,ok,https://www.hepsiburada.com/the-kids-bottle-candy-land-350ml-pm-HBC0000BSTM6P,Mareas
2026-10-03 17:21,Sipnjoy,FlipSip,,cocuk termos,360ml,termos,Hepsiburada,,urun_bulunamadi,https://www.hepsiburada.com/sipnjoy-flipsip-cocuk-su-termosu-360-ml-fly-pal-pm-HBC0000G0K7WF?magaza=SipnJoy,
2026-10-03 17:21,Sipnjoy,FlipSip,,cocuk termos,360ml,termos,Hepsiburada,,urun_bulunamadi,https://www.hepsiburada.com/sipnjoy-flipsip-cocuk-su-termosu-360-ml-firefighter-buddy-pm-HBC0000G0K7WC?magaza=SipnJoy,
2026-10-03 17:21,Sipnjoy,FlipSip,,cocuk termos,360ml,termos,Hepsiburada,,urun_bulunamadi,https://www.hepsiburada.com/sipnjoy-flipsip-cocuk-su-termosu-360-ml-bee-honey-pm-HBC0000G0K7WD?magaza=SipnJoy,
2026-10-03 17:21,Sipnjoy,SippyPals,,cocuk termos,360ml,termos,Hepsiburada,,urun_bulunamadi,https://www.hepsiburada.com/sipnjoy-sippypals-cocuk-su-termosu-360-ml-koyu-mavi-pm-HBC0000C5G4SC?magaza=SipnJoy,
2026-10-03 17:21,Sipnjoy,WideWonder,,cocuk termos,420ml,termos,Hepsiburada,,urun_bulunamadi,https://www.hepsiburada.com/sipnjoy-widewonder-cocuk-su-termosu-420-ml-swan-harmony-pm-HBC0000G0K8E3?magaza=SipnJoy,
2026-10-03 21:05,Sipnjoy,SipSquad,SipnJoy - SipSquad Plus Çocuk Su Termosu  | 480 ml - Fairy Sparkle,,480ml,termos,Hepsiburada,2390.0,ok,https://www.hepsiburada.com/sipnjoy-sipsquad-plus-cocuk-su-termosu-480-ml-fairy-sparkle-pm-HBC0000G0K7WI,SipnJoy
2026-10-03 21:05,Sipnjoy,SipSquad,SipnJoy - SipSquad Plus Çocuk Su Termosu  | 480 ml - Mermaid Dream,,480ml,termos,Hepsiburada,2390.0,ok,https://www.hepsiburada.com/sipnjoy-sipsquad-plus-cocuk-su-termosu-480-ml-mermaid-dream-pm-HBC0000G0K7WN,SipnJoy
2026-10-03 21:05,Sipnjoy,SipSquad,SipnJoy - SipSquad Plus Çocuk Su Termosu  | 480 ml - Golden Horn,,480ml,termos,Hepsiburada,2390.0,ok,https://www.hepsiburada.com/sipnjoy-sipsquad-plus-cocuk-su-termosu-480-ml-golden-horn-pm-HBC0000G0K7WM,SipnJoy
2026-10-03 21:05,Sipnjoy,FlipSip,SipnJoy - FlipSip Çocuk Su Termosu | 550 ml - Mermaid Dream,,550ml,termos,Hepsiburada,2290.0,ok,https://www.hepsiburada.com/sipnjoy-flipsip-cocuk-su-termosu-550-ml-golden-horn-pm-HBC0000I48X4A,SipnJoy
2026-10-03 21:05,Sipnjoy,SipSquad,SipnJoy - SipSquad Plus Çocuk Su Termosu  | 480 ml - Dino Roar,,480ml,termos,Hepsiburada,2390.0,ok,https://www.hepsiburada.com/sipnjoy-sipsquad-plus-cocuk-su-termosu-480-ml-dino-roar-pm-HBC0000G0K7WQ,SipnJoy
2026-10-03 21:05,Sipnjoy,SipSquad,SipnJoy - SipSquad Plus Çocuk Su Termosu  | 480 ml - Ballerina Sparkle,,480ml,termos,Hepsiburada,2390.0,ok,https://www.hepsiburada.com/sipnjoy-sipsquad-plus-cocuk-su-termosu-480-ml-ballerina-sparkle-pm-HBC0000FTT77G,SipnJoy
2026-10-03 21:05,Sipnjoy,FlipSip,SipnJoy - FlipSip Çocuk Su Termosu | 550 ml -  Builder Buddy,,550ml,termos,Hepsiburada,2290.0,ok,https://www.hepsiburada.com/sipnjoy-flipsip-cocuk-su-termosu-550-ml-golden-horn-pm-HBC0000I48X48,SipnJoy
2026-10-03 21:05,Sipnjoy,SippyPals,,cocuk termos,360ml,termos,Hepsiburada,1990.0,ok,https://www.hepsiburada.com/sipnjoy-sippypals-cocuk-su-termosu-360-ml-mor-pm-HBC0000G0K8E5?magaza=SipnJoy,
2026-10-03 21:05,Sipnjoy,FlipSip,SipnJoy - FlipSip Çocuk Su Termosu | 360 ml - Builder Buddy,,360ml,termos,Hepsiburada,2090.0,ok,https://www.hepsiburada.com/sipnjoy-flipsip-cocuk-su-termosu-360-ml-builder-buddy-pm-HBC0000G0K7WA,SipnJoy
2026-10-03 21:05,Sipnjoy,FlipSip,SipnJoy - FlipSip Çocuk Su Termosu | 550 ml - Star Explorer,,550ml,termos,Hepsiburada,2290.0,ok,https://www.hepsiburada.com/sipnjoy-flipsip-cocuk-su-termosu-550-ml-golden-horn-pm-HBC0000I48X4C,SipnJoy
2026-10-03 21:05,Sipnjoy,FlipSip,SipnJoy - FlipSip Çocuk Su Termosu | 360 ml - Ballerina Sparkle,,360ml,termos,Hepsiburada,2090.0,ok,https://www.hepsiburada.com/sipnjoy-flipsip-cocuk-su-termosu-360-ml-ballerina-sparkle-p-HBCV0000G0KZF9,SipnJoy
2026-10-03 21:05,Sipnjoy,FlipSip,SipnJoy - FlipSip Çocuk Su Termosu | 360 ml - Fairy Sparkle,,360ml,termos,Hepsiburada,2090.0,ok,https://www.hepsiburada.com/sipnjoy-lila-renkli-cocuk-su-termosu-360-ml-paslanmaz-celik-ergonomik-tasarim-ozellikli-pm-HBC0000G0K8EZ,SipnJoy
2026-10-03 21:05,Sipnjoy,StrawBuddy,SipnJoy - StrawBuddy Tumbler | 360 ml - Turuncu,,360ml,tumbler,Hepsiburada,1590.0,ok,https://www.hepsiburada.com/sipnjoy-strawbuddy-tumbler-360-ml-pm-HBC0000G0K8EW,SipnJoy
2026-10-03 21:05,Sipnjoy,SipSquad,SipnJoy - SipSquad Plus Çocuk Su Termosu  | 480 ml - Star Explorer,,480ml,termos,Hepsiburada,2390.0,ok,https://www.hepsiburada.com/sipnjoy-sipsquad-plus-cocuk-su-termosu-480-ml-star-explorer-pm-HBC0000G0K7WP,SipnJoy
2026-10-03 21:05,Sipnjoy,FlipSip,SipnJoy - FlipSip Çocuk Su Termosu | 360 ml - Rescue Crew,,360ml,termos,Hepsiburada,2090.0,ok,https://www.hepsiburada.com/sipnjoy-flipsip-cocuk-su-termosu-360-ml-rescue-crew-pm-HBC0000G0K7WB,SipnJoy
2026-10-03 21:05,Sipnjoy,SipSquad,SipnJoy - SipSquad Plus Çocuk Su Termosu  | 480 ml - Snappy Croc,,480ml,termos,Hepsiburada,2390.0,ok,https://www.hepsiburada.com/sipnjoy-sipsquad-plus-cocuk-su-termosu-480-ml-snappy-croc-pm-HBC0000G0K7WR,SipnJoy
2026-10-03 21:05,Sipnjoy,FlipSip,SipnJoy - FlipSip Çocuk Su Termosu | 360 ml - Lively Roar,,360ml,termos,Hepsiburada,2090.0,ok,https://www.hepsiburada.com/sipnjoy-flipsip-cocuk-su-termosu-360-ml-lively-roar-pm-HBC0000G0K7WJ,SipnJoy
2026-10-03 21:05,Sipnjoy,FlipSip,SipnJoy - FlipSip Çocuk Su Termosu | 360 ml - Turtle Voyage,,360ml,termos,Hepsiburada,2090.0,ok,https://www.hepsiburada.com/sipnjoy-flipsip-cocuk-su-termosu-360-ml-turtle-voyage-p-HBCV0000FTTM3R,SipnJoy
2026-10-03 21:05,Sipnjoy,Handlehug,SipnJoy - HandleHug Tumbler | 550 ml - Lila,,550ml,tumbler,Hepsiburada,2190.0,ok,https://www.hepsiburada.com/sipnjoy-handlehug-tumbler-550-ml-lila-pm-HBC0000G0K7W9,SipnJoy
2026-10-03 21:05,Sipnjoy,FlipSip,,cocuk termos,360ml,termos,Hepsiburada,2090.0,ok,https://www.hepsiburada.com/sipnjoy-flipsip-cocuk-su-termosu-360-ml-paslanmaz-celik-koyu-pembe-ergonomik-tasarim-pm-HBC0000G0K8EH?magaza=SipnJoy,
2026-10-03 21:05,Sipnjoy,FlipSip,Sipnjoy - Flipsip Çocuk Su Termosu | 550 ml - Golden Horn,,550ml,termos,Hepsiburada,2290.0,ok,https://www.hepsiburada.com/sipnjoy-flipsip-cocuk-su-termosu-550-ml-golden-horn-pm-HBC0000G0I4B9,SipnJoy
2026-10-03 21:05,Sipnjoy,FlipSip,SipnJoy - FlipSip Çocuk Su Termosu | 550 ml -  Dino Roar,,550ml,termos,Hepsiburada,2290.0,ok,https://www.hepsiburada.com/sipnjoy-flipsip-cocuk-su-termosu-550-ml-golden-horn-pm-HBC0000I48X4B,SipnJoy
2026-10-03 21:05,Sipnjoy,FlipSip,SipnJoy - FlipSip Çocuk Su Termosu | 360 ml - Star Explorer,,360ml,termos,Hepsiburada,2090.0,ok,https://www.hepsiburada.com/sipnjoy-flipsip-cocuk-su-termosu-360-ml-star-explorer-pm-HBC0000G0K8EK,SipnJoy
2026-10-03 21:05,Sipnjoy,FlipSip,SipnJoy - FlipSip Çocuk Su Termosu | 360 ml -  Dino Roar,,360ml,termos,Hepsiburada,2090.0,ok,https://www.hepsiburada.com/sipnjoy-flipsip-cocuk-su-termosu-360-ml-dino-roar-pm-HBC0000G0K8EJ,SipnJoy
2026-10-03 21:05,Sipnjoy,StrawBuddy,SipnJoy - StrawBuddy Tumbler | 360 ml - Aqua,,360ml,tumbler,Hepsiburada,1590.0,ok,https://www.hepsiburada.com/sipnjoy-strawbuddy-tumbler-360-ml-pm-HBC0000910SIS,SipnJoy
2026-10-03 21:05,Sipnjoy,StrawBuddy,SipnJoy - StrawBuddy Tumbler | 360 ml - Sarı,,360ml,tumbler,Hepsiburada,1590.0,ok,https://www.hepsiburada.com/sipnjoy-strawbuddy-tumbler-360-ml-pm-HBC0000G0K8EP,SipnJoy
2026-10-03 21:05,Sipnjoy,Handlehug,SipnJoy - HandleHug Tumbler | 550 ml - Limon,,550ml,tumbler,Hepsiburada,2190.0,ok,https://www.hepsiburada.com/sipnjoy-handlehug-tumbler-550-ml-limon-pm-HBC0000G0K7W7,SipnJoy
2026-10-03 21:05,Sipnjoy,FlipSip,SipnJoy - FlipSip Çocuk Su Termosu | 550 ml - Snappy Croc,,550ml,termos,Hepsiburada,2290.0,ok,https://www.hepsiburada.com/sipnjoy-flipsip-cocuk-su-termosu-550-ml-golden-horn-pm-HBC0000I48X49,SipnJoy
2026-10-03 21:05,Sipnjoy,Handlehug,SipnJoy - HandleHug Tumbler | 550 ml - Sarı,,550ml,tumbler,Hepsiburada,2190.0,ok,https://www.hepsiburada.com/sipnjoy-handlehug-sari-termos-550-ml-paslanmaz-celik-ile-cocuklar-icin-ergonomik-tasarim-pm-HBC0000G0K8EL,SipnJoy
2026-10-03 21:05,Sipnjoy,Handlehug,SipnJoy - HandleHug Tumbler | 550 ml - Mint,,550ml,tumbler,Hepsiburada,2190.0,ok,https://www.hepsiburada.com/sipnjoy-handlehug-tumbler-550-ml-pm-HBC0000910TFA,SipnJoy
2026-10-03 21:05,Sipnjoy,FlipSip,SipnJoy - FlipSip Çocuk Su Termosu | 360 ml - Adventure Trails,,360ml,termos,Hepsiburada,2090.0,ok,https://www.hepsiburada.com/sipnjoy-flipsip-cocuk-su-termosu-360-ml-adventure-trail-pm-HBC0000G0K8EI,SipnJoy
2026-10-03 21:05,Sipnjoy,FlipSip,SipnJoy - FlipSip Çocuk Su Termosu | 360 ml - Snappy Croc,,360ml,termos,Hepsiburada,2090.0,ok,https://www.hepsiburada.com/sipnjoy-flipsip-cocuk-su-termosu-360-ml-pm-HBC0000FYUU2Z,SipnJoy
2026-10-03 21:05,Sipnjoy,Handlehug,SipnJoy - HandleHug Tumbler | 550 ml - Pembe,,550ml,tumbler,Hepsiburada,2190.0,ok,https://www.hepsiburada.com/sipnjoy-550-ml-termos-pembe-renkli-paslanmaz-celik-handlehug-tumbler-ergonomik-tasarim-pm-HBC0000G0K8EX,SipnJoy
2026-10-03 21:05,Sipnjoy,FlipSip,,cocuk termos,360ml,termos,Hepsiburada,2090.0,ok,https://www.hepsiburada.com/sipnjoy-flipsip-cocuk-su-termosu-360-ml-jungle-jam-pm-HBC0000G0K7WG?magaza=SipnJoy,
2026-10-03 21:05,Sipnjoy,Handlehug,SipnJoy - HandleHug Tumbler | 550 ml - Lacivert,,550ml,tumbler,Hepsiburada,2190.0,ok,https://www.hepsiburada.com/sipnjoy-handlehug-tumbler-550-ml-lacivert-pm-HBC0000G0K7W8,SipnJoy
2026-10-03 21:05,Sipnjoy,Handlehug,SipnJoy - HandleHug Tumbler | 550 ml - Turkuaz,,550ml,tumbler,Hepsiburada,2190.0,ok,https://www.hepsiburada.com/sipnjoy-handlehug-tumbler-550-ml-turkuaz-pm-HBC0000G0K7W5,SipnJoy
2026-10-03 21:05,Sipnjoy,FlipSip,SipnJoy - FlipSip Çocuk Su Termosu | 360 ml - Jolly Elephant,,360ml,termos,Hepsiburada,2090.0,ok,https://www.hepsiburada.com/sipnjoy-flipsip-cocuk-su-termosu-360-ml-jolly-elephant-pm-HBC0000FTT9N7,SipnJoy
2026-10-03 21:05,Sipnjoy,FlipSip,SipnJoy - FlipSip Çocuk Su Termosu | 360 ml - Twisty Joy,,360ml,termos,Hepsiburada,2090.0,ok,https://www.hepsiburada.com/sipnjoy-flipsip-cocuk-su-termosu-360-ml-twisty-joy-pm-HBC0000G0K7WL,SipnJoy
2026-10-03 21:05,Sipnjoy,Handlehug,SipnJoy - HandleHug Tumbler | 550 ml - Turuncu,,550ml,tumbler,Hepsiburada,2190.0,ok,https://www.hepsiburada.com/sipnjoy-550-ml-turuncu-termos-handlehug-tumbler-paslanmaz-celik-malzemeden-ergonomik-tasarim-pm-HBC0000G0K8EV,SipnJoy
2026-10-03 21:05,Sipnjoy,Handlehug,SipnJoy - HandleHug Tumbler | 550 ml - Pudra Pembe,,550ml,tumbler,Hepsiburada,2190.0,ok,https://www.hepsiburada.com/sipnjoy-handlehug-tumbler-550-ml-pudra-pembe-pm-HBC0000G0K7W6,SipnJoy
2026-10-03 21:05,Sipnjoy,FlipSip,SipnJoy - FlipSip Çocuk Su Termosu | 360 ml - Giggle Giraffe,,360ml,termos,Hepsiburada,2090.0,ok,https://www.hepsiburada.com/sipnjoy-flipsip-cocuk-su-termosu-360-ml-giggle-giraffe-pm-HBC0000G0K7WK,SipnJoy
2026-10-03 21:05,Cool Bottles,The Bottle,Cool Bottles The Bottle El Tipo Raro Positive Revolution 500 ml Matara,,500ml,matara,Hepsiburada,3420.0,ok,https://www.hepsiburada.com/cool-bottles-the-bottle-el-tipo-raro-positive-revolution-500-ml-matara-pm-HBC0000JR2HLE,Mareas
2026-10-03 21:05,Cool Bottles,Matara,Cool Bottles The Kiddie Bottle Sprt& Sprinkles Land 350 ml Çocuk Matarası,,350ml,matara,Hepsiburada,3150.0,ok,https://www.hepsiburada.com/cool-bottles-the-kiddie-bottle-sprt-sprinkles-land-350-ml-cocuk-matarasi-pm-HBC0000JR28D2,Mareas
2026-10-03 21:05,Cool Bottles,Matara,Cool Bottles The Kids Bottle Music Beat 350 ml Çocuk Matarası,,350ml,matara,Hepsiburada,3150.0,ok,https://www.hepsiburada.com/cool-bottles-the-kids-bottle-music-beat-350-ml-cocuk-matarasi-pm-HBC0000JR2411,Mareas
2026-10-03 21:05,Cool Bottles,Matara,Cool Bottles The Kids Bottle - Rolling Skaters 500ML,,500ml,matara,Hepsiburada,3420.0,ok,https://www.hepsiburada.com/the-kids-bottle-rolling-skaters-500ml-pm-HBC0000BST045,Mareas
2026-10-03 21:05,Cool Bottles,The Bottle,Cool Bottles The Bottle Moniquilla Rock Garden 500 ml Matara,,500ml,matara,Hepsiburada,3420.0,ok,https://www.hepsiburada.com/cool-bottles-the-bottle-moniquilla-rock-garden-500-ml-matara-pm-HBC0000JR2BV7,Mareas
2026-10-03 21:05,Cool Bottles,Matara,Cool Bottles The Kids Bottle Sprt& Pink Scoop 350 ml Çocuk Matarası,,350ml,matara,Hepsiburada,3150.0,ok,https://www.hepsiburada.com/cool-bottles-the-kids-bottle-sprt-pink-scoop-350-ml-cocuk-matarasi-pm-HBC0000JR2CCR,Mareas
2026-10-03 21:05,Cool Bottles,Matara,Cool Bottles The Kids Bottle Sprt& Blue Scoop 350 ml Çocuk Matarası,,350ml,matara,Hepsiburada,3150.0,ok,https://www.hepsiburada.com/cool-bottles-the-kids-bottle-sprt-blue-scoop-350-ml-cocuk-matarasi-pm-HBC0000JR22NO,Mareas
2026-10-03 21:05,Cool Bottles,Matara,Cool Bottles The Kiddie Bottle - Roar Time 350ML,,350ml,matara,Hepsiburada,3150.0,ok,https://www.hepsiburada.com/the-kiddie-bottle-roar-time-350ml-pm-HBC0000BSSYCJ,Mareas
2026-10-03 21:05,Cool Bottles,Matara,Cool Bottles The Kids Bottle - Jurassic Era 350ML,,350ml,matara,Hepsiburada,3150.0,ok,https://www.hepsiburada.com/the-kids-bottle-jurassic-era-350ml-pm-HBC0000BSTMRV,Mareas
2026-10-03 21:05,Cool Bottles,Matara,Cool Bottles The Kiddie Bottle - Rainbow Clouds 350ML,,350ml,matara,Hepsiburada,3150.0,ok,https://www.hepsiburada.com/the-kiddie-bottle-rainbow-clouds-350ml-pm-HBC0000BSTR6U,Mareas
2026-10-03 21:05,Cool Bottles,Matara,Cool Bottles The Kiddie Bottle - Little Wheels 350ML,,350ml,matara,Hepsiburada,3150.0,ok,https://www.hepsiburada.com/the-kiddie-bottle-little-wheels-350ml-pm-HBC0000BSOJ6X,Mareas
2026-10-03 21:05,Cool Bottles,The Bottle,Cool Bottles The Bottle - Mystical Lions 500ML,,500ml,matara,Hepsiburada,3420.0,ok,https://www.hepsiburada.com/the-bottle-mystical-lions-500ml-pm-HBC0000BSSSKJ,Mareas
2026-10-03 21:05,Cool Bottles,The Bottle,Cool Bottles The Bottle - Good Vibes 500ML,,500ml,matara,Hepsiburada,3420.0,ok,https://www.hepsiburada.com/the-bottle-good-vibes-500ml-pm-HBC0000BST24G,Mareas
2026-10-03 21:05,Cool Bottles,The Bottle,Cool Bottles The Bottle - Floral Madness 500ML,,500ml,matara,Hepsiburada,3420.0,ok,https://www.hepsiburada.com/the-bottle-floral-madness-500ml-pm-HBC0000BSTJME,Mareas
2026-10-03 21:05,Cool Bottles,The Bottle,Cool Bottles The Bottle - Allegra 500ML,,500ml,matara,Hepsiburada,3420.0,ok,https://www.hepsiburada.com/the-bottle-allegra-500ml-pm-HBC0000BSTQ1W,Mareas
2026-10-03 21:05,Cool Bottles,Matara,Cool Bottles The Kids Bottle - Play Mode 500ML,,500ml,matara,Hepsiburada,3420.0,ok,https://www.hepsiburada.com/the-kids-bottle-play-mode-500ml-pm-HBC0000BSTISH,Mareas
2026-10-03 21:05,Cool Bottles,The Bottle,Cool Bottles The Bottle - Mediterranean 500ML,,500ml,matara,Hepsiburada,3420.0,ok,https://www.hepsiburada.com/the-bottle-mediterranean-500ml-pm-HBC0000BSSUQA,Mareas
2026-10-03 21:05,Cool Bottles,The Bottle,Cool Bottles The Bottle - Pastel Green 500ML,,500ml,matara,Hepsiburada,2519.9,ok,https://www.hepsiburada.com/the-bottle-pastel-green-500ml-pm-HBC0000BSTQOV,Mareas
2026-10-03 21:05,Cool Bottles,Matara,Cool Bottles The Kids Bottle - Curious Explorers 350ML,,350ml,matara,Hepsiburada,3150.0,ok,https://www.hepsiburada.com/the-kids-bottle-curious-explorers-350ml-pm-HBC0000BSTDLM,Mareas
2026-10-03 21:05,Cool Bottles,The Bottle,Cool Bottles The Bottle - Dragonfly Paradise 500ML,,500ml,matara,Hepsiburada,3420.0,ok,https://www.hepsiburada.com/the-bottle-dragonfly-paradise-500ml-pm-HBC0000BST0HH,Mareas
2026-10-03 21:05,Cool Bottles,Matara,Cool Bottles The Kids Bottle - Magical Fairies 350ML,,350ml,matara,Hepsiburada,3150.0,ok,https://www.hepsiburada.com/the-kids-bottle-magical-fairies-350ml-pm-HBC0000BST8WQ,Mareas
2026-10-03 21:05,Cool Bottles,The Bottle,Cool Bottles The Bottle - René 500ML,,500ml,matara,Hepsiburada,3420.0,ok,https://www.hepsiburada.com/the-bottle-ren-500ml-pm-HBC0000BSTKCT,Mareas
2026-10-03 21:05,Cool Bottles,Matara,Cool Bottles The Kids Bottle - Sweet Mermaids 350ML,,350ml,matara,Hepsiburada,3150.0,ok,https://www.hepsiburada.com/the-kids-bottle-sweet-mermaids-350ml-pm-HBC0000BSTM6N,Mareas
2026-10-03 21:05,Cool Bottles,Matara,Cool Bottles The Kiddie Bottle - Underwater World 350ML,,350ml,matara,Hepsiburada,3150.0,ok,https://www.hepsiburada.com/the-kiddie-bottle-underwater-world-350ml-pm-HBC0000BST047,Mareas
2026-10-03 21:05,Cool Bottles,Matara,Cool Bottles The Kids Bottle - Outdoor Adventure 500ML,,500ml,matara,Hepsiburada,3420.0,ok,https://www.hepsiburada.com/the-kids-bottle-outdoor-adventure-500ml-pm-HBC0000BSTFD3,Mareas
2026-10-03 21:05,Cool Bottles,Matara,Cool Bottles The Kids Bottle - Funny Unicorns 350ML,,350ml,matara,Hepsiburada,3150.0,ok,https://www.hepsiburada.com/the-kids-bottle-funny-unicorns-350ml-pm-HBC0000BSTHBB,Mareas
2026-10-03 21:05,Cool Bottles,Matara,Cool Bottles The Kiddie Bottle - Whisker Kittens 350ML,,350ml,matara,Hepsiburada,3150.0,ok,https://www.hepsiburada.com/the-kiddie-bottle-whisker-kittens-350ml-pm-HBC0000BSTGCP,Mareas
2026-10-03 21:05,Cool Bottles,Matara,Cool Bottles The Kids Bottle - Dragon Dreams 350ML,,350ml,matara,Hepsiburada,3150.0,ok,https://www.hepsiburada.com/the-kids-bottle-dragon-dreams-350ml-pm-HBC0000BST8NG,Mareas
2026-10-03 21:05,Cool Bottles,Matara,Cool Bottles The Kids Bottle - Galactic Ride 500ML,,500ml,matara,Hepsiburada,3420.0,ok,https://www.hepsiburada.com/the-kids-bottle-galactic-ride-500ml-pm-HBC0000BSR09Q,Mareas
2026-10-03 21:05,Cool Bottles,Matara,Cool Bottles The Kids Bottle - Messy Robots 350ML,,350ml,matara,Hepsiburada,3150.0,ok,https://www.hepsiburada.com/the-kids-bottle-messy-robots-350ml-pm-HBC0000BSSYCH,Mareas
2026-10-03 21:05,Cool Bottles,The Bottle,Cool Bottles The Bottle - Tudor Village 500ML,,500ml,matara,Hepsiburada,2819.9,ok,https://www.hepsiburada.com/the-bottle-tudor-village-500ml-pm-HBC0000BST9Q6,Mareas
2026-10-03 21:05,Cool Bottles,Matara,Cool Bottles The Kiddie Bottle - Woodland Buddies 350ML,,350ml,matara,Hepsiburada,3150.0,ok,https://www.hepsiburada.com/the-kiddie-bottle-woodland-buddies-350ml-pm-HBC0000BST9Q8,Mareas
2026-10-03 21:05,Cool Bottles,Matara,Cool Bottles The Kids Bottle - Candy Land 350ML,,350ml,matara,Hepsiburada,3150.0,ok,https://www.hepsiburada.com/the-kids-bottle-candy-land-350ml-pm-HBC0000BSTM6P,Mareas
2026-10-03 21:05,Sipnjoy,FlipSip,,cocuk termos,360ml,termos,Hepsiburada,,urun_bulunamadi,https://www.hepsiburada.com/sipnjoy-flipsip-cocuk-su-termosu-360-ml-fly-pal-pm-HBC0000G0K7WF?magaza=SipnJoy,
2026-10-03 21:05,Sipnjoy,FlipSip,,cocuk termos,360ml,termos,Hepsiburada,,urun_bulunamadi,https://www.hepsiburada.com/sipnjoy-flipsip-cocuk-su-termosu-360-ml-firefighter-buddy-pm-HBC0000G0K7WC?magaza=SipnJoy,
2026-10-03 21:05,Sipnjoy,FlipSip,,cocuk termos,360ml,termos,Hepsiburada,,urun_bulunamadi,https://www.hepsiburada.com/sipnjoy-flipsip-cocuk-su-termosu-360-ml-bee-honey-pm-HBC0000G0K7WD?magaza=SipnJoy,
2026-10-03 21:05,Sipnjoy,SippyPals,,cocuk termos,360ml,termos,Hepsiburada,,urun_bulunamadi,https://www.hepsiburada.com/sipnjoy-sippypals-cocuk-su-termosu-360-ml-koyu-mavi-pm-HBC0000C5G4SC?magaza=SipnJoy,
2026-10-03 21:05,Sipnjoy,WideWonder,,cocuk termos,420ml,termos,Hepsiburada,,urun_bulunamadi,https://www.hepsiburada.com/sipnjoy-widewonder-cocuk-su-termosu-420-ml-swan-harmony-pm-HBC0000G0K8E3?magaza=SipnJoy,
