tarih,marka,seri_adi,varyant,kategori1,hacim,kategori2,platform,fiyat,durum,url,satici
2026-10-01 00:32,Sipnjoy,Termos,SipnJoy - Su Termosu | 750 ml - Siyah,,750ml,termos,kidsnjoy,,stok_yok,https://kidsnjoystore.com/sipnjoy-su-termosu-750-ml-siyah-112,sipnjoy
2026-10-01 00:32,Sipnjoy,Termos,SipnJoy - Su Termosu | 750 ml - Pembe,,750ml,termos,kidsnjoy,1400.0,ok,https://kidsnjoystore.com/sipnjoy-su-termosu-750-ml-pembe-113,sipnjoy
2026-10-01 00:32,Sipnjoy,Tumbler,SipnJoy - Tumbler | 1200 ml - Siyah,,1200ml,tumbler,kidsnjoy,1840.0,ok,https://kidsnjoystore.com/sipnjoy-tumbler-1200-ml-siyah-114,sipnjoy
2026-10-01 00:32,Sipnjoy,Tumbler,SipnJoy - Tumbler | 1200 ml - Bej,,1200ml,tumbler,kidsnjoy,1840.0,ok,https://kidsnjoystore.com/sipnjoy-tumbler-1200-ml-bej-115,sipnjoy
2026-10-01 00:32,Sipnjoy,Tumbler,SipnJoy - Tumbler | 1200 ml - Pembe,,1200ml,tumbler,kidsnjoy,1840.0,ok,https://kidsnjoystore.com/sipnjoy-tumbler-1200-ml-pembe-116,sipnjoy
2026-10-01 00:32,Sipnjoy,Mug,SipnJoy - Coffee Mug | 480 ml - Siyah,,480ml,mug,kidsnjoy,1080.0,ok,https://kidsnjoystore.com/sipnjoy-coffee-mug-480-ml-siyah-117,sipnjoy
2026-10-01 00:32,Sipnjoy,Mug,SipnJoy - Coffee Mug | 480 ml - Beyaz,,480ml,mug,kidsnjoy,1080.0,ok,https://kidsnjoystore.com/sipnjoy-coffee-mug-480-ml-beyaz-118,sipnjoy
2026-10-01 00:32,Sipnjoy,Mug,SipnJoy - Coffee Mug | 480 ml - Mavi,,480ml,mug,kidsnjoy,1080.0,ok,https://kidsnjoystore.com/sipnjoy-coffee-mug-480-ml-mavi-119,sipnjoy
2026-10-01 00:32,Sipnjoy,Termos,SipnJoy Su Termosu | 750 ml,,750ml,termos,Trendyol,1400.0,ok,https://www.trendyol.com/sipnjoy/su-termosu-750-ml-p-932904531,SipnJoy
2026-10-01 00:32,Sipnjoy,Termos,SipnJoy Siyah Çelik Su Termosu 750 ml,,750ml,termos,Trendyol,3900.0,ok,https://www.trendyol.com/sipnjoy/siyah-celik-su-termosu-750-ml-p-1029123450,SipnJoy
2026-10-01 00:32,Sipnjoy,Tumbler,SipnJoy - Tumbler | 1200 ml - Pembe,,1200ml,tumbler,Trendyol,1840.0,ok,https://www.trendyol.com/sipnjoy/tumbler-1200-ml-pembe-p-932905029,SipnJoy
2026-10-01 00:32,Sipnjoy,Mug,SipnJoy - Coffee Mug | 480 ml - Mavi,,480ml,mug,Trendyol,1080.0,ok,https://www.trendyol.com/sipnjoy/coffee-mug-480-ml-mavi-p-1159710733,SipnJoy
2026-10-01 00:32,Sipnjoy,Mug,SipnJoy - Coffee Mug | 480 ml - Siyah,,480ml,mug,Trendyol,1080.0,ok,https://www.trendyol.com/sipnjoy/coffee-mug-480-ml-siyah-p-1159710704,SipnJoy
2026-10-01 00:32,Sipnjoy,Mug,SipnJoy - Coffee Mug | 480 ml - Beyaz,,480ml,mug,Trendyol,1080.0,ok,https://www.trendyol.com/sipnjoy/coffee-mug-480-ml-beyaz-p-1159710022,SipnJoy
2026-10-01 00:32,Sipnjoy,Tumbler,SipnJoy - Tumbler | 1200 ml - Siyah,,1200ml,tumbler,Trendyol,1840.0,ok,https://www.trendyol.com/sipnjoy/tumbler-1200-ml-siyah-p-932905030,SipnJoy
2026-10-01 00:32,Sipnjoy,Tumbler,SipnJoy - Tumbler | 1200 ml - Bej,,1200ml,tumbler,Trendyol,1840.0,ok,https://www.trendyol.com/sipnjoy/tumbler-1200-ml-bej-p-932905055,SipnJoy
2026-10-01 00:32,Cool Bottles,The Tumbler,Cool Bottles The Tumbler Patch Zone Termos Bardak 330 ML,,330ml,tumbler,Trendyol,2960.0,ok,https://www.trendyol.com/cool-bottles/the-tumbler-patch-zone-termos-bardak-330-ml-p-1203918079,Mareas
2026-10-01 00:32,Cool Bottles,The Tumbler,Cool Bottles The Tumbler René Termos Bardak 550 ML,,550ml,tumbler,Trendyol,2099.0,ok,https://www.trendyol.com/cool-bottles/the-tumbler-rene-termos-bardak-550-ml-p-1047571546,Mareas
2026-10-01 00:32,Cool Bottles,The Tumbler,Cool Bottles The Tumbler Sunshine Fiesta Termos Bardak 330 ML,,330ml,tumbler,Trendyol,1999.0,ok,https://www.trendyol.com/cool-bottles/the-tumbler-sunshine-fiesta-termos-bardak-330-ml-p-1047587276,Mareas
2026-10-01 00:32,Cool Bottles,The Tumbler,Cool Bottles The Tumbler Mediterranean Termos Bardak 330 ML,,330ml,tumbler,Trendyol,1999.0,ok,https://www.trendyol.com/cool-bottles/the-tumbler-mediterranean-termos-bardak-330-ml-p-1047587701,Mareas
2026-10-01 00:32,Cool Bottles,The Tumbler,Cool Bottles The Tumbler Underwater Fun Termos Bardak 330 ML,,330ml,tumbler,Trendyol,1999.0,ok,https://www.trendyol.com/cool-bottles/the-tumbler-underwater-fun-termos-bardak-330-ml-p-1047585553,Mareas
2026-10-01 00:32,Cool Bottles,The Tumbler,Genel Markalar The Tumbler Allegra Bardak Termos 330 ML,,330ml,tumbler,Trendyol,1999.0,ok,https://www.trendyol.com/genel-markalar/the-tumbler-allegra-bardak-termos-330-ml-p-1047572939,Mareas
2026-10-01 00:32,Cool Bottles,The Tumbler,Cool Bottles The Tumbler Sticker Fever 550 ml Termos Bardak,,550ml,tumbler,Trendyol,3150.0,ok,https://www.trendyol.com/cool-bottles/the-tumbler-sticker-fever-550-ml-termos-bardak-p-1203958872,Mareas
2026-10-01 00:32,Cool Bottles,The Tumbler,Genel Markalar The Tumbler Good Vibes Termos Bardak 550 ML,,550ml,tumbler,Trendyol,2099.0,ok,https://www.trendyol.com/genel-markalar/the-tumbler-good-vibes-termos-bardak-550-ml-p-1047572916,Mareas
2026-10-01 00:32,Cool Bottles,The Tumbler,Cool Bottles The Tumbler Pastel Pink Termos Bardak 330 ML,,330ml,tumbler,Trendyol,1699.0,ok,https://www.trendyol.com/cool-bottles/the-tumbler-pastel-pink-termos-bardak-330-ml-p-1047572910,Mareas
2026-10-01 00:32,Cool Bottles,The Tumbler,Cool Bottles The Tumbler Electric Garden Termos Bardak 330 ML,,330ml,tumbler,Trendyol,1999.0,ok,https://www.trendyol.com/cool-bottles/the-tumbler-electric-garden-termos-bardak-330-ml-p-1047572921,Mareas
2026-10-01 00:32,Cool Bottles,The Tumbler,Genel Markalar The Tumbler Metallic Rose Termos Bardak 330 ML,,330ml,tumbler,Trendyol,1699.0,ok,https://www.trendyol.com/genel-markalar/the-tumbler-metallic-rose-termos-bardak-330-ml-p-1047569231,Mareas
2026-10-01 00:32,Cool Bottles,The Tumbler,Cool Bottles The Tumbler Urban Picnic Termos Bardak 330 ML,,330ml,tumbler,Trendyol,2960.0,ok,https://www.trendyol.com/cool-bottles/the-tumbler-urban-picnic-termos-bardak-330-ml-p-1203917116,Mareas
2026-10-01 00:32,Cool Bottles,The Tumbler,Cool Bottles The Tumbler Vivid Red Termos Bardak 330 ML,,330ml,tumbler,Trendyol,1699.0,ok,https://www.trendyol.com/cool-bottles/the-tumbler-vivid-red-termos-bardak-330-ml-p-1047572922,Mareas
2026-10-01 00:32,Cool Bottles,The Tumbler,Cool Bottles The Tumbler Floral Madness Termos Bardak 550 ML,,550ml,tumbler,Trendyol,2099.0,ok,https://www.trendyol.com/cool-bottles/the-tumbler-floral-madness-termos-bardak-550-ml-p-1047572926,Mareas
2026-10-01 00:32,Cool Bottles,The Tumbler,Cool Bottles The Tumbler Pastel Green Termos Bardak 330 ML,,330ml,tumbler,Trendyol,1699.0,ok,https://www.trendyol.com/cool-bottles/the-tumbler-pastel-green-termos-bardak-330-ml-p-1047574267,Mareas
2026-10-01 00:32,Cool Bottles,The Tumbler,Cool Bottles The Tumbler Metallic Rose Termos Bardak 550 ML,,550ml,tumbler,Trendyol,1899.0,ok,https://www.trendyol.com/cool-bottles/the-tumbler-metallic-rose-termos-bardak-550-ml-p-1047570265,Mareas
2026-10-01 00:32,Cool Bottles,The Tumbler,Cool Bottles The Tumbler Vivid Violet Termos Bardak 330 ML,,330ml,tumbler,Trendyol,1699.0,ok,https://www.trendyol.com/cool-bottles/the-tumbler-vivid-violet-termos-bardak-330-ml-p-1047639804,Mareas
2026-10-01 00:32,Cool Bottles,The Tumbler,Cool Bottles The Tumbler Vivid Blue Bardak Termos 330 ML,,330ml,tumbler,Trendyol,1699.0,ok,https://www.trendyol.com/cool-bottles/the-tumbler-vivid-blue-bardak-termos-330-ml-p-1047572904,Mareas
2026-10-01 13:18,Sipnjoy,Termos,SipnJoy - Su Termosu | 750 ml - Siyah,,750ml,termos,kidsnjoy,,stok_yok,https://kidsnjoystore.com/sipnjoy-su-termosu-750-ml-siyah-112,sipnjoy
2026-10-01 13:18,Sipnjoy,Termos,SipnJoy - Su Termosu | 750 ml - Pembe,,750ml,termos,kidsnjoy,1400.0,ok,https://kidsnjoystore.com/sipnjoy-su-termosu-750-ml-pembe-113,sipnjoy
2026-10-01 13:18,Sipnjoy,Tumbler,SipnJoy - Tumbler | 1200 ml - Siyah,,1200ml,tumbler,kidsnjoy,1840.0,ok,https://kidsnjoystore.com/sipnjoy-tumbler-1200-ml-siyah-114,sipnjoy
2026-10-01 13:18,Sipnjoy,Tumbler,SipnJoy - Tumbler | 1200 ml - Bej,,1200ml,tumbler,kidsnjoy,1840.0,ok,https://kidsnjoystore.com/sipnjoy-tumbler-1200-ml-bej-115,sipnjoy
2026-10-01 13:18,Sipnjoy,Tumbler,SipnJoy - Tumbler | 1200 ml - Pembe,,1200ml,tumbler,kidsnjoy,1840.0,ok,https://kidsnjoystore.com/sipnjoy-tumbler-1200-ml-pembe-116,sipnjoy
2026-10-01 13:18,Sipnjoy,Mug,SipnJoy - Coffee Mug | 480 ml - Siyah,,480ml,mug,kidsnjoy,1080.0,ok,https://kidsnjoystore.com/sipnjoy-coffee-mug-480-ml-siyah-117,sipnjoy
2026-10-01 13:18,Sipnjoy,Mug,SipnJoy - Coffee Mug | 480 ml - Beyaz,,480ml,mug,kidsnjoy,1080.0,ok,https://kidsnjoystore.com/sipnjoy-coffee-mug-480-ml-beyaz-118,sipnjoy
2026-10-01 13:18,Sipnjoy,Mug,SipnJoy - Coffee Mug | 480 ml - Mavi,,480ml,mug,kidsnjoy,1080.0,ok,https://kidsnjoystore.com/sipnjoy-coffee-mug-480-ml-mavi-119,sipnjoy
2026-10-01 13:18,Sipnjoy,Termos,SipnJoy Su Termosu | 750 ml,,750ml,termos,Trendyol,1400.0,ok,https://www.trendyol.com/sipnjoy/su-termosu-750-ml-p-932904531,SipnJoy
2026-10-01 13:18,Sipnjoy,Tumbler,SipnJoy - Tumbler | 1200 ml - Pembe,,1200ml,tumbler,Trendyol,1840.0,ok,https://www.trendyol.com/sipnjoy/tumbler-1200-ml-pembe-p-932905029,SipnJoy
2026-10-01 13:18,Sipnjoy,Termos,SipnJoy Siyah Çelik Su Termosu 750 ml,,750ml,termos,Trendyol,3900.0,ok,https://www.trendyol.com/sipnjoy/siyah-celik-su-termosu-750-ml-p-1029123450,SipnJoy
2026-10-01 13:18,Sipnjoy,Tumbler,SipnJoy - Tumbler | 1200 ml - Bej,,1200ml,tumbler,Trendyol,1840.0,ok,https://www.trendyol.com/sipnjoy/tumbler-1200-ml-bej-p-932905055,SipnJoy
2026-10-01 13:18,Sipnjoy,Mug,SipnJoy - Coffee Mug | 480 ml - Beyaz,,480ml,mug,Trendyol,1080.0,ok,https://www.trendyol.com/sipnjoy/coffee-mug-480-ml-beyaz-p-1159710022,SipnJoy
2026-10-01 13:18,Sipnjoy,Mug,SipnJoy - Coffee Mug | 480 ml - Mavi,,480ml,mug,Trendyol,1080.0,ok,https://www.trendyol.com/sipnjoy/coffee-mug-480-ml-mavi-p-1159710733,SipnJoy
2026-10-01 13:18,Sipnjoy,Mug,SipnJoy - Coffee Mug | 480 ml - Siyah,,480ml,mug,Trendyol,1080.0,ok,https://www.trendyol.com/sipnjoy/coffee-mug-480-ml-siyah-p-1159710704,SipnJoy
2026-10-01 13:18,Sipnjoy,Tumbler,SipnJoy - Tumbler | 1200 ml - Siyah,,1200ml,tumbler,Trendyol,1840.0,ok,https://www.trendyol.com/sipnjoy/tumbler-1200-ml-siyah-p-932905030,SipnJoy
2026-10-01 13:18,Cool Bottles,The Tumbler,Cool Bottles The Tumbler Patch Zone Termos Bardak 330 ML,,330ml,tumbler,Trendyol,2960.0,ok,https://www.trendyol.com/cool-bottles/the-tumbler-patch-zone-termos-bardak-330-ml-p-1203918079,Mareas
2026-10-01 13:18,Cool Bottles,The Tumbler,Cool Bottles The Tumbler René Termos Bardak 550 ML,,550ml,tumbler,Trendyol,3150.0,ok,https://www.trendyol.com/cool-bottles/the-tumbler-rene-termos-bardak-550-ml-p-1047571546,Mareas
2026-10-01 13:18,Cool Bottles,The Tumbler,Cool Bottles The Tumbler Underwater Fun Termos Bardak 330 ML,,330ml,tumbler,Trendyol,2960.0,ok,https://www.trendyol.com/cool-bottles/the-tumbler-underwater-fun-termos-bardak-330-ml-p-1047585553,Mareas
2026-10-01 13:18,Cool Bottles,The Tumbler,Cool Bottles The Tumbler Sunshine Fiesta Termos Bardak 330 ML,,330ml,tumbler,Trendyol,2960.0,ok,https://www.trendyol.com/cool-bottles/the-tumbler-sunshine-fiesta-termos-bardak-330-ml-p-1047587276,Mareas
2026-10-01 13:18,Cool Bottles,The Tumbler,Cool Bottles The Tumbler Sticker Fever 550 ml Termos Bardak,,550ml,tumbler,Trendyol,3150.0,ok,https://www.trendyol.com/cool-bottles/the-tumbler-sticker-fever-550-ml-termos-bardak-p-1203958872,Mareas
2026-10-01 13:18,Cool Bottles,The Tumbler,Genel Markalar The Tumbler Allegra Bardak Termos 330 ML,,330ml,tumbler,Trendyol,2960.0,ok,https://www.trendyol.com/genel-markalar/the-tumbler-allegra-bardak-termos-330-ml-p-1047572939,Mareas
2026-10-01 13:18,Cool Bottles,The Tumbler,Cool Bottles The Tumbler Mediterranean Termos Bardak 330 ML,,330ml,tumbler,Trendyol,2960.0,ok,https://www.trendyol.com/cool-bottles/the-tumbler-mediterranean-termos-bardak-330-ml-p-1047587701,Mareas
2026-10-01 13:18,Cool Bottles,The Tumbler,Genel Markalar The Tumbler Good Vibes Termos Bardak 550 ML,,550ml,tumbler,Trendyol,3150.0,ok,https://www.trendyol.com/genel-markalar/the-tumbler-good-vibes-termos-bardak-550-ml-p-1047572916,Mareas
2026-10-01 13:18,Cool Bottles,The Tumbler,Genel Markalar The Tumbler Metallic Rose Termos Bardak 330 ML,,330ml,tumbler,Trendyol,2570.0,ok,https://www.trendyol.com/genel-markalar/the-tumbler-metallic-rose-termos-bardak-330-ml-p-1047569231,Mareas
2026-10-01 13:18,Cool Bottles,The Tumbler,Cool Bottles The Tumbler Electric Garden Termos Bardak 330 ML,,330ml,tumbler,Trendyol,2960.0,ok,https://www.trendyol.com/cool-bottles/the-tumbler-electric-garden-termos-bardak-330-ml-p-1047572921,Mareas
2026-10-01 13:18,Cool Bottles,The Tumbler,Cool Bottles The Tumbler Urban Picnic Termos Bardak 330 ML,,330ml,tumbler,Trendyol,2960.0,ok,https://www.trendyol.com/cool-bottles/the-tumbler-urban-picnic-termos-bardak-330-ml-p-1203917116,Mareas
2026-10-01 13:18,Cool Bottles,The Tumbler,Cool Bottles The Tumbler Floral Madness Termos Bardak 550 ML,,550ml,tumbler,Trendyol,3150.0,ok,https://www.trendyol.com/cool-bottles/the-tumbler-floral-madness-termos-bardak-550-ml-p-1047572926,Mareas
2026-10-01 13:18,Cool Bottles,The Tumbler,Cool Bottles The Tumbler Vivid Red Termos Bardak 330 ML,,330ml,tumbler,Trendyol,2119.9,ok,https://www.trendyol.com/cool-bottles/the-tumbler-vivid-red-termos-bardak-330-ml-p-1047572922,Mareas
2026-10-01 13:18,Cool Bottles,The Tumbler,Cool Bottles The Tumbler Pastel Pink Termos Bardak 330 ML,,330ml,tumbler,Trendyol,2570.0,ok,https://www.trendyol.com/cool-bottles/the-tumbler-pastel-pink-termos-bardak-330-ml-p-1047572910,Mareas
2026-10-01 13:18,Cool Bottles,The Tumbler,Cool Bottles The Tumbler Pastel Green Termos Bardak 330 ML,,330ml,tumbler,Trendyol,2570.0,ok,https://www.trendyol.com/cool-bottles/the-tumbler-pastel-green-termos-bardak-330-ml-p-1047574267,Mareas
2026-10-01 13:18,Cool Bottles,The Tumbler,Cool Bottles The Tumbler Metallic Rose Termos Bardak 550 ML,,550ml,tumbler,Trendyol,2800.0,ok,https://www.trendyol.com/cool-bottles/the-tumbler-metallic-rose-termos-bardak-550-ml-p-1047570265,Mareas
2026-10-01 13:18,Cool Bottles,The Tumbler,Cool Bottles The Tumbler Vivid Violet Termos Bardak 330 ML,,330ml,tumbler,Trendyol,2570.0,ok,https://www.trendyol.com/cool-bottles/the-tumbler-vivid-violet-termos-bardak-330-ml-p-1047639804,Mareas
2026-10-01 13:18,Cool Bottles,The Tumbler,Cool Bottles The Tumbler Vivid Blue Bardak Termos 330 ML,,330ml,tumbler,Trendyol,2570.0,ok,https://www.trendyol.com/cool-bottles/the-tumbler-vivid-blue-bardak-termos-330-ml-p-1047572904,Mareas
2026-10-01 20:04,Sipnjoy,Termos,SipnJoy - Su Termosu | 750 ml - Siyah,,750ml,termos,kidsnjoy,,stok_yok,https://kidsnjoystore.com/sipnjoy-su-termosu-750-ml-siyah-112,sipnjoy
2026-10-01 20:04,Sipnjoy,Termos,SipnJoy - Su Termosu | 750 ml - Pembe,,750ml,termos,kidsnjoy,1400.0,ok,https://kidsnjoystore.com/sipnjoy-su-termosu-750-ml-pembe-113,sipnjoy
2026-10-01 20:04,Sipnjoy,Tumbler,SipnJoy - Tumbler | 1200 ml - Siyah,,1200ml,tumbler,kidsnjoy,1840.0,ok,https://kidsnjoystore.com/sipnjoy-tumbler-1200-ml-siyah-114,sipnjoy
2026-10-01 20:04,Sipnjoy,Tumbler,SipnJoy - Tumbler | 1200 ml - Bej,,1200ml,tumbler,kidsnjoy,1840.0,ok,https://kidsnjoystore.com/sipnjoy-tumbler-1200-ml-bej-115,sipnjoy
2026-10-01 20:04,Sipnjoy,Tumbler,SipnJoy - Tumbler | 1200 ml - Pembe,,1200ml,tumbler,kidsnjoy,1840.0,ok,https://kidsnjoystore.com/sipnjoy-tumbler-1200-ml-pembe-116,sipnjoy
2026-10-01 20:04,Sipnjoy,Mug,SipnJoy - Coffee Mug | 480 ml - Siyah,,480ml,mug,kidsnjoy,1080.0,ok,https://kidsnjoystore.com/sipnjoy-coffee-mug-480-ml-siyah-117,sipnjoy
2026-10-01 20:04,Sipnjoy,Mug,SipnJoy - Coffee Mug | 480 ml - Beyaz,,480ml,mug,kidsnjoy,1080.0,ok,https://kidsnjoystore.com/sipnjoy-coffee-mug-480-ml-beyaz-118,sipnjoy
2026-10-01 20:04,Sipnjoy,Mug,SipnJoy - Coffee Mug | 480 ml - Mavi,,480ml,mug,kidsnjoy,1080.0,ok,https://kidsnjoystore.com/sipnjoy-coffee-mug-480-ml-mavi-119,sipnjoy
2026-10-02 00:53,Sipnjoy,Termos,SipnJoy - Su Termosu | 750 ml - Siyah,,750ml,termos,kidsnjoy,,stok_yok,https://kidsnjoystore.com/sipnjoy-su-termosu-750-ml-siyah-112,sipnjoy
2026-10-02 00:53,Sipnjoy,Termos,SipnJoy - Su Termosu | 750 ml - Pembe,,750ml,termos,kidsnjoy,1400.0,ok,https://kidsnjoystore.com/sipnjoy-su-termosu-750-ml-pembe-113,sipnjoy
2026-10-02 00:53,Sipnjoy,Tumbler,SipnJoy - Tumbler | 1200 ml - Siyah,,1200ml,tumbler,kidsnjoy,1840.0,ok,https://kidsnjoystore.com/sipnjoy-tumbler-1200-ml-siyah-114,sipnjoy
2026-10-02 00:53,Sipnjoy,Tumbler,SipnJoy - Tumbler | 1200 ml - Bej,,1200ml,tumbler,kidsnjoy,1840.0,ok,https://kidsnjoystore.com/sipnjoy-tumbler-1200-ml-bej-115,sipnjoy
2026-10-02 00:53,Sipnjoy,Tumbler,SipnJoy - Tumbler | 1200 ml - Pembe,,1200ml,tumbler,kidsnjoy,1840.0,ok,https://kidsnjoystore.com/sipnjoy-tumbler-1200-ml-pembe-116,sipnjoy
2026-10-02 00:53,Sipnjoy,Mug,SipnJoy - Coffee Mug | 480 ml - Siyah,,480ml,mug,kidsnjoy,1080.0,ok,https://kidsnjoystore.com/sipnjoy-coffee-mug-480-ml-siyah-117,sipnjoy
2026-10-02 00:53,Sipnjoy,Mug,SipnJoy - Coffee Mug | 480 ml - Beyaz,,480ml,mug,kidsnjoy,1080.0,ok,https://kidsnjoystore.com/sipnjoy-coffee-mug-480-ml-beyaz-118,sipnjoy
2026-10-02 00:53,Sipnjoy,Mug,SipnJoy - Coffee Mug | 480 ml - Mavi,,480ml,mug,kidsnjoy,1080.0,ok,https://kidsnjoystore.com/sipnjoy-coffee-mug-480-ml-mavi-119,sipnjoy
2026-10-02 12:55,Sipnjoy,Termos,SipnJoy - Su Termosu | 750 ml - Siyah,,750ml,termos,kidsnjoy,,stok_yok,https://kidsnjoystore.com/sipnjoy-su-termosu-750-ml-siyah-112,sipnjoy
2026-10-02 12:55,Sipnjoy,Termos,SipnJoy - Su Termosu | 750 ml - Pembe,,750ml,termos,kidsnjoy,1400.0,ok,https://kidsnjoystore.com/sipnjoy-su-termosu-750-ml-pembe-113,sipnjoy
2026-10-02 12:55,Sipnjoy,Tumbler,SipnJoy - Tumbler | 1200 ml - Siyah,,1200ml,tumbler,kidsnjoy,1840.0,ok,https://kidsnjoystore.com/sipnjoy-tumbler-1200-ml-siyah-114,sipnjoy
2026-10-02 12:55,Sipnjoy,Tumbler,SipnJoy - Tumbler | 1200 ml - Bej,,1200ml,tumbler,kidsnjoy,1840.0,ok,https://kidsnjoystore.com/sipnjoy-tumbler-1200-ml-bej-115,sipnjoy
2026-10-02 12:55,Sipnjoy,Tumbler,SipnJoy - Tumbler | 1200 ml - Pembe,,1200ml,tumbler,kidsnjoy,1840.0,ok,https://kidsnjoystore.com/sipnjoy-tumbler-1200-ml-pembe-116,sipnjoy
2026-10-02 12:55,Sipnjoy,Mug,SipnJoy - Coffee Mug | 480 ml - Siyah,,480ml,mug,kidsnjoy,1080.0,ok,https://kidsnjoystore.com/sipnjoy-coffee-mug-480-ml-siyah-117,sipnjoy
2026-10-02 12:55,Sipnjoy,Mug,SipnJoy - Coffee Mug | 480 ml - Beyaz,,480ml,mug,kidsnjoy,1080.0,ok,https://kidsnjoystore.com/sipnjoy-coffee-mug-480-ml-beyaz-118,sipnjoy
2026-10-02 12:55,Sipnjoy,Mug,SipnJoy - Coffee Mug | 480 ml - Mavi,,480ml,mug,kidsnjoy,1080.0,ok,https://kidsnjoystore.com/sipnjoy-coffee-mug-480-ml-mavi-119,sipnjoy
2026-10-02 12:55,Sipnjoy,Termos,SipnJoy Su Termosu | 750 ml,,750ml,termos,Trendyol,1400.0,ok,https://www.trendyol.com/sipnjoy/su-termosu-750-ml-p-932904531,SipnJoy
2026-10-02 12:55,Sipnjoy,Termos,SipnJoy Siyah Çelik Su Termosu 750 ml,,750ml,termos,Trendyol,3900.0,ok,https://www.trendyol.com/sipnjoy/siyah-celik-su-termosu-750-ml-p-1029123450,SipnJoy
2026-10-02 12:55,Sipnjoy,Tumbler,SipnJoy - Tumbler | 1200 ml - Pembe,,1200ml,tumbler,Trendyol,1840.0,ok,https://www.trendyol.com/sipnjoy/tumbler-1200-ml-pembe-p-932905029,SipnJoy
2026-10-02 12:55,Sipnjoy,Mug,SipnJoy - Coffee Mug | 480 ml - Mavi,,480ml,mug,Trendyol,1080.0,ok,https://www.trendyol.com/sipnjoy/coffee-mug-480-ml-mavi-p-1159710733,SipnJoy
2026-10-02 12:55,Sipnjoy,Mug,SipnJoy - Coffee Mug | 480 ml - Beyaz,,480ml,mug,Trendyol,1080.0,ok,https://www.trendyol.com/sipnjoy/coffee-mug-480-ml-beyaz-p-1159710022,SipnJoy
2026-10-02 12:55,Sipnjoy,Tumbler,SipnJoy - Tumbler | 1200 ml - Bej,,1200ml,tumbler,Trendyol,1840.0,ok,https://www.trendyol.com/sipnjoy/tumbler-1200-ml-bej-p-932905055,SipnJoy
2026-10-02 12:55,Sipnjoy,Mug,SipnJoy - Coffee Mug | 480 ml - Siyah,,480ml,mug,Trendyol,1080.0,ok,https://www.trendyol.com/sipnjoy/coffee-mug-480-ml-siyah-p-1159710704,SipnJoy
2026-10-02 12:55,Sipnjoy,Tumbler,SipnJoy - Tumbler | 1200 ml - Siyah,,1200ml,tumbler,Trendyol,1840.0,ok,https://www.trendyol.com/sipnjoy/tumbler-1200-ml-siyah-p-932905030,SipnJoy
2026-10-02 12:55,Cool Bottles,The Tumbler,Cool Bottles The Tumbler Patch Zone Termos Bardak 330 ML,,330ml,tumbler,Trendyol,2960.0,ok,https://www.trendyol.com/cool-bottles/the-tumbler-patch-zone-termos-bardak-330-ml-p-1203918079,Mareas
2026-10-02 12:55,Cool Bottles,The Tumbler,Cool Bottles The Tumbler Underwater Fun Termos Bardak 330 ML,,330ml,tumbler,Trendyol,2960.0,ok,https://www.trendyol.com/cool-bottles/the-tumbler-underwater-fun-termos-bardak-330-ml-p-1047585553,Mareas
2026-10-02 12:55,Cool Bottles,The Tumbler,Cool Bottles The Tumbler René Termos Bardak 550 ML,,550ml,tumbler,Trendyol,3150.0,ok,https://www.trendyol.com/cool-bottles/the-tumbler-rene-termos-bardak-550-ml-p-1047571546,Mareas
2026-10-02 12:55,Cool Bottles,The Tumbler,Cool Bottles The Tumbler Mediterranean Termos Bardak 330 ML,,330ml,tumbler,Trendyol,2960.0,ok,https://www.trendyol.com/cool-bottles/the-tumbler-mediterranean-termos-bardak-330-ml-p-1047587701,Mareas
2026-10-02 12:55,Cool Bottles,The Tumbler,Cool Bottles The Tumbler Sticker Fever 550 ml Termos Bardak,,550ml,tumbler,Trendyol,3150.0,ok,https://www.trendyol.com/cool-bottles/the-tumbler-sticker-fever-550-ml-termos-bardak-p-1203958872,Mareas
2026-10-02 12:55,Cool Bottles,The Tumbler,Cool Bottles The Tumbler Sunshine Fiesta Termos Bardak 330 ML,,330ml,tumbler,Trendyol,2960.0,ok,https://www.trendyol.com/cool-bottles/the-tumbler-sunshine-fiesta-termos-bardak-330-ml-p-1047587276,Mareas
2026-10-02 12:55,Cool Bottles,The Tumbler,Genel Markalar The Tumbler Allegra Bardak Termos 330 ML,,330ml,tumbler,Trendyol,2960.0,ok,https://www.trendyol.com/genel-markalar/the-tumbler-allegra-bardak-termos-330-ml-p-1047572939,Mareas
2026-10-02 12:55,Cool Bottles,The Tumbler,Genel Markalar The Tumbler Good Vibes Termos Bardak 550 ML,,550ml,tumbler,Trendyol,3150.0,ok,https://www.trendyol.com/genel-markalar/the-tumbler-good-vibes-termos-bardak-550-ml-p-1047572916,Mareas
2026-10-02 12:55,Cool Bottles,The Tumbler,Cool Bottles The Tumbler Floral Madness Termos Bardak 550 ML,,550ml,tumbler,Trendyol,3150.0,ok,https://www.trendyol.com/cool-bottles/the-tumbler-floral-madness-termos-bardak-550-ml-p-1047572926,Mareas
2026-10-02 12:55,Cool Bottles,The Tumbler,Genel Markalar The Tumbler Metallic Rose Termos Bardak 330 ML,,330ml,tumbler,Trendyol,2570.0,ok,https://www.trendyol.com/genel-markalar/the-tumbler-metallic-rose-termos-bardak-330-ml-p-1047569231,Mareas
2026-10-02 12:55,Cool Bottles,The Tumbler,Cool Bottles The Tumbler Electric Garden Termos Bardak 330 ML,,330ml,tumbler,Trendyol,2960.0,ok,https://www.trendyol.com/cool-bottles/the-tumbler-electric-garden-termos-bardak-330-ml-p-1047572921,Mareas
2026-10-02 12:55,Cool Bottles,The Tumbler,Cool Bottles The Tumbler Urban Picnic Termos Bardak 330 ML,,330ml,tumbler,Trendyol,2960.0,ok,https://www.trendyol.com/cool-bottles/the-tumbler-urban-picnic-termos-bardak-330-ml-p-1203917116,Mareas
2026-10-02 12:55,Cool Bottles,The Tumbler,Cool Bottles The Tumbler Vivid Red Termos Bardak 330 ML,,330ml,tumbler,Trendyol,2119.9,ok,https://www.trendyol.com/cool-bottles/the-tumbler-vivid-red-termos-bardak-330-ml-p-1047572922,Mareas
2026-10-02 12:55,Cool Bottles,The Tumbler,Cool Bottles The Tumbler Pastel Green Termos Bardak 330 ML,,330ml,tumbler,Trendyol,2570.0,ok,https://www.trendyol.com/cool-bottles/the-tumbler-pastel-green-termos-bardak-330-ml-p-1047574267,Mareas
2026-10-02 12:55,Cool Bottles,The Tumbler,Cool Bottles The Tumbler Metallic Rose Termos Bardak 550 ML,,550ml,tumbler,Trendyol,2800.0,ok,https://www.trendyol.com/cool-bottles/the-tumbler-metallic-rose-termos-bardak-550-ml-p-1047570265,Mareas
2026-10-02 12:55,Cool Bottles,The Tumbler,Cool Bottles The Tumbler Pastel Pink Termos Bardak 330 ML,,330ml,tumbler,Trendyol,2570.0,ok,https://www.trendyol.com/cool-bottles/the-tumbler-pastel-pink-termos-bardak-330-ml-p-1047572910,Mareas
2026-10-02 12:55,Cool Bottles,The Tumbler,Cool Bottles The Tumbler Vivid Violet Termos Bardak 330 ML,,330ml,tumbler,Trendyol,2570.0,ok,https://www.trendyol.com/cool-bottles/the-tumbler-vivid-violet-termos-bardak-330-ml-p-1047639804,Mareas
2026-10-02 12:55,Cool Bottles,The Tumbler,Cool Bottles The Tumbler Vivid Blue Bardak Termos 330 ML,,330ml,tumbler,Trendyol,2570.0,ok,https://www.trendyol.com/cool-bottles/the-tumbler-vivid-blue-bardak-termos-330-ml-p-1047572904,Mareas
2026-10-02 19:18,Sipnjoy,Termos,SipnJoy - Su Termosu | 750 ml - Siyah,,750ml,termos,kidsnjoy,,stok_yok,https://kidsnjoystore.com/sipnjoy-su-termosu-750-ml-siyah-112,sipnjoy
2026-10-02 19:18,Sipnjoy,Termos,SipnJoy - Su Termosu | 750 ml - Pembe,,750ml,termos,kidsnjoy,1400.0,ok,https://kidsnjoystore.com/sipnjoy-su-termosu-750-ml-pembe-113,sipnjoy
2026-10-02 19:18,Sipnjoy,Tumbler,SipnJoy - Tumbler | 1200 ml - Siyah,,1200ml,tumbler,kidsnjoy,1840.0,ok,https://kidsnjoystore.com/sipnjoy-tumbler-1200-ml-siyah-114,sipnjoy
2026-10-02 19:18,Sipnjoy,Tumbler,SipnJoy - Tumbler | 1200 ml - Bej,,1200ml,tumbler,kidsnjoy,1840.0,ok,https://kidsnjoystore.com/sipnjoy-tumbler-1200-ml-bej-115,sipnjoy
2026-10-02 19:18,Sipnjoy,Tumbler,SipnJoy - Tumbler | 1200 ml - Pembe,,1200ml,tumbler,kidsnjoy,1840.0,ok,https://kidsnjoystore.com/sipnjoy-tumbler-1200-ml-pembe-116,sipnjoy
2026-10-02 19:18,Sipnjoy,Mug,SipnJoy - Coffee Mug | 480 ml - Siyah,,480ml,mug,kidsnjoy,1080.0,ok,https://kidsnjoystore.com/sipnjoy-coffee-mug-480-ml-siyah-117,sipnjoy
2026-10-02 19:18,Sipnjoy,Mug,SipnJoy - Coffee Mug | 480 ml - Beyaz,,480ml,mug,kidsnjoy,1080.0,ok,https://kidsnjoystore.com/sipnjoy-coffee-mug-480-ml-beyaz-118,sipnjoy
2026-10-02 19:18,Sipnjoy,Mug,SipnJoy - Coffee Mug | 480 ml - Mavi,,480ml,mug,kidsnjoy,1080.0,ok,https://kidsnjoystore.com/sipnjoy-coffee-mug-480-ml-mavi-119,sipnjoy
2026-10-02 19:18,Sipnjoy,Termos,SipnJoy Su Termosu | 750 ml,,750ml,termos,Trendyol,1400.0,ok,https://www.trendyol.com/sipnjoy/su-termosu-750-ml-p-932904531,SipnJoy
2026-10-02 19:18,Sipnjoy,Tumbler,SipnJoy - Tumbler | 1200 ml - Pembe,,1200ml,tumbler,Trendyol,1840.0,ok,https://www.trendyol.com/sipnjoy/tumbler-1200-ml-pembe-p-932905029,SipnJoy
2026-10-02 19:18,Sipnjoy,Termos,SipnJoy Siyah Çelik Su Termosu 750 ml,,750ml,termos,Trendyol,3900.0,ok,https://www.trendyol.com/sipnjoy/siyah-celik-su-termosu-750-ml-p-1029123450,SipnJoy
2026-10-02 19:18,Sipnjoy,Mug,SipnJoy - Coffee Mug | 480 ml - Mavi,,480ml,mug,Trendyol,1080.0,ok,https://www.trendyol.com/sipnjoy/coffee-mug-480-ml-mavi-p-1159710733,SipnJoy
2026-10-02 19:18,Sipnjoy,Mug,SipnJoy - Coffee Mug | 480 ml - Beyaz,,480ml,mug,Trendyol,1080.0,ok,https://www.trendyol.com/sipnjoy/coffee-mug-480-ml-beyaz-p-1159710022,SipnJoy
2026-10-02 19:18,Sipnjoy,Mug,SipnJoy - Coffee Mug | 480 ml - Siyah,,480ml,mug,Trendyol,1080.0,ok,https://www.trendyol.com/sipnjoy/coffee-mug-480-ml-siyah-p-1159710704,SipnJoy
2026-10-02 19:18,Sipnjoy,Tumbler,SipnJoy - Tumbler | 1200 ml - Bej,,1200ml,tumbler,Trendyol,1840.0,ok,https://www.trendyol.com/sipnjoy/tumbler-1200-ml-bej-p-932905055,SipnJoy
2026-10-02 19:18,Sipnjoy,Tumbler,SipnJoy - Tumbler | 1200 ml - Siyah,,1200ml,tumbler,Trendyol,1840.0,ok,https://www.trendyol.com/sipnjoy/tumbler-1200-ml-siyah-p-932905030,SipnJoy
2026-10-02 19:18,Cool Bottles,The Tumbler,Cool Bottles The Tumbler Patch Zone Termos Bardak 330 ML,,330ml,tumbler,Trendyol,2960.0,ok,https://www.trendyol.com/cool-bottles/the-tumbler-patch-zone-termos-bardak-330-ml-p-1203918079,Mareas
2026-10-02 19:18,Cool Bottles,The Tumbler,Cool Bottles The Tumbler Underwater Fun Termos Bardak 330 ML,,330ml,tumbler,Trendyol,2960.0,ok,https://www.trendyol.com/cool-bottles/the-tumbler-underwater-fun-termos-bardak-330-ml-p-1047585553,Mareas
2026-10-02 19:18,Cool Bottles,The Tumbler,Cool Bottles The Tumbler René Termos Bardak 550 ML,,550ml,tumbler,Trendyol,3150.0,ok,https://www.trendyol.com/cool-bottles/the-tumbler-rene-termos-bardak-550-ml-p-1047571546,Mareas
2026-10-02 19:18,Cool Bottles,The Tumbler,Cool Bottles The Tumbler Sunshine Fiesta Termos Bardak 330 ML,,330ml,tumbler,Trendyol,2960.0,ok,https://www.trendyol.com/cool-bottles/the-tumbler-sunshine-fiesta-termos-bardak-330-ml-p-1047587276,Mareas
2026-10-02 19:18,Cool Bottles,The Tumbler,Cool Bottles The Tumbler Mediterranean Termos Bardak 330 ML,,330ml,tumbler,Trendyol,2960.0,ok,https://www.trendyol.com/cool-bottles/the-tumbler-mediterranean-termos-bardak-330-ml-p-1047587701,Mareas
2026-10-02 19:18,Cool Bottles,The Tumbler,Cool Bottles The Tumbler Sticker Fever 550 ml Termos Bardak,,550ml,tumbler,Trendyol,3150.0,ok,https://www.trendyol.com/cool-bottles/the-tumbler-sticker-fever-550-ml-termos-bardak-p-1203958872,Mareas
2026-10-02 19:18,Cool Bottles,The Tumbler,Genel Markalar The Tumbler Allegra Bardak Termos 330 ML,,330ml,tumbler,Trendyol,2960.0,ok,https://www.trendyol.com/genel-markalar/the-tumbler-allegra-bardak-termos-330-ml-p-1047572939,Mareas
2026-10-02 19:18,Cool Bottles,The Tumbler,Genel Markalar The Tumbler Good Vibes Termos Bardak 550 ML,,550ml,tumbler,Trendyol,3150.0,ok,https://www.trendyol.com/genel-markalar/the-tumbler-good-vibes-termos-bardak-550-ml-p-1047572916,Mareas
2026-10-02 19:18,Cool Bottles,The Tumbler,Genel Markalar The Tumbler Metallic Rose Termos Bardak 330 ML,,330ml,tumbler,Trendyol,2570.0,ok,https://www.trendyol.com/genel-markalar/the-tumbler-metallic-rose-termos-bardak-330-ml-p-1047569231,Mareas
2026-10-02 19:18,Cool Bottles,The Tumbler,Cool Bottles The Tumbler Urban Picnic Termos Bardak 330 ML,,330ml,tumbler,Trendyol,2960.0,ok,https://www.trendyol.com/cool-bottles/the-tumbler-urban-picnic-termos-bardak-330-ml-p-1203917116,Mareas
2026-10-02 19:18,Cool Bottles,The Tumbler,Cool Bottles The Tumbler Floral Madness Termos Bardak 550 ML,,550ml,tumbler,Trendyol,3150.0,ok,https://www.trendyol.com/cool-bottles/the-tumbler-floral-madness-termos-bardak-550-ml-p-1047572926,Mareas
2026-10-02 19:18,Cool Bottles,The Tumbler,Cool Bottles The Tumbler Electric Garden Termos Bardak 330 ML,,330ml,tumbler,Trendyol,2960.0,ok,https://www.trendyol.com/cool-bottles/the-tumbler-electric-garden-termos-bardak-330-ml-p-1047572921,Mareas
2026-10-02 19:18,Cool Bottles,The Tumbler,Cool Bottles The Tumbler Pastel Green Termos Bardak 330 ML,,330ml,tumbler,Trendyol,2570.0,ok,https://www.trendyol.com/cool-bottles/the-tumbler-pastel-green-termos-bardak-330-ml-p-1047574267,Mareas
2026-10-02 19:18,Cool Bottles,The Tumbler,Cool Bottles The Tumbler Vivid Red Termos Bardak 330 ML,,330ml,tumbler,Trendyol,2119.9,ok,https://www.trendyol.com/cool-bottles/the-tumbler-vivid-red-termos-bardak-330-ml-p-1047572922,Mareas
2026-10-02 19:18,Cool Bottles,The Tumbler,Cool Bottles The Tumbler Metallic Rose Termos Bardak 550 ML,,550ml,tumbler,Trendyol,2800.0,ok,https://www.trendyol.com/cool-bottles/the-tumbler-metallic-rose-termos-bardak-550-ml-p-1047570265,Mareas
2026-10-02 19:18,Cool Bottles,The Tumbler,Cool Bottles The Tumbler Pastel Pink Termos Bardak 330 ML,,330ml,tumbler,Trendyol,2570.0,ok,https://www.trendyol.com/cool-bottles/the-tumbler-pastel-pink-termos-bardak-330-ml-p-1047572910,Mareas
2026-10-02 19:18,Cool Bottles,The Tumbler,Cool Bottles The Tumbler Vivid Violet Termos Bardak 330 ML,,330ml,tumbler,Trendyol,2570.0,ok,https://www.trendyol.com/cool-bottles/the-tumbler-vivid-violet-termos-bardak-330-ml-p-1047639804,Mareas
2026-10-02 19:18,Cool Bottles,The Tumbler,Cool Bottles The Tumbler Vivid Blue Bardak Termos 330 ML,,330ml,tumbler,Trendyol,2570.0,ok,https://www.trendyol.com/cool-bottles/the-tumbler-vivid-blue-bardak-termos-330-ml-p-1047572904,Mareas
2026-10-02 23:49,Sipnjoy,Termos,SipnJoy - Su Termosu | 750 ml - Siyah,,750ml,termos,kidsnjoy,,stok_yok,https://kidsnjoystore.com/sipnjoy-su-termosu-750-ml-siyah-112,sipnjoy
2026-10-02 23:49,Sipnjoy,Termos,SipnJoy - Su Termosu | 750 ml - Pembe,,750ml,termos,kidsnjoy,1400.0,ok,https://kidsnjoystore.com/sipnjoy-su-termosu-750-ml-pembe-113,sipnjoy
2026-10-02 23:49,Sipnjoy,Tumbler,SipnJoy - Tumbler | 1200 ml - Siyah,,1200ml,tumbler,kidsnjoy,1840.0,ok,https://kidsnjoystore.com/sipnjoy-tumbler-1200-ml-siyah-114,sipnjoy
2026-10-02 23:49,Sipnjoy,Tumbler,SipnJoy - Tumbler | 1200 ml - Bej,,1200ml,tumbler,kidsnjoy,1840.0,ok,https://kidsnjoystore.com/sipnjoy-tumbler-1200-ml-bej-115,sipnjoy
2026-10-02 23:49,Sipnjoy,Tumbler,SipnJoy - Tumbler | 1200 ml - Pembe,,1200ml,tumbler,kidsnjoy,1840.0,ok,https://kidsnjoystore.com/sipnjoy-tumbler-1200-ml-pembe-116,sipnjoy
2026-10-02 23:49,Sipnjoy,Mug,SipnJoy - Coffee Mug | 480 ml - Siyah,,480ml,mug,kidsnjoy,1080.0,ok,https://kidsnjoystore.com/sipnjoy-coffee-mug-480-ml-siyah-117,sipnjoy
2026-10-02 23:49,Sipnjoy,Mug,SipnJoy - Coffee Mug | 480 ml - Beyaz,,480ml,mug,kidsnjoy,1080.0,ok,https://kidsnjoystore.com/sipnjoy-coffee-mug-480-ml-beyaz-118,sipnjoy
2026-10-02 23:49,Sipnjoy,Mug,SipnJoy - Coffee Mug | 480 ml - Mavi,,480ml,mug,kidsnjoy,1080.0,ok,https://kidsnjoystore.com/sipnjoy-coffee-mug-480-ml-mavi-119,sipnjoy
2026-10-02 23:49,Sipnjoy,Termos,SipnJoy Su Termosu | 750 ml,,750ml,termos,Trendyol,1400.0,ok,https://www.trendyol.com/sipnjoy/su-termosu-750-ml-p-932904531,SipnJoy
2026-10-02 23:49,Sipnjoy,Tumbler,SipnJoy - Tumbler | 1200 ml - Pembe,,1200ml,tumbler,Trendyol,1840.0,ok,https://www.trendyol.com/sipnjoy/tumbler-1200-ml-pembe-p-932905029,SipnJoy
2026-10-02 23:49,Sipnjoy,Termos,SipnJoy Siyah Çelik Su Termosu 750 ml,,750ml,termos,Trendyol,3900.0,ok,https://www.trendyol.com/sipnjoy/siyah-celik-su-termosu-750-ml-p-1029123450,SipnJoy
2026-10-02 23:49,Sipnjoy,Mug,SipnJoy - Coffee Mug | 480 ml - Mavi,,480ml,mug,Trendyol,1080.0,ok,https://www.trendyol.com/sipnjoy/coffee-mug-480-ml-mavi-p-1159710733,SipnJoy
2026-10-02 23:49,Sipnjoy,Mug,SipnJoy - Coffee Mug | 480 ml - Beyaz,,480ml,mug,Trendyol,1080.0,ok,https://www.trendyol.com/sipnjoy/coffee-mug-480-ml-beyaz-p-1159710022,SipnJoy
2026-10-02 23:49,Sipnjoy,Mug,SipnJoy - Coffee Mug | 480 ml - Siyah,,480ml,mug,Trendyol,1080.0,ok,https://www.trendyol.com/sipnjoy/coffee-mug-480-ml-siyah-p-1159710704,SipnJoy
2026-10-02 23:49,Sipnjoy,Tumbler,SipnJoy - Tumbler | 1200 ml - Bej,,1200ml,tumbler,Trendyol,1840.0,ok,https://www.trendyol.com/sipnjoy/tumbler-1200-ml-bej-p-932905055,SipnJoy
2026-10-02 23:49,Sipnjoy,Tumbler,SipnJoy - Tumbler | 1200 ml - Siyah,,1200ml,tumbler,Trendyol,1840.0,ok,https://www.trendyol.com/sipnjoy/tumbler-1200-ml-siyah-p-932905030,SipnJoy
2026-10-02 23:49,Cool Bottles,The Tumbler,Cool Bottles The Tumbler Patch Zone Termos Bardak 330 ML,,330ml,tumbler,Trendyol,2960.0,ok,https://www.trendyol.com/cool-bottles/the-tumbler-patch-zone-termos-bardak-330-ml-p-1203918079,Mareas
2026-10-02 23:49,Cool Bottles,The Tumbler,Cool Bottles The Tumbler Underwater Fun Termos Bardak 330 ML,,330ml,tumbler,Trendyol,2960.0,ok,https://www.trendyol.com/cool-bottles/the-tumbler-underwater-fun-termos-bardak-330-ml-p-1047585553,Mareas
2026-10-02 23:49,Cool Bottles,The Tumbler,Cool Bottles The Tumbler René Termos Bardak 550 ML,,550ml,tumbler,Trendyol,3150.0,ok,https://www.trendyol.com/cool-bottles/the-tumbler-rene-termos-bardak-550-ml-p-1047571546,Mareas
2026-10-02 23:49,Cool Bottles,The Tumbler,Cool Bottles The Tumbler Sunshine Fiesta Termos Bardak 330 ML,,330ml,tumbler,Trendyol,2960.0,ok,https://www.trendyol.com/cool-bottles/the-tumbler-sunshine-fiesta-termos-bardak-330-ml-p-1047587276,Mareas
2026-10-02 23:49,Cool Bottles,The Tumbler,Cool Bottles The Tumbler Mediterranean Termos Bardak 330 ML,,330ml,tumbler,Trendyol,2960.0,ok,https://www.trendyol.com/cool-bottles/the-tumbler-mediterranean-termos-bardak-330-ml-p-1047587701,Mareas
2026-10-02 23:49,Cool Bottles,The Tumbler,Cool Bottles The Tumbler Sticker Fever 550 ml Termos Bardak,,550ml,tumbler,Trendyol,3150.0,ok,https://www.trendyol.com/cool-bottles/the-tumbler-sticker-fever-550-ml-termos-bardak-p-1203958872,Mareas
2026-10-02 23:49,Cool Bottles,The Tumbler,Genel Markalar The Tumbler Allegra Bardak Termos 330 ML,,330ml,tumbler,Trendyol,2960.0,ok,https://www.trendyol.com/genel-markalar/the-tumbler-allegra-bardak-termos-330-ml-p-1047572939,Mareas
2026-10-02 23:49,Cool Bottles,The Tumbler,Genel Markalar The Tumbler Good Vibes Termos Bardak 550 ML,,550ml,tumbler,Trendyol,3150.0,ok,https://www.trendyol.com/genel-markalar/the-tumbler-good-vibes-termos-bardak-550-ml-p-1047572916,Mareas
2026-10-02 23:49,Cool Bottles,The Tumbler,Cool Bottles The Tumbler Urban Picnic Termos Bardak 330 ML,,330ml,tumbler,Trendyol,2960.0,ok,https://www.trendyol.com/cool-bottles/the-tumbler-urban-picnic-termos-bardak-330-ml-p-1203917116,Mareas
2026-10-02 23:49,Cool Bottles,The Tumbler,Cool Bottles The Tumbler Electric Garden Termos Bardak 330 ML,,330ml,tumbler,Trendyol,2960.0,ok,https://www.trendyol.com/cool-bottles/the-tumbler-electric-garden-termos-bardak-330-ml-p-1047572921,Mareas
2026-10-02 23:49,Cool Bottles,The Tumbler,Cool Bottles The Tumbler Floral Madness Termos Bardak 550 ML,,550ml,tumbler,Trendyol,3150.0,ok,https://www.trendyol.com/cool-bottles/the-tumbler-floral-madness-termos-bardak-550-ml-p-1047572926,Mareas
2026-10-02 23:49,Cool Bottles,The Tumbler,Genel Markalar The Tumbler Metallic Rose Termos Bardak 330 ML,,330ml,tumbler,Trendyol,2570.0,ok,https://www.trendyol.com/genel-markalar/the-tumbler-metallic-rose-termos-bardak-330-ml-p-1047569231,Mareas
2026-10-02 23:49,Cool Bottles,The Tumbler,Cool Bottles The Tumbler Pastel Green Termos Bardak 330 ML,,330ml,tumbler,Trendyol,2570.0,ok,https://www.trendyol.com/cool-bottles/the-tumbler-pastel-green-termos-bardak-330-ml-p-1047574267,Mareas
2026-10-02 23:49,Cool Bottles,The Tumbler,Cool Bottles The Tumbler Vivid Red Termos Bardak 330 ML,,330ml,tumbler,Trendyol,2119.9,ok,https://www.trendyol.com/cool-bottles/the-tumbler-vivid-red-termos-bardak-330-ml-p-1047572922,Mareas
2026-10-02 23:49,Cool Bottles,The Tumbler,Cool Bottles The Tumbler Metallic Rose Termos Bardak 550 ML,,550ml,tumbler,Trendyol,2800.0,ok,https://www.trendyol.com/cool-bottles/the-tumbler-metallic-rose-termos-bardak-550-ml-p-1047570265,Mareas
2026-10-02 23:49,Cool Bottles,The Tumbler,Cool Bottles The Tumbler Pastel Pink Termos Bardak 330 ML,,330ml,tumbler,Trendyol,2570.0,ok,https://www.trendyol.com/cool-bottles/the-tumbler-pastel-pink-termos-bardak-330-ml-p-1047572910,Mareas
2026-10-02 23:49,Cool Bottles,The Tumbler,Cool Bottles The Tumbler Vivid Violet Termos Bardak 330 ML,,330ml,tumbler,Trendyol,2570.0,ok,https://www.trendyol.com/cool-bottles/the-tumbler-vivid-violet-termos-bardak-330-ml-p-1047639804,Mareas
2026-10-02 23:49,Cool Bottles,The Tumbler,Cool Bottles The Tumbler Vivid Blue Bardak Termos 330 ML,,330ml,tumbler,Trendyol,2570.0,ok,https://www.trendyol.com/cool-bottles/the-tumbler-vivid-blue-bardak-termos-330-ml-p-1047572904,Mareas
2026-10-03 03:34,Sipnjoy,Termos,SipnJoy - Su Termosu | 750 ml - Siyah,,750ml,termos,kidsnjoy,,stok_yok,https://kidsnjoystore.com/sipnjoy-su-termosu-750-ml-siyah-112,sipnjoy
2026-10-03 03:34,Sipnjoy,Termos,SipnJoy - Su Termosu | 750 ml - Pembe,,750ml,termos,kidsnjoy,1400.0,ok,https://kidsnjoystore.com/sipnjoy-su-termosu-750-ml-pembe-113,sipnjoy
2026-10-03 03:34,Sipnjoy,Tumbler,SipnJoy - Tumbler | 1200 ml - Siyah,,1200ml,tumbler,kidsnjoy,1840.0,ok,https://kidsnjoystore.com/sipnjoy-tumbler-1200-ml-siyah-114,sipnjoy
2026-10-03 03:34,Sipnjoy,Tumbler,SipnJoy - Tumbler | 1200 ml - Bej,,1200ml,tumbler,kidsnjoy,1840.0,ok,https://kidsnjoystore.com/sipnjoy-tumbler-1200-ml-bej-115,sipnjoy
2026-10-03 03:34,Sipnjoy,Tumbler,SipnJoy - Tumbler | 1200 ml - Pembe,,1200ml,tumbler,kidsnjoy,1840.0,ok,https://kidsnjoystore.com/sipnjoy-tumbler-1200-ml-pembe-116,sipnjoy
2026-10-03 03:34,Sipnjoy,Mug,SipnJoy - Coffee Mug | 480 ml - Siyah,,480ml,mug,kidsnjoy,1080.0,ok,https://kidsnjoystore.com/sipnjoy-coffee-mug-480-ml-siyah-117,sipnjoy
2026-10-03 03:34,Sipnjoy,Mug,SipnJoy - Coffee Mug | 480 ml - Beyaz,,480ml,mug,kidsnjoy,1080.0,ok,https://kidsnjoystore.com/sipnjoy-coffee-mug-480-ml-beyaz-118,sipnjoy
2026-10-03 03:34,Sipnjoy,Mug,SipnJoy - Coffee Mug | 480 ml - Mavi,,480ml,mug,kidsnjoy,1080.0,ok,https://kidsnjoystore.com/sipnjoy-coffee-mug-480-ml-mavi-119,sipnjoy
2026-10-03 03:34,Sipnjoy,Termos,SipnJoy Su Termosu | 750 ml,,750ml,termos,Trendyol,1400.0,ok,https://www.trendyol.com/sipnjoy/su-termosu-750-ml-p-932904531,SipnJoy
2026-10-03 03:34,Sipnjoy,Termos,SipnJoy Siyah Çelik Su Termosu 750 ml,,750ml,termos,Trendyol,3900.0,ok,https://www.trendyol.com/sipnjoy/siyah-celik-su-termosu-750-ml-p-1029123450,SipnJoy
2026-10-03 03:34,Sipnjoy,Tumbler,SipnJoy - Tumbler | 1200 ml - Pembe,,1200ml,tumbler,Trendyol,1840.0,ok,https://www.trendyol.com/sipnjoy/tumbler-1200-ml-pembe-p-932905029,SipnJoy
2026-10-03 03:34,Sipnjoy,Mug,SipnJoy - Coffee Mug | 480 ml - Mavi,,480ml,mug,Trendyol,1080.0,ok,https://www.trendyol.com/sipnjoy/coffee-mug-480-ml-mavi-p-1159710733,SipnJoy
2026-10-03 03:34,Sipnjoy,Mug,SipnJoy - Coffee Mug | 480 ml - Beyaz,,480ml,mug,Trendyol,1080.0,ok,https://www.trendyol.com/sipnjoy/coffee-mug-480-ml-beyaz-p-1159710022,SipnJoy
2026-10-03 03:34,Sipnjoy,Mug,SipnJoy - Coffee Mug | 480 ml - Siyah,,480ml,mug,Trendyol,1080.0,ok,https://www.trendyol.com/sipnjoy/coffee-mug-480-ml-siyah-p-1159710704,SipnJoy
2026-10-03 03:34,Sipnjoy,Tumbler,SipnJoy - Tumbler | 1200 ml - Bej,,1200ml,tumbler,Trendyol,1840.0,ok,https://www.trendyol.com/sipnjoy/tumbler-1200-ml-bej-p-932905055,SipnJoy
2026-10-03 03:34,Sipnjoy,Tumbler,SipnJoy - Tumbler | 1200 ml - Siyah,,1200ml,tumbler,Trendyol,1840.0,ok,https://www.trendyol.com/sipnjoy/tumbler-1200-ml-siyah-p-932905030,SipnJoy
2026-10-03 03:34,Cool Bottles,The Tumbler,Cool Bottles The Tumbler Patch Zone Termos Bardak 330 ML,,330ml,tumbler,Trendyol,2960.0,ok,https://www.trendyol.com/cool-bottles/the-tumbler-patch-zone-termos-bardak-330-ml-p-1203918079,Mareas
2026-10-03 03:34,Cool Bottles,The Tumbler,Cool Bottles The Tumbler Underwater Fun Termos Bardak 330 ML,,330ml,tumbler,Trendyol,2960.0,ok,https://www.trendyol.com/cool-bottles/the-tumbler-underwater-fun-termos-bardak-330-ml-p-1047585553,Mareas
2026-10-03 03:34,Cool Bottles,The Tumbler,Cool Bottles The Tumbler Sunshine Fiesta Termos Bardak 330 ML,,330ml,tumbler,Trendyol,2960.0,ok,https://www.trendyol.com/cool-bottles/the-tumbler-sunshine-fiesta-termos-bardak-330-ml-p-1047587276,Mareas
2026-10-03 03:34,Cool Bottles,The Tumbler,Cool Bottles The Tumbler René Termos Bardak 550 ML,,550ml,tumbler,Trendyol,3150.0,ok,https://www.trendyol.com/cool-bottles/the-tumbler-rene-termos-bardak-550-ml-p-1047571546,Mareas
2026-10-03 03:34,Cool Bottles,The Tumbler,Cool Bottles The Tumbler Sticker Fever 550 ml Termos Bardak,,550ml,tumbler,Trendyol,3150.0,ok,https://www.trendyol.com/cool-bottles/the-tumbler-sticker-fever-550-ml-termos-bardak-p-1203958872,Mareas
2026-10-03 03:34,Cool Bottles,The Tumbler,Cool Bottles The Tumbler Mediterranean Termos Bardak 330 ML,,330ml,tumbler,Trendyol,2960.0,ok,https://www.trendyol.com/cool-bottles/the-tumbler-mediterranean-termos-bardak-330-ml-p-1047587701,Mareas
2026-10-03 03:34,Cool Bottles,The Tumbler,Genel Markalar The Tumbler Allegra Bardak Termos 330 ML,,330ml,tumbler,Trendyol,2960.0,ok,https://www.trendyol.com/genel-markalar/the-tumbler-allegra-bardak-termos-330-ml-p-1047572939,Mareas
2026-10-03 03:34,Cool Bottles,The Tumbler,Genel Markalar The Tumbler Good Vibes Termos Bardak 550 ML,,550ml,tumbler,Trendyol,3150.0,ok,https://www.trendyol.com/genel-markalar/the-tumbler-good-vibes-termos-bardak-550-ml-p-1047572916,Mareas
2026-10-03 03:34,Cool Bottles,The Tumbler,Cool Bottles The Tumbler Urban Picnic Termos Bardak 330 ML,,330ml,tumbler,Trendyol,2960.0,ok,https://www.trendyol.com/cool-bottles/the-tumbler-urban-picnic-termos-bardak-330-ml-p-1203917116,Mareas
2026-10-03 03:34,Cool Bottles,The Tumbler,Cool Bottles The Tumbler Floral Madness Termos Bardak 550 ML,,550ml,tumbler,Trendyol,3150.0,ok,https://www.trendyol.com/cool-bottles/the-tumbler-floral-madness-termos-bardak-550-ml-p-1047572926,Mareas
2026-10-03 03:34,Cool Bottles,The Tumbler,Cool Bottles The Tumbler Electric Garden Termos Bardak 330 ML,,330ml,tumbler,Trendyol,2960.0,ok,https://www.trendyol.com/cool-bottles/the-tumbler-electric-garden-termos-bardak-330-ml-p-1047572921,Mareas
2026-10-03 03:34,Cool Bottles,The Tumbler,Genel Markalar The Tumbler Metallic Rose Termos Bardak 330 ML,,330ml,tumbler,Trendyol,2570.0,ok,https://www.trendyol.com/genel-markalar/the-tumbler-metallic-rose-termos-bardak-330-ml-p-1047569231,Mareas
2026-10-03 03:34,Cool Bottles,The Tumbler,Cool Bottles The Tumbler Vivid Red Termos Bardak 330 ML,,330ml,tumbler,Trendyol,2119.9,ok,https://www.trendyol.com/cool-bottles/the-tumbler-vivid-red-termos-bardak-330-ml-p-1047572922,Mareas
2026-10-03 03:34,Cool Bottles,The Tumbler,Cool Bottles The Tumbler Pastel Green Termos Bardak 330 ML,,330ml,tumbler,Trendyol,2570.0,ok,https://www.trendyol.com/cool-bottles/the-tumbler-pastel-green-termos-bardak-330-ml-p-1047574267,Mareas
2026-10-03 03:34,Cool Bottles,The Tumbler,Cool Bottles The Tumbler Metallic Rose Termos Bardak 550 ML,,550ml,tumbler,Trendyol,2800.0,ok,https://www.trendyol.com/cool-bottles/the-tumbler-metallic-rose-termos-bardak-550-ml-p-1047570265,Mareas
2026-10-03 03:34,Cool Bottles,The Tumbler,Cool Bottles The Tumbler Pastel Pink Termos Bardak 330 ML,,330ml,tumbler,Trendyol,2570.0,ok,https://www.trendyol.com/cool-bottles/the-tumbler-pastel-pink-termos-bardak-330-ml-p-1047572910,Mareas
2026-10-03 03:34,Cool Bottles,The Tumbler,Cool Bottles The Tumbler Vivid Violet Termos Bardak 330 ML,,330ml,tumbler,Trendyol,2570.0,ok,https://www.trendyol.com/cool-bottles/the-tumbler-vivid-violet-termos-bardak-330-ml-p-1047639804,Mareas
2026-10-03 03:34,Cool Bottles,The Tumbler,Cool Bottles The Tumbler Vivid Blue Bardak Termos 330 ML,,330ml,tumbler,Trendyol,2570.0,ok,https://www.trendyol.com/cool-bottles/the-tumbler-vivid-blue-bardak-termos-330-ml-p-1047572904,Mareas
2026-10-03 12:17,Sipnjoy,Termos,SipnJoy - Su Termosu | 750 ml - Siyah,,750ml,termos,kidsnjoy,,stok_yok,https://kidsnjoystore.com/sipnjoy-su-termosu-750-ml-siyah-112,sipnjoy
2026-10-03 12:17,Sipnjoy,Termos,SipnJoy - Su Termosu | 750 ml - Pembe,,750ml,termos,kidsnjoy,1400.0,ok,https://kidsnjoystore.com/sipnjoy-su-termosu-750-ml-pembe-113,sipnjoy
2026-10-03 12:17,Sipnjoy,Tumbler,SipnJoy - Tumbler | 1200 ml - Siyah,,1200ml,tumbler,kidsnjoy,1840.0,ok,https://kidsnjoystore.com/sipnjoy-tumbler-1200-ml-siyah-114,sipnjoy
2026-10-03 12:17,Sipnjoy,Tumbler,SipnJoy - Tumbler | 1200 ml - Bej,,1200ml,tumbler,kidsnjoy,1840.0,ok,https://kidsnjoystore.com/sipnjoy-tumbler-1200-ml-bej-115,sipnjoy
2026-10-03 12:17,Sipnjoy,Tumbler,SipnJoy - Tumbler | 1200 ml - Pembe,,1200ml,tumbler,kidsnjoy,1840.0,ok,https://kidsnjoystore.com/sipnjoy-tumbler-1200-ml-pembe-116,sipnjoy
2026-10-03 12:17,Sipnjoy,Mug,SipnJoy - Coffee Mug | 480 ml - Siyah,,480ml,mug,kidsnjoy,1080.0,ok,https://kidsnjoystore.com/sipnjoy-coffee-mug-480-ml-siyah-117,sipnjoy
2026-10-03 12:17,Sipnjoy,Mug,SipnJoy - Coffee Mug | 480 ml - Beyaz,,480ml,mug,kidsnjoy,1080.0,ok,https://kidsnjoystore.com/sipnjoy-coffee-mug-480-ml-beyaz-118,sipnjoy
2026-10-03 12:17,Sipnjoy,Mug,SipnJoy - Coffee Mug | 480 ml - Mavi,,480ml,mug,kidsnjoy,1080.0,ok,https://kidsnjoystore.com/sipnjoy-coffee-mug-480-ml-mavi-119,sipnjoy
2026-10-03 12:17,Sipnjoy,Termos,SipnJoy Su Termosu | 750 ml,,750ml,termos,Trendyol,1400.0,ok,https://www.trendyol.com/sipnjoy/su-termosu-750-ml-p-932904531,SipnJoy
2026-10-03 12:17,Sipnjoy,Termos,SipnJoy Siyah Çelik Su Termosu 750 ml,,750ml,termos,Trendyol,3900.0,ok,https://www.trendyol.com/sipnjoy/siyah-celik-su-termosu-750-ml-p-1029123450,SipnJoy
2026-10-03 12:17,Sipnjoy,Tumbler,SipnJoy - Tumbler | 1200 ml - Pembe,,1200ml,tumbler,Trendyol,1840.0,ok,https://www.trendyol.com/sipnjoy/tumbler-1200-ml-pembe-p-932905029,SipnJoy
2026-10-03 12:17,Sipnjoy,Mug,SipnJoy - Coffee Mug | 480 ml - Mavi,,480ml,mug,Trendyol,1080.0,ok,https://www.trendyol.com/sipnjoy/coffee-mug-480-ml-mavi-p-1159710733,SipnJoy
2026-10-03 12:17,Sipnjoy,Mug,SipnJoy - Coffee Mug | 480 ml - Siyah,,480ml,mug,Trendyol,1080.0,ok,https://www.trendyol.com/sipnjoy/coffee-mug-480-ml-siyah-p-1159710704,SipnJoy
2026-10-03 12:17,Sipnjoy,Mug,SipnJoy - Coffee Mug | 480 ml - Beyaz,,480ml,mug,Trendyol,1080.0,ok,https://www.trendyol.com/sipnjoy/coffee-mug-480-ml-beyaz-p-1159710022,SipnJoy
2026-10-03 12:17,Sipnjoy,Tumbler,SipnJoy - Tumbler | 1200 ml - Bej,,1200ml,tumbler,Trendyol,1840.0,ok,https://www.trendyol.com/sipnjoy/tumbler-1200-ml-bej-p-932905055,SipnJoy
2026-10-03 12:17,Sipnjoy,Tumbler,SipnJoy - Tumbler | 1200 ml - Siyah,,1200ml,tumbler,Trendyol,1840.0,ok,https://www.trendyol.com/sipnjoy/tumbler-1200-ml-siyah-p-932905030,SipnJoy
2026-10-03 12:17,Cool Bottles,The Tumbler,Cool Bottles The Tumbler Patch Zone Termos Bardak 330 ML,,330ml,tumbler,Trendyol,2960.0,ok,https://www.trendyol.com/cool-bottles/the-tumbler-patch-zone-termos-bardak-330-ml-p-1203918079,Mareas
2026-10-03 12:17,Cool Bottles,The Tumbler,Cool Bottles The Tumbler Underwater Fun Termos Bardak 330 ML,,330ml,tumbler,Trendyol,2960.0,ok,https://www.trendyol.com/cool-bottles/the-tumbler-underwater-fun-termos-bardak-330-ml-p-1047585553,Mareas
2026-10-03 12:17,Cool Bottles,The Tumbler,Cool Bottles The Tumbler Sunshine Fiesta Termos Bardak 330 ML,,330ml,tumbler,Trendyol,2960.0,ok,https://www.trendyol.com/cool-bottles/the-tumbler-sunshine-fiesta-termos-bardak-330-ml-p-1047587276,Mareas
2026-10-03 12:17,Cool Bottles,The Tumbler,Cool Bottles The Tumbler René Termos Bardak 550 ML,,550ml,tumbler,Trendyol,3150.0,ok,https://www.trendyol.com/cool-bottles/the-tumbler-rene-termos-bardak-550-ml-p-1047571546,Mareas
2026-10-03 12:17,Cool Bottles,The Tumbler,Cool Bottles The Tumbler Sticker Fever 550 ml Termos Bardak,,550ml,tumbler,Trendyol,3150.0,ok,https://www.trendyol.com/cool-bottles/the-tumbler-sticker-fever-550-ml-termos-bardak-p-1203958872,Mareas
2026-10-03 12:17,Cool Bottles,The Tumbler,Cool Bottles The Tumbler Mediterranean Termos Bardak 330 ML,,330ml,tumbler,Trendyol,2960.0,ok,https://www.trendyol.com/cool-bottles/the-tumbler-mediterranean-termos-bardak-330-ml-p-1047587701,Mareas
2026-10-03 12:17,Cool Bottles,The Tumbler,Genel Markalar The Tumbler Allegra Bardak Termos 330 ML,,330ml,tumbler,Trendyol,2960.0,ok,https://www.trendyol.com/genel-markalar/the-tumbler-allegra-bardak-termos-330-ml-p-1047572939,Mareas
2026-10-03 12:17,Cool Bottles,The Tumbler,Genel Markalar The Tumbler Good Vibes Termos Bardak 550 ML,,550ml,tumbler,Trendyol,3150.0,ok,https://www.trendyol.com/genel-markalar/the-tumbler-good-vibes-termos-bardak-550-ml-p-1047572916,Mareas
2026-10-03 12:17,Cool Bottles,The Tumbler,Cool Bottles The Tumbler Urban Picnic Termos Bardak 330 ML,,330ml,tumbler,Trendyol,2960.0,ok,https://www.trendyol.com/cool-bottles/the-tumbler-urban-picnic-termos-bardak-330-ml-p-1203917116,Mareas
2026-10-03 12:17,Cool Bottles,The Tumbler,Cool Bottles The Tumbler Floral Madness Termos Bardak 550 ML,,550ml,tumbler,Trendyol,3150.0,ok,https://www.trendyol.com/cool-bottles/the-tumbler-floral-madness-termos-bardak-550-ml-p-1047572926,Mareas
2026-10-03 12:17,Cool Bottles,The Tumbler,Cool Bottles The Tumbler Electric Garden Termos Bardak 330 ML,,330ml,tumbler,Trendyol,2960.0,ok,https://www.trendyol.com/cool-bottles/the-tumbler-electric-garden-termos-bardak-330-ml-p-1047572921,Mareas
2026-10-03 12:17,Cool Bottles,The Tumbler,Genel Markalar The Tumbler Metallic Rose Termos Bardak 330 ML,,330ml,tumbler,Trendyol,2570.0,ok,https://www.trendyol.com/genel-markalar/the-tumbler-metallic-rose-termos-bardak-330-ml-p-1047569231,Mareas
2026-10-03 12:17,Cool Bottles,The Tumbler,Cool Bottles The Tumbler Pastel Green Termos Bardak 330 ML,,330ml,tumbler,Trendyol,2570.0,ok,https://www.trendyol.com/cool-bottles/the-tumbler-pastel-green-termos-bardak-330-ml-p-1047574267,Mareas
2026-10-03 12:17,Cool Bottles,The Tumbler,Cool Bottles The Tumbler Vivid Red Termos Bardak 330 ML,,330ml,tumbler,Trendyol,2119.9,ok,https://www.trendyol.com/cool-bottles/the-tumbler-vivid-red-termos-bardak-330-ml-p-1047572922,Mareas
2026-10-03 12:17,Cool Bottles,The Tumbler,Cool Bottles The Tumbler Metallic Rose Termos Bardak 550 ML,,550ml,tumbler,Trendyol,2800.0,ok,https://www.trendyol.com/cool-bottles/the-tumbler-metallic-rose-termos-bardak-550-ml-p-1047570265,Mareas
2026-10-03 12:17,Cool Bottles,The Tumbler,Cool Bottles The Tumbler Pastel Pink Termos Bardak 330 ML,,330ml,tumbler,Trendyol,2570.0,ok,https://www.trendyol.com/cool-bottles/the-tumbler-pastel-pink-termos-bardak-330-ml-p-1047572910,Mareas
2026-10-03 12:17,Cool Bottles,The Tumbler,Cool Bottles The Tumbler Vivid Violet Termos Bardak 330 ML,,330ml,tumbler,Trendyol,2570.0,ok,https://www.trendyol.com/cool-bottles/the-tumbler-vivid-violet-termos-bardak-330-ml-p-1047639804,Mareas
2026-10-03 12:17,Cool Bottles,The Tumbler,Cool Bottles The Tumbler Vivid Blue Bardak Termos 330 ML,,330ml,tumbler,Trendyol,2570.0,ok,https://www.trendyol.com/cool-bottles/the-tumbler-vivid-blue-bardak-termos-330-ml-p-1047572904,Mareas
2026-10-03 17:21,Sipnjoy,Termos,SipnJoy - Su Termosu | 750 ml - Siyah,,750ml,termos,kidsnjoy,,stok_yok,https://kidsnjoystore.com/sipnjoy-su-termosu-750-ml-siyah-112,sipnjoy
2026-10-03 17:21,Sipnjoy,Termos,SipnJoy - Su Termosu | 750 ml - Pembe,,750ml,termos,kidsnjoy,1400.0,ok,https://kidsnjoystore.com/sipnjoy-su-termosu-750-ml-pembe-113,sipnjoy
2026-10-03 17:21,Sipnjoy,Tumbler,SipnJoy - Tumbler | 1200 ml - Siyah,,1200ml,tumbler,kidsnjoy,1840.0,ok,https://kidsnjoystore.com/sipnjoy-tumbler-1200-ml-siyah-114,sipnjoy
2026-10-03 17:21,Sipnjoy,Tumbler,SipnJoy - Tumbler | 1200 ml - Bej,,1200ml,tumbler,kidsnjoy,1840.0,ok,https://kidsnjoystore.com/sipnjoy-tumbler-1200-ml-bej-115,sipnjoy
2026-10-03 17:21,Sipnjoy,Tumbler,SipnJoy - Tumbler | 1200 ml - Pembe,,1200ml,tumbler,kidsnjoy,1840.0,ok,https://kidsnjoystore.com/sipnjoy-tumbler-1200-ml-pembe-116,sipnjoy
2026-10-03 17:21,Sipnjoy,Mug,SipnJoy - Coffee Mug | 480 ml - Siyah,,480ml,mug,kidsnjoy,1080.0,ok,https://kidsnjoystore.com/sipnjoy-coffee-mug-480-ml-siyah-117,sipnjoy
2026-10-03 17:21,Sipnjoy,Mug,SipnJoy - Coffee Mug | 480 ml - Beyaz,,480ml,mug,kidsnjoy,1080.0,ok,https://kidsnjoystore.com/sipnjoy-coffee-mug-480-ml-beyaz-118,sipnjoy
2026-10-03 17:21,Sipnjoy,Mug,SipnJoy - Coffee Mug | 480 ml - Mavi,,480ml,mug,kidsnjoy,1080.0,ok,https://kidsnjoystore.com/sipnjoy-coffee-mug-480-ml-mavi-119,sipnjoy
2026-10-03 17:21,Sipnjoy,Termos,SipnJoy Su Termosu | 750 ml,,750ml,termos,Trendyol,1400.0,ok,https://www.trendyol.com/sipnjoy/su-termosu-750-ml-p-932904531,SipnJoy
2026-10-03 17:21,Sipnjoy,Tumbler,SipnJoy - Tumbler | 1200 ml - Siyah,,1200ml,tumbler,Trendyol,1840.0,ok,https://www.trendyol.com/sipnjoy/tumbler-1200-ml-siyah-p-932905030,SipnJoy
2026-10-03 17:21,Sipnjoy,Termos,SipnJoy Siyah Çelik Su Termosu 750 ml,,750ml,termos,Trendyol,3900.0,ok,https://www.trendyol.com/sipnjoy/siyah-celik-su-termosu-750-ml-p-1029123450,SipnJoy
2026-10-03 17:21,Sipnjoy,Tumbler,SipnJoy - Tumbler | 1200 ml - Pembe,,1200ml,tumbler,Trendyol,1840.0,ok,https://www.trendyol.com/sipnjoy/tumbler-1200-ml-pembe-p-932905029,SipnJoy
2026-10-03 17:21,Sipnjoy,Mug,SipnJoy - Coffee Mug | 480 ml - Mavi,,480ml,mug,Trendyol,1080.0,ok,https://www.trendyol.com/sipnjoy/coffee-mug-480-ml-mavi-p-1159710733,SipnJoy
2026-10-03 17:21,Sipnjoy,Mug,SipnJoy - Coffee Mug | 480 ml - Beyaz,,480ml,mug,Trendyol,1080.0,ok,https://www.trendyol.com/sipnjoy/coffee-mug-480-ml-beyaz-p-1159710022,SipnJoy
2026-10-03 17:21,Sipnjoy,Mug,SipnJoy - Coffee Mug | 480 ml - Siyah,,480ml,mug,Trendyol,1080.0,ok,https://www.trendyol.com/sipnjoy/coffee-mug-480-ml-siyah-p-1159710704,SipnJoy
2026-10-03 17:21,Sipnjoy,Tumbler,SipnJoy - Tumbler | 1200 ml - Bej,,1200ml,tumbler,Trendyol,1840.0,ok,https://www.trendyol.com/sipnjoy/tumbler-1200-ml-bej-p-932905055,SipnJoy
2026-10-03 17:21,Cool Bottles,The Tumbler,Cool Bottles The Tumbler Patch Zone Termos Bardak 330 ML,,330ml,tumbler,Trendyol,2960.0,ok,https://www.trendyol.com/cool-bottles/the-tumbler-patch-zone-termos-bardak-330-ml-p-1203918079,Mareas
2026-10-03 17:21,Cool Bottles,The Tumbler,Cool Bottles The Tumbler Underwater Fun Termos Bardak 330 ML,,330ml,tumbler,Trendyol,2960.0,ok,https://www.trendyol.com/cool-bottles/the-tumbler-underwater-fun-termos-bardak-330-ml-p-1047585553,Mareas
2026-10-03 17:21,Cool Bottles,The Tumbler,Cool Bottles The Tumbler Sunshine Fiesta Termos Bardak 330 ML,,330ml,tumbler,Trendyol,2960.0,ok,https://www.trendyol.com/cool-bottles/the-tumbler-sunshine-fiesta-termos-bardak-330-ml-p-1047587276,Mareas
2026-10-03 17:21,Cool Bottles,The Tumbler,Cool Bottles The Tumbler René Termos Bardak 550 ML,,550ml,tumbler,Trendyol,3150.0,ok,https://www.trendyol.com/cool-bottles/the-tumbler-rene-termos-bardak-550-ml-p-1047571546,Mareas
2026-10-03 17:21,Cool Bottles,The Tumbler,Cool Bottles The Tumbler Mediterranean Termos Bardak 330 ML,,330ml,tumbler,Trendyol,2960.0,ok,https://www.trendyol.com/cool-bottles/the-tumbler-mediterranean-termos-bardak-330-ml-p-1047587701,Mareas
2026-10-03 17:21,Cool Bottles,The Tumbler,Cool Bottles The Tumbler Sticker Fever 550 ml Termos Bardak,,550ml,tumbler,Trendyol,3150.0,ok,https://www.trendyol.com/cool-bottles/the-tumbler-sticker-fever-550-ml-termos-bardak-p-1203958872,Mareas
2026-10-03 17:21,Cool Bottles,The Tumbler,Cool Bottles The Tumbler Floral Madness Termos Bardak 550 ML,,550ml,tumbler,Trendyol,3150.0,ok,https://www.trendyol.com/cool-bottles/the-tumbler-floral-madness-termos-bardak-550-ml-p-1047572926,Mareas
2026-10-03 17:21,Cool Bottles,The Tumbler,Genel Markalar The Tumbler Allegra Bardak Termos 330 ML,,330ml,tumbler,Trendyol,2960.0,ok,https://www.trendyol.com/genel-markalar/the-tumbler-allegra-bardak-termos-330-ml-p-1047572939,Mareas
2026-10-03 17:21,Cool Bottles,The Tumbler,Genel Markalar The Tumbler Good Vibes Termos Bardak 550 ML,,550ml,tumbler,Trendyol,3150.0,ok,https://www.trendyol.com/genel-markalar/the-tumbler-good-vibes-termos-bardak-550-ml-p-1047572916,Mareas
2026-10-03 17:21,Cool Bottles,The Tumbler,Cool Bottles The Tumbler Urban Picnic Termos Bardak 330 ML,,330ml,tumbler,Trendyol,2960.0,ok,https://www.trendyol.com/cool-bottles/the-tumbler-urban-picnic-termos-bardak-330-ml-p-1203917116,Mareas
2026-10-03 17:21,Cool Bottles,The Tumbler,Cool Bottles The Tumbler Electric Garden Termos Bardak 330 ML,,330ml,tumbler,Trendyol,2960.0,ok,https://www.trendyol.com/cool-bottles/the-tumbler-electric-garden-termos-bardak-330-ml-p-1047572921,Mareas
2026-10-03 17:21,Cool Bottles,The Tumbler,Genel Markalar The Tumbler Metallic Rose Termos Bardak 330 ML,,330ml,tumbler,Trendyol,2570.0,ok,https://www.trendyol.com/genel-markalar/the-tumbler-metallic-rose-termos-bardak-330-ml-p-1047569231,Mareas
2026-10-03 17:21,Cool Bottles,The Tumbler,Cool Bottles The Tumbler Pastel Green Termos Bardak 330 ML,,330ml,tumbler,Trendyol,2570.0,ok,https://www.trendyol.com/cool-bottles/the-tumbler-pastel-green-termos-bardak-330-ml-p-1047574267,Mareas
2026-10-03 17:21,Cool Bottles,The Tumbler,Cool Bottles The Tumbler Vivid Red Termos Bardak 330 ML,,330ml,tumbler,Trendyol,2119.9,ok,https://www.trendyol.com/cool-bottles/the-tumbler-vivid-red-termos-bardak-330-ml-p-1047572922,Mareas
2026-10-03 17:21,Cool Bottles,The Tumbler,Cool Bottles The Tumbler Pastel Pink Termos Bardak 330 ML,,330ml,tumbler,Trendyol,2570.0,ok,https://www.trendyol.com/cool-bottles/the-tumbler-pastel-pink-termos-bardak-330-ml-p-1047572910,Mareas
2026-10-03 17:21,Cool Bottles,The Tumbler,Cool Bottles The Tumbler Metallic Rose Termos Bardak 550 ML,,550ml,tumbler,Trendyol,2800.0,ok,https://www.trendyol.com/cool-bottles/the-tumbler-metallic-rose-termos-bardak-550-ml-p-1047570265,Mareas
2026-10-03 17:21,Cool Bottles,The Tumbler,Cool Bottles The Tumbler Vivid Violet Termos Bardak 330 ML,,330ml,tumbler,Trendyol,2570.0,ok,https://www.trendyol.com/cool-bottles/the-tumbler-vivid-violet-termos-bardak-330-ml-p-1047639804,Mareas
2026-10-03 17:21,Cool Bottles,The Tumbler,Cool Bottles The Tumbler Vivid Blue Bardak Termos 330 ML,,330ml,tumbler,Trendyol,2570.0,ok,https://www.trendyol.com/cool-bottles/the-tumbler-vivid-blue-bardak-termos-330-ml-p-1047572904,Mareas
2026-10-03 21:05,Sipnjoy,Termos,SipnJoy - Su Termosu | 750 ml - Siyah,,750ml,termos,kidsnjoy,,stok_yok,https://kidsnjoystore.com/sipnjoy-su-termosu-750-ml-siyah-112,sipnjoy
2026-10-03 21:05,Sipnjoy,Termos,SipnJoy - Su Termosu | 750 ml - Pembe,,750ml,termos,kidsnjoy,1400.0,ok,https://kidsnjoystore.com/sipnjoy-su-termosu-750-ml-pembe-113,sipnjoy
2026-10-03 21:05,Sipnjoy,Tumbler,SipnJoy - Tumbler | 1200 ml - Siyah,,1200ml,tumbler,kidsnjoy,1840.0,ok,https://kidsnjoystore.com/sipnjoy-tumbler-1200-ml-siyah-114,sipnjoy
2026-10-03 21:05,Sipnjoy,Tumbler,SipnJoy - Tumbler | 1200 ml - Bej,,1200ml,tumbler,kidsnjoy,1840.0,ok,https://kidsnjoystore.com/sipnjoy-tumbler-1200-ml-bej-115,sipnjoy
2026-10-03 21:05,Sipnjoy,Tumbler,SipnJoy - Tumbler | 1200 ml - Pembe,,1200ml,tumbler,kidsnjoy,1840.0,ok,https://kidsnjoystore.com/sipnjoy-tumbler-1200-ml-pembe-116,sipnjoy
2026-10-03 21:05,Sipnjoy,Mug,SipnJoy - Coffee Mug | 480 ml - Siyah,,480ml,mug,kidsnjoy,1080.0,ok,https://kidsnjoystore.com/sipnjoy-coffee-mug-480-ml-siyah-117,sipnjoy
2026-10-03 21:05,Sipnjoy,Mug,SipnJoy - Coffee Mug | 480 ml - Beyaz,,480ml,mug,kidsnjoy,1080.0,ok,https://kidsnjoystore.com/sipnjoy-coffee-mug-480-ml-beyaz-118,sipnjoy
2026-10-03 21:05,Sipnjoy,Mug,SipnJoy - Coffee Mug | 480 ml - Mavi,,480ml,mug,kidsnjoy,1080.0,ok,https://kidsnjoystore.com/sipnjoy-coffee-mug-480-ml-mavi-119,sipnjoy
2026-10-03 21:05,Sipnjoy,Termos,SipnJoy Su Termosu | 750 ml,,750ml,termos,Trendyol,1400.0,ok,https://www.trendyol.com/sipnjoy/su-termosu-750-ml-p-932904531,SipnJoy
2026-10-03 21:05,Sipnjoy,Termos,SipnJoy Siyah Çelik Su Termosu 750 ml,,750ml,termos,Trendyol,3900.0,ok,https://www.trendyol.com/sipnjoy/siyah-celik-su-termosu-750-ml-p-1029123450,SipnJoy
2026-10-03 21:05,Sipnjoy,Tumbler,SipnJoy - Tumbler | 1200 ml - Pembe,,1200ml,tumbler,Trendyol,1840.0,ok,https://www.trendyol.com/sipnjoy/tumbler-1200-ml-pembe-p-932905029,SipnJoy
2026-10-03 21:05,Sipnjoy,Mug,SipnJoy - Coffee Mug | 480 ml - Beyaz,,480ml,mug,Trendyol,1080.0,ok,https://www.trendyol.com/sipnjoy/coffee-mug-480-ml-beyaz-p-1159710022,SipnJoy
2026-10-03 21:05,Sipnjoy,Mug,SipnJoy - Coffee Mug | 480 ml - Mavi,,480ml,mug,Trendyol,1080.0,ok,https://www.trendyol.com/sipnjoy/coffee-mug-480-ml-mavi-p-1159710733,SipnJoy
2026-10-03 21:05,Sipnjoy,Tumbler,SipnJoy - Tumbler | 1200 ml - Siyah,,1200ml,tumbler,Trendyol,1840.0,ok,https://www.trendyol.com/sipnjoy/tumbler-1200-ml-siyah-p-932905030,SipnJoy
2026-10-03 21:05,Sipnjoy,Mug,SipnJoy - Coffee Mug | 480 ml - Siyah,,480ml,mug,Trendyol,1080.0,ok,https://www.trendyol.com/sipnjoy/coffee-mug-480-ml-siyah-p-1159710704,SipnJoy
2026-10-03 21:05,Sipnjoy,Tumbler,SipnJoy - Tumbler | 1200 ml - Bej,,1200ml,tumbler,Trendyol,1840.0,ok,https://www.trendyol.com/sipnjoy/tumbler-1200-ml-bej-p-932905055,SipnJoy
2026-10-03 21:05,Cool Bottles,The Tumbler,Cool Bottles The Tumbler Patch Zone Termos Bardak 330 ML,,330ml,tumbler,Trendyol,2960.0,ok,https://www.trendyol.com/cool-bottles/the-tumbler-patch-zone-termos-bardak-330-ml-p-1203918079,Mareas
2026-10-03 21:05,Cool Bottles,The Tumbler,Cool Bottles The Tumbler Sunshine Fiesta Termos Bardak 330 ML,,330ml,tumbler,Trendyol,2960.0,ok,https://www.trendyol.com/cool-bottles/the-tumbler-sunshine-fiesta-termos-bardak-330-ml-p-1047587276,Mareas
2026-10-03 21:05,Cool Bottles,The Tumbler,Cool Bottles The Tumbler René Termos Bardak 550 ML,,550ml,tumbler,Trendyol,3150.0,ok,https://www.trendyol.com/cool-bottles/the-tumbler-rene-termos-bardak-550-ml-p-1047571546,Mareas
2026-10-03 21:05,Cool Bottles,The Tumbler,Cool Bottles The Tumbler Underwater Fun Termos Bardak 330 ML,,330ml,tumbler,Trendyol,2960.0,ok,https://www.trendyol.com/cool-bottles/the-tumbler-underwater-fun-termos-bardak-330-ml-p-1047585553,Mareas
2026-10-03 21:05,Cool Bottles,The Tumbler,Cool Bottles The Tumbler Mediterranean Termos Bardak 330 ML,,330ml,tumbler,Trendyol,2960.0,ok,https://www.trendyol.com/cool-bottles/the-tumbler-mediterranean-termos-bardak-330-ml-p-1047587701,Mareas
2026-10-03 21:05,Cool Bottles,The Tumbler,Cool Bottles The Tumbler Sticker Fever 550 ml Termos Bardak,,550ml,tumbler,Trendyol,3150.0,ok,https://www.trendyol.com/cool-bottles/the-tumbler-sticker-fever-550-ml-termos-bardak-p-1203958872,Mareas
2026-10-03 21:05,Cool Bottles,The Tumbler,Cool Bottles The Tumbler Floral Madness Termos Bardak 550 ML,,550ml,tumbler,Trendyol,3150.0,ok,https://www.trendyol.com/cool-bottles/the-tumbler-floral-madness-termos-bardak-550-ml-p-1047572926,Mareas
2026-10-03 21:05,Cool Bottles,The Tumbler,Genel Markalar The Tumbler Allegra Bardak Termos 330 ML,,330ml,tumbler,Trendyol,2960.0,ok,https://www.trendyol.com/genel-markalar/the-tumbler-allegra-bardak-termos-330-ml-p-1047572939,Mareas
2026-10-03 21:05,Cool Bottles,The Tumbler,Genel Markalar The Tumbler Good Vibes Termos Bardak 550 ML,,550ml,tumbler,Trendyol,3150.0,ok,https://www.trendyol.com/genel-markalar/the-tumbler-good-vibes-termos-bardak-550-ml-p-1047572916,Mareas
2026-10-03 21:05,Cool Bottles,The Tumbler,Cool Bottles The Tumbler Urban Picnic Termos Bardak 330 ML,,330ml,tumbler,Trendyol,2960.0,ok,https://www.trendyol.com/cool-bottles/the-tumbler-urban-picnic-termos-bardak-330-ml-p-1203917116,Mareas
2026-10-03 21:05,Cool Bottles,The Tumbler,Cool Bottles The Tumbler Electric Garden Termos Bardak 330 ML,,330ml,tumbler,Trendyol,2960.0,ok,https://www.trendyol.com/cool-bottles/the-tumbler-electric-garden-termos-bardak-330-ml-p-1047572921,Mareas
2026-10-03 21:05,Cool Bottles,The Tumbler,Cool Bottles The Tumbler Pastel Green Termos Bardak 330 ML,,330ml,tumbler,Trendyol,2570.0,ok,https://www.trendyol.com/cool-bottles/the-tumbler-pastel-green-termos-bardak-330-ml-p-1047574267,Mareas
2026-10-03 21:05,Cool Bottles,The Tumbler,Genel Markalar The Tumbler Metallic Rose Termos Bardak 330 ML,,330ml,tumbler,Trendyol,2570.0,ok,https://www.trendyol.com/genel-markalar/the-tumbler-metallic-rose-termos-bardak-330-ml-p-1047569231,Mareas
2026-10-03 21:05,Cool Bottles,The Tumbler,Cool Bottles The Tumbler Vivid Red Termos Bardak 330 ML,,330ml,tumbler,Trendyol,2119.9,ok,https://www.trendyol.com/cool-bottles/the-tumbler-vivid-red-termos-bardak-330-ml-p-1047572922,Mareas
2026-10-03 21:05,Cool Bottles,The Tumbler,Cool Bottles The Tumbler Pastel Pink Termos Bardak 330 ML,,330ml,tumbler,Trendyol,2570.0,ok,https://www.trendyol.com/cool-bottles/the-tumbler-pastel-pink-termos-bardak-330-ml-p-1047572910,Mareas
2026-10-03 21:05,Cool Bottles,The Tumbler,Cool Bottles The Tumbler Metallic Rose Termos Bardak 550 ML,,550ml,tumbler,Trendyol,2800.0,ok,https://www.trendyol.com/cool-bottles/the-tumbler-metallic-rose-termos-bardak-550-ml-p-1047570265,Mareas
2026-10-03 21:05,Cool Bottles,The Tumbler,Cool Bottles The Tumbler Vivid Violet Termos Bardak 330 ML,,330ml,tumbler,Trendyol,2570.0,ok,https://www.trendyol.com/cool-bottles/the-tumbler-vivid-violet-termos-bardak-330-ml-p-1047639804,Mareas
2026-10-03 21:05,Cool Bottles,The Tumbler,Cool Bottles The Tumbler Vivid Blue Bardak Termos 330 ML,,330ml,tumbler,Trendyol,2570.0,ok,https://www.trendyol.com/cool-bottles/the-tumbler-vivid-blue-bardak-termos-330-ml-p-1047572904,Mareas
2026-10-04 00:29,Sipnjoy,Termos,SipnJoy - Su Termosu | 750 ml - Siyah,,750ml,termos,kidsnjoy,,stok_yok,https://kidsnjoystore.com/sipnjoy-su-termosu-750-ml-siyah-112,sipnjoy
2026-10-04 00:29,Sipnjoy,Termos,SipnJoy - Su Termosu | 750 ml - Pembe,,750ml,termos,kidsnjoy,1400.0,ok,https://kidsnjoystore.com/sipnjoy-su-termosu-750-ml-pembe-113,sipnjoy
2026-10-04 00:29,Sipnjoy,Tumbler,SipnJoy - Tumbler | 1200 ml - Siyah,,1200ml,tumbler,kidsnjoy,1840.0,ok,https://kidsnjoystore.com/sipnjoy-tumbler-1200-ml-siyah-114,sipnjoy
2026-10-04 00:29,Sipnjoy,Tumbler,SipnJoy - Tumbler | 1200 ml - Bej,,1200ml,tumbler,kidsnjoy,1840.0,ok,https://kidsnjoystore.com/sipnjoy-tumbler-1200-ml-bej-115,sipnjoy
2026-10-04 00:29,Sipnjoy,Tumbler,SipnJoy - Tumbler | 1200 ml - Pembe,,1200ml,tumbler,kidsnjoy,1840.0,ok,https://kidsnjoystore.com/sipnjoy-tumbler-1200-ml-pembe-116,sipnjoy
2026-10-04 00:29,Sipnjoy,Mug,SipnJoy - Coffee Mug | 480 ml - Siyah,,480ml,mug,kidsnjoy,1080.0,ok,https://kidsnjoystore.com/sipnjoy-coffee-mug-480-ml-siyah-117,sipnjoy
2026-10-04 00:29,Sipnjoy,Mug,SipnJoy - Coffee Mug | 480 ml - Beyaz,,480ml,mug,kidsnjoy,1080.0,ok,https://kidsnjoystore.com/sipnjoy-coffee-mug-480-ml-beyaz-118,sipnjoy
2026-10-04 00:29,Sipnjoy,Mug,SipnJoy - Coffee Mug | 480 ml - Mavi,,480ml,mug,kidsnjoy,1080.0,ok,https://kidsnjoystore.com/sipnjoy-coffee-mug-480-ml-mavi-119,sipnjoy
2026-10-04 00:29,Sipnjoy,Termos,SipnJoy Su Termosu | 750 ml,,750ml,termos,Trendyol,1400.0,ok,https://www.trendyol.com/sipnjoy/su-termosu-750-ml-p-932904531,SipnJoy
2026-10-04 00:29,Sipnjoy,Termos,SipnJoy Siyah Çelik Su Termosu 750 ml,,750ml,termos,Trendyol,3900.0,ok,https://www.trendyol.com/sipnjoy/siyah-celik-su-termosu-750-ml-p-1029123450,SipnJoy
2026-10-04 00:29,Sipnjoy,Tumbler,SipnJoy - Tumbler | 1200 ml - Pembe,,1200ml,tumbler,Trendyol,1840.0,ok,https://www.trendyol.com/sipnjoy/tumbler-1200-ml-pembe-p-932905029,SipnJoy
2026-10-04 00:29,Sipnjoy,Mug,SipnJoy - Coffee Mug | 480 ml - Beyaz,,480ml,mug,Trendyol,1080.0,ok,https://www.trendyol.com/sipnjoy/coffee-mug-480-ml-beyaz-p-1159710022,SipnJoy
2026-10-04 00:29,Sipnjoy,Mug,SipnJoy - Coffee Mug | 480 ml - Mavi,,480ml,mug,Trendyol,1080.0,ok,https://www.trendyol.com/sipnjoy/coffee-mug-480-ml-mavi-p-1159710733,SipnJoy
2026-10-04 00:29,Sipnjoy,Tumbler,SipnJoy - Tumbler | 1200 ml - Siyah,,1200ml,tumbler,Trendyol,1840.0,ok,https://www.trendyol.com/sipnjoy/tumbler-1200-ml-siyah-p-932905030,SipnJoy
2026-10-04 00:29,Sipnjoy,Mug,SipnJoy - Coffee Mug | 480 ml - Siyah,,480ml,mug,Trendyol,1080.0,ok,https://www.trendyol.com/sipnjoy/coffee-mug-480-ml-siyah-p-1159710704,SipnJoy
2026-10-04 00:29,Sipnjoy,Tumbler,SipnJoy - Tumbler | 1200 ml - Bej,,1200ml,tumbler,Trendyol,1840.0,ok,https://www.trendyol.com/sipnjoy/tumbler-1200-ml-bej-p-932905055,SipnJoy
2026-10-04 00:29,Cool Bottles,The Tumbler,Cool Bottles The Tumbler Patch Zone Termos Bardak 330 ML,,330ml,tumbler,Trendyol,2960.0,ok,https://www.trendyol.com/cool-bottles/the-tumbler-patch-zone-termos-bardak-330-ml-p-1203918079,Mareas
2026-10-04 00:29,Cool Bottles,The Tumbler,Cool Bottles The Tumbler Sunshine Fiesta Termos Bardak 330 ML,,330ml,tumbler,Trendyol,2960.0,ok,https://www.trendyol.com/cool-bottles/the-tumbler-sunshine-fiesta-termos-bardak-330-ml-p-1047587276,Mareas
2026-10-04 00:29,Cool Bottles,The Tumbler,Cool Bottles The Tumbler René Termos Bardak 550 ML,,550ml,tumbler,Trendyol,3150.0,ok,https://www.trendyol.com/cool-bottles/the-tumbler-rene-termos-bardak-550-ml-p-1047571546,Mareas
2026-10-04 00:29,Cool Bottles,The Tumbler,Cool Bottles The Tumbler Sticker Fever 550 ml Termos Bardak,,550ml,tumbler,Trendyol,3150.0,ok,https://www.trendyol.com/cool-bottles/the-tumbler-sticker-fever-550-ml-termos-bardak-p-1203958872,Mareas
2026-10-04 00:29,Cool Bottles,The Tumbler,Cool Bottles The Tumbler Underwater Fun Termos Bardak 330 ML,,330ml,tumbler,Trendyol,2960.0,ok,https://www.trendyol.com/cool-bottles/the-tumbler-underwater-fun-termos-bardak-330-ml-p-1047585553,Mareas
2026-10-04 00:29,Cool Bottles,The Tumbler,Cool Bottles The Tumbler Mediterranean Termos Bardak 330 ML,,330ml,tumbler,Trendyol,2960.0,ok,https://www.trendyol.com/cool-bottles/the-tumbler-mediterranean-termos-bardak-330-ml-p-1047587701,Mareas
2026-10-04 00:29,Cool Bottles,The Tumbler,Cool Bottles The Tumbler Floral Madness Termos Bardak 550 ML,,550ml,tumbler,Trendyol,3150.0,ok,https://www.trendyol.com/cool-bottles/the-tumbler-floral-madness-termos-bardak-550-ml-p-1047572926,Mareas
2026-10-04 00:29,Cool Bottles,The Tumbler,Genel Markalar The Tumbler Allegra Bardak Termos 330 ML,,330ml,tumbler,Trendyol,2960.0,ok,https://www.trendyol.com/genel-markalar/the-tumbler-allegra-bardak-termos-330-ml-p-1047572939,Mareas
2026-10-04 00:29,Cool Bottles,The Tumbler,Cool Bottles The Tumbler Electric Garden Termos Bardak 330 ML,,330ml,tumbler,Trendyol,2960.0,ok,https://www.trendyol.com/cool-bottles/the-tumbler-electric-garden-termos-bardak-330-ml-p-1047572921,Mareas
2026-10-04 00:29,Cool Bottles,The Tumbler,Cool Bottles The Tumbler Urban Picnic Termos Bardak 330 ML,,330ml,tumbler,Trendyol,2960.0,ok,https://www.trendyol.com/cool-bottles/the-tumbler-urban-picnic-termos-bardak-330-ml-p-1203917116,Mareas
2026-10-04 00:29,Cool Bottles,The Tumbler,Genel Markalar The Tumbler Good Vibes Termos Bardak 550 ML,,550ml,tumbler,Trendyol,3150.0,ok,https://www.trendyol.com/genel-markalar/the-tumbler-good-vibes-termos-bardak-550-ml-p-1047572916,Mareas
2026-10-04 00:29,Cool Bottles,The Tumbler,Genel Markalar The Tumbler Metallic Rose Termos Bardak 330 ML,,330ml,tumbler,Trendyol,2570.0,ok,https://www.trendyol.com/genel-markalar/the-tumbler-metallic-rose-termos-bardak-330-ml-p-1047569231,Mareas
2026-10-04 00:29,Cool Bottles,The Tumbler,Cool Bottles The Tumbler Pastel Green Termos Bardak 330 ML,,330ml,tumbler,Trendyol,2570.0,ok,https://www.trendyol.com/cool-bottles/the-tumbler-pastel-green-termos-bardak-330-ml-p-1047574267,Mareas
2026-10-04 00:29,Cool Bottles,The Tumbler,Cool Bottles The Tumbler Vivid Red Termos Bardak 330 ML,,330ml,tumbler,Trendyol,2119.9,ok,https://www.trendyol.com/cool-bottles/the-tumbler-vivid-red-termos-bardak-330-ml-p-1047572922,Mareas
2026-10-04 00:29,Cool Bottles,The Tumbler,Cool Bottles The Tumbler Metallic Rose Termos Bardak 550 ML,,550ml,tumbler,Trendyol,2800.0,ok,https://www.trendyol.com/cool-bottles/the-tumbler-metallic-rose-termos-bardak-550-ml-p-1047570265,Mareas
2026-10-04 00:29,Cool Bottles,The Tumbler,Cool Bottles The Tumbler Pastel Pink Termos Bardak 330 ML,,330ml,tumbler,Trendyol,2570.0,ok,https://www.trendyol.com/cool-bottles/the-tumbler-pastel-pink-termos-bardak-330-ml-p-1047572910,Mareas
2026-10-04 00:29,Cool Bottles,The Tumbler,Cool Bottles The Tumbler Vivid Violet Termos Bardak 330 ML,,330ml,tumbler,Trendyol,2570.0,ok,https://www.trendyol.com/cool-bottles/the-tumbler-vivid-violet-termos-bardak-330-ml-p-1047639804,Mareas
2026-10-04 00:29,Cool Bottles,The Tumbler,Cool Bottles The Tumbler Vivid Blue Bardak Termos 330 ML,,330ml,tumbler,Trendyol,2570.0,ok,https://www.trendyol.com/cool-bottles/the-tumbler-vivid-blue-bardak-termos-330-ml-p-1047572904,Mareas
2026-10-04 12:57,Sipnjoy,Termos,SipnJoy - Su Termosu | 750 ml - Siyah,,750ml,termos,kidsnjoy,,stok_yok,https://kidsnjoystore.com/sipnjoy-su-termosu-750-ml-siyah-112,sipnjoy
2026-10-04 12:57,Sipnjoy,Termos,SipnJoy - Su Termosu | 750 ml - Pembe,,750ml,termos,kidsnjoy,1400.0,ok,https://kidsnjoystore.com/sipnjoy-su-termosu-750-ml-pembe-113,sipnjoy
2026-10-04 12:57,Sipnjoy,Tumbler,SipnJoy - Tumbler | 1200 ml - Siyah,,1200ml,tumbler,kidsnjoy,1840.0,ok,https://kidsnjoystore.com/sipnjoy-tumbler-1200-ml-siyah-114,sipnjoy
2026-10-04 12:57,Sipnjoy,Tumbler,SipnJoy - Tumbler | 1200 ml - Bej,,1200ml,tumbler,kidsnjoy,1840.0,ok,https://kidsnjoystore.com/sipnjoy-tumbler-1200-ml-bej-115,sipnjoy
2026-10-04 12:57,Sipnjoy,Tumbler,SipnJoy - Tumbler | 1200 ml - Pembe,,1200ml,tumbler,kidsnjoy,1840.0,ok,https://kidsnjoystore.com/sipnjoy-tumbler-1200-ml-pembe-116,sipnjoy
2026-10-04 12:57,Sipnjoy,Mug,SipnJoy - Coffee Mug | 480 ml - Siyah,,480ml,mug,kidsnjoy,1080.0,ok,https://kidsnjoystore.com/sipnjoy-coffee-mug-480-ml-siyah-117,sipnjoy
2026-10-04 12:57,Sipnjoy,Mug,SipnJoy - Coffee Mug | 480 ml - Beyaz,,480ml,mug,kidsnjoy,1080.0,ok,https://kidsnjoystore.com/sipnjoy-coffee-mug-480-ml-beyaz-118,sipnjoy
2026-10-04 12:57,Sipnjoy,Mug,SipnJoy - Coffee Mug | 480 ml - Mavi,,480ml,mug,kidsnjoy,1080.0,ok,https://kidsnjoystore.com/sipnjoy-coffee-mug-480-ml-mavi-119,sipnjoy
2026-10-04 12:57,Sipnjoy,Termos,SipnJoy Su Termosu | 750 ml,,750ml,termos,Trendyol,1400.0,ok,https://www.trendyol.com/sipnjoy/su-termosu-750-ml-p-932904531,SipnJoy
2026-10-04 12:57,Sipnjoy,Termos,SipnJoy Siyah Çelik Su Termosu 750 ml,,750ml,termos,Trendyol,3900.0,ok,https://www.trendyol.com/sipnjoy/siyah-celik-su-termosu-750-ml-p-1029123450,SipnJoy
2026-10-04 12:57,Sipnjoy,Tumbler,SipnJoy - Tumbler | 1200 ml - Pembe,,1200ml,tumbler,Trendyol,1840.0,ok,https://www.trendyol.com/sipnjoy/tumbler-1200-ml-pembe-p-932905029,SipnJoy
2026-10-04 12:57,Sipnjoy,Mug,SipnJoy - Coffee Mug | 480 ml - Beyaz,,480ml,mug,Trendyol,1080.0,ok,https://www.trendyol.com/sipnjoy/coffee-mug-480-ml-beyaz-p-1159710022,SipnJoy
2026-10-04 12:57,Sipnjoy,Mug,SipnJoy - Coffee Mug | 480 ml - Mavi,,480ml,mug,Trendyol,1080.0,ok,https://www.trendyol.com/sipnjoy/coffee-mug-480-ml-mavi-p-1159710733,SipnJoy
2026-10-04 12:57,Sipnjoy,Tumbler,SipnJoy - Tumbler | 1200 ml - Bej,,1200ml,tumbler,Trendyol,1840.0,ok,https://www.trendyol.com/sipnjoy/tumbler-1200-ml-bej-p-932905055,SipnJoy
2026-10-04 12:57,Sipnjoy,Tumbler,SipnJoy - Tumbler | 1200 ml - Siyah,,1200ml,tumbler,Trendyol,1840.0,ok,https://www.trendyol.com/sipnjoy/tumbler-1200-ml-siyah-p-932905030,SipnJoy
2026-10-04 12:57,Sipnjoy,Mug,SipnJoy - Coffee Mug | 480 ml - Siyah,,480ml,mug,Trendyol,1080.0,ok,https://www.trendyol.com/sipnjoy/coffee-mug-480-ml-siyah-p-1159710704,SipnJoy
2026-10-04 12:57,Cool Bottles,The Tumbler,Cool Bottles The Tumbler Patch Zone Termos Bardak 330 ML,,330ml,tumbler,Trendyol,2960.0,ok,https://www.trendyol.com/cool-bottles/the-tumbler-patch-zone-termos-bardak-330-ml-p-1203918079,Mareas
2026-10-04 12:57,Cool Bottles,The Tumbler,Cool Bottles The Tumbler Sunshine Fiesta Termos Bardak 330 ML,,330ml,tumbler,Trendyol,2960.0,ok,https://www.trendyol.com/cool-bottles/the-tumbler-sunshine-fiesta-termos-bardak-330-ml-p-1047587276,Mareas
2026-10-04 12:57,Cool Bottles,The Tumbler,Cool Bottles The Tumbler René Termos Bardak 550 ML,,550ml,tumbler,Trendyol,3150.0,ok,https://www.trendyol.com/cool-bottles/the-tumbler-rene-termos-bardak-550-ml-p-1047571546,Mareas
2026-10-04 12:57,Cool Bottles,The Tumbler,Cool Bottles The Tumbler Sticker Fever 550 ml Termos Bardak,,550ml,tumbler,Trendyol,3150.0,ok,https://www.trendyol.com/cool-bottles/the-tumbler-sticker-fever-550-ml-termos-bardak-p-1203958872,Mareas
2026-10-04 12:57,Cool Bottles,The Tumbler,Cool Bottles The Tumbler Underwater Fun Termos Bardak 330 ML,,330ml,tumbler,Trendyol,2960.0,ok,https://www.trendyol.com/cool-bottles/the-tumbler-underwater-fun-termos-bardak-330-ml-p-1047585553,Mareas
2026-10-04 12:57,Cool Bottles,The Tumbler,Cool Bottles The Tumbler Mediterranean Termos Bardak 330 ML,,330ml,tumbler,Trendyol,2960.0,ok,https://www.trendyol.com/cool-bottles/the-tumbler-mediterranean-termos-bardak-330-ml-p-1047587701,Mareas
2026-10-04 12:57,Cool Bottles,The Tumbler,Genel Markalar The Tumbler Allegra Bardak Termos 330 ML,,330ml,tumbler,Trendyol,2960.0,ok,https://www.trendyol.com/genel-markalar/the-tumbler-allegra-bardak-termos-330-ml-p-1047572939,Mareas
2026-10-04 12:57,Cool Bottles,The Tumbler,Cool Bottles The Tumbler Floral Madness Termos Bardak 550 ML,,550ml,tumbler,Trendyol,3150.0,ok,https://www.trendyol.com/cool-bottles/the-tumbler-floral-madness-termos-bardak-550-ml-p-1047572926,Mareas
2026-10-04 12:57,Cool Bottles,The Tumbler,Cool Bottles The Tumbler Electric Garden Termos Bardak 330 ML,,330ml,tumbler,Trendyol,2960.0,ok,https://www.trendyol.com/cool-bottles/the-tumbler-electric-garden-termos-bardak-330-ml-p-1047572921,Mareas
2026-10-04 12:57,Cool Bottles,The Tumbler,Cool Bottles The Tumbler Urban Picnic Termos Bardak 330 ML,,330ml,tumbler,Trendyol,2960.0,ok,https://www.trendyol.com/cool-bottles/the-tumbler-urban-picnic-termos-bardak-330-ml-p-1203917116,Mareas
2026-10-04 12:57,Cool Bottles,The Tumbler,Genel Markalar The Tumbler Good Vibes Termos Bardak 550 ML,,550ml,tumbler,Trendyol,3150.0,ok,https://www.trendyol.com/genel-markalar/the-tumbler-good-vibes-termos-bardak-550-ml-p-1047572916,Mareas
2026-10-04 12:57,Cool Bottles,The Tumbler,Genel Markalar The Tumbler Metallic Rose Termos Bardak 330 ML,,330ml,tumbler,Trendyol,2570.0,ok,https://www.trendyol.com/genel-markalar/the-tumbler-metallic-rose-termos-bardak-330-ml-p-1047569231,Mareas
2026-10-04 12:57,Cool Bottles,The Tumbler,Cool Bottles The Tumbler Pastel Green Termos Bardak 330 ML,,330ml,tumbler,Trendyol,2570.0,ok,https://www.trendyol.com/cool-bottles/the-tumbler-pastel-green-termos-bardak-330-ml-p-1047574267,Mareas
2026-10-04 12:57,Cool Bottles,The Tumbler,Cool Bottles The Tumbler Vivid Red Termos Bardak 330 ML,,330ml,tumbler,Trendyol,2119.9,ok,https://www.trendyol.com/cool-bottles/the-tumbler-vivid-red-termos-bardak-330-ml-p-1047572922,Mareas
2026-10-04 12:57,Cool Bottles,The Tumbler,Cool Bottles The Tumbler Pastel Pink Termos Bardak 330 ML,,330ml,tumbler,Trendyol,2570.0,ok,https://www.trendyol.com/cool-bottles/the-tumbler-pastel-pink-termos-bardak-330-ml-p-1047572910,Mareas
2026-10-04 12:57,Cool Bottles,The Tumbler,Cool Bottles The Tumbler Vivid Violet Termos Bardak 330 ML,,330ml,tumbler,Trendyol,2570.0,ok,https://www.trendyol.com/cool-bottles/the-tumbler-vivid-violet-termos-bardak-330-ml-p-1047639804,Mareas
2026-10-04 12:57,Cool Bottles,The Tumbler,Cool Bottles The Tumbler Metallic Rose Termos Bardak 550 ML,,550ml,tumbler,Trendyol,2800.0,ok,https://www.trendyol.com/cool-bottles/the-tumbler-metallic-rose-termos-bardak-550-ml-p-1047570265,Mareas
2026-10-04 12:57,Cool Bottles,The Tumbler,Cool Bottles The Tumbler Vivid Blue Bardak Termos 330 ML,,330ml,tumbler,Trendyol,2570.0,ok,https://www.trendyol.com/cool-bottles/the-tumbler-vivid-blue-bardak-termos-330-ml-p-1047572904,Mareas
2026-10-04 18:26,Sipnjoy,Termos,SipnJoy - Su Termosu | 750 ml - Siyah,,750ml,termos,kidsnjoy,,stok_yok,https://kidsnjoystore.com/sipnjoy-su-termosu-750-ml-siyah-112,sipnjoy
2026-10-04 18:26,Sipnjoy,Termos,SipnJoy - Su Termosu | 750 ml - Pembe,,750ml,termos,kidsnjoy,1400.0,ok,https://kidsnjoystore.com/sipnjoy-su-termosu-750-ml-pembe-113,sipnjoy
2026-10-04 18:26,Sipnjoy,Tumbler,SipnJoy - Tumbler | 1200 ml - Siyah,,1200ml,tumbler,kidsnjoy,1840.0,ok,https://kidsnjoystore.com/sipnjoy-tumbler-1200-ml-siyah-114,sipnjoy
2026-10-04 18:26,Sipnjoy,Tumbler,SipnJoy - Tumbler | 1200 ml - Bej,,1200ml,tumbler,kidsnjoy,1840.0,ok,https://kidsnjoystore.com/sipnjoy-tumbler-1200-ml-bej-115,sipnjoy
2026-10-04 18:26,Sipnjoy,Tumbler,SipnJoy - Tumbler | 1200 ml - Pembe,,1200ml,tumbler,kidsnjoy,1840.0,ok,https://kidsnjoystore.com/sipnjoy-tumbler-1200-ml-pembe-116,sipnjoy
2026-10-04 18:26,Sipnjoy,Mug,SipnJoy - Coffee Mug | 480 ml - Siyah,,480ml,mug,kidsnjoy,1080.0,ok,https://kidsnjoystore.com/sipnjoy-coffee-mug-480-ml-siyah-117,sipnjoy
2026-10-04 18:26,Sipnjoy,Mug,SipnJoy - Coffee Mug | 480 ml - Beyaz,,480ml,mug,kidsnjoy,1080.0,ok,https://kidsnjoystore.com/sipnjoy-coffee-mug-480-ml-beyaz-118,sipnjoy
2026-10-04 18:26,Sipnjoy,Mug,SipnJoy - Coffee Mug | 480 ml - Mavi,,480ml,mug,kidsnjoy,1080.0,ok,https://kidsnjoystore.com/sipnjoy-coffee-mug-480-ml-mavi-119,sipnjoy
2026-10-04 18:26,Sipnjoy,Termos,SipnJoy Su Termosu | 750 ml,,750ml,termos,Trendyol,1400.0,ok,https://www.trendyol.com/sipnjoy/su-termosu-750-ml-p-932904531,SipnJoy
2026-10-04 18:26,Sipnjoy,Termos,SipnJoy Siyah Çelik Su Termosu 750 ml,,750ml,termos,Trendyol,3900.0,ok,https://www.trendyol.com/sipnjoy/siyah-celik-su-termosu-750-ml-p-1029123450,SipnJoy
2026-10-04 18:26,Sipnjoy,Mug,SipnJoy - Coffee Mug | 480 ml - Beyaz,,480ml,mug,Trendyol,1080.0,ok,https://www.trendyol.com/sipnjoy/coffee-mug-480-ml-beyaz-p-1159710022,SipnJoy
2026-10-04 18:26,Sipnjoy,Tumbler,SipnJoy - Tumbler | 1200 ml - Pembe,,1200ml,tumbler,Trendyol,1840.0,ok,https://www.trendyol.com/sipnjoy/tumbler-1200-ml-pembe-p-932905029,SipnJoy
2026-10-04 18:26,Sipnjoy,Mug,SipnJoy - Coffee Mug | 480 ml - Mavi,,480ml,mug,Trendyol,1080.0,ok,https://www.trendyol.com/sipnjoy/coffee-mug-480-ml-mavi-p-1159710733,SipnJoy
2026-10-04 18:26,Sipnjoy,Tumbler,SipnJoy - Tumbler | 1200 ml - Bej,,1200ml,tumbler,Trendyol,1840.0,ok,https://www.trendyol.com/sipnjoy/tumbler-1200-ml-bej-p-932905055,SipnJoy
2026-10-04 18:26,Sipnjoy,Mug,SipnJoy - Coffee Mug | 480 ml - Siyah,,480ml,mug,Trendyol,1080.0,ok,https://www.trendyol.com/sipnjoy/coffee-mug-480-ml-siyah-p-1159710704,SipnJoy
2026-10-04 18:26,Sipnjoy,Tumbler,SipnJoy - Tumbler | 1200 ml - Siyah,,1200ml,tumbler,Trendyol,1840.0,ok,https://www.trendyol.com/sipnjoy/tumbler-1200-ml-siyah-p-932905030,SipnJoy
2026-10-04 18:26,Cool Bottles,The Tumbler,Cool Bottles The Tumbler Patch Zone Termos Bardak 330 ML,,330ml,tumbler,Trendyol,2960.0,ok,https://www.trendyol.com/cool-bottles/the-tumbler-patch-zone-termos-bardak-330-ml-p-1203918079,Mareas
2026-10-04 18:26,Cool Bottles,The Tumbler,Cool Bottles The Tumbler Sunshine Fiesta Termos Bardak 330 ML,,330ml,tumbler,Trendyol,2960.0,ok,https://www.trendyol.com/cool-bottles/the-tumbler-sunshine-fiesta-termos-bardak-330-ml-p-1047587276,Mareas
2026-10-04 18:26,Cool Bottles,The Tumbler,Cool Bottles The Tumbler René Termos Bardak 550 ML,,550ml,tumbler,Trendyol,3150.0,ok,https://www.trendyol.com/cool-bottles/the-tumbler-rene-termos-bardak-550-ml-p-1047571546,Mareas
2026-10-04 18:26,Cool Bottles,The Tumbler,Cool Bottles The Tumbler Sticker Fever 550 ml Termos Bardak,,550ml,tumbler,Trendyol,3150.0,ok,https://www.trendyol.com/cool-bottles/the-tumbler-sticker-fever-550-ml-termos-bardak-p-1203958872,Mareas
2026-10-04 18:26,Cool Bottles,The Tumbler,Cool Bottles The Tumbler Underwater Fun Termos Bardak 330 ML,,330ml,tumbler,Trendyol,2960.0,ok,https://www.trendyol.com/cool-bottles/the-tumbler-underwater-fun-termos-bardak-330-ml-p-1047585553,Mareas
2026-10-04 18:26,Cool Bottles,The Tumbler,Cool Bottles The Tumbler Mediterranean Termos Bardak 330 ML,,330ml,tumbler,Trendyol,2960.0,ok,https://www.trendyol.com/cool-bottles/the-tumbler-mediterranean-termos-bardak-330-ml-p-1047587701,Mareas
2026-10-04 18:26,Cool Bottles,The Tumbler,Genel Markalar The Tumbler Allegra Bardak Termos 330 ML,,330ml,tumbler,Trendyol,2960.0,ok,https://www.trendyol.com/genel-markalar/the-tumbler-allegra-bardak-termos-330-ml-p-1047572939,Mareas
2026-10-04 18:26,Cool Bottles,The Tumbler,Cool Bottles The Tumbler Electric Garden Termos Bardak 330 ML,,330ml,tumbler,Trendyol,2960.0,ok,https://www.trendyol.com/cool-bottles/the-tumbler-electric-garden-termos-bardak-330-ml-p-1047572921,Mareas
2026-10-04 18:26,Cool Bottles,The Tumbler,Cool Bottles The Tumbler Urban Picnic Termos Bardak 330 ML,,330ml,tumbler,Trendyol,2960.0,ok,https://www.trendyol.com/cool-bottles/the-tumbler-urban-picnic-termos-bardak-330-ml-p-1203917116,Mareas
2026-10-04 18:26,Cool Bottles,The Tumbler,Cool Bottles The Tumbler Floral Madness Termos Bardak 550 ML,,550ml,tumbler,Trendyol,3150.0,ok,https://www.trendyol.com/cool-bottles/the-tumbler-floral-madness-termos-bardak-550-ml-p-1047572926,Mareas
2026-10-04 18:26,Cool Bottles,The Tumbler,Genel Markalar The Tumbler Good Vibes Termos Bardak 550 ML,,550ml,tumbler,Trendyol,3150.0,ok,https://www.trendyol.com/genel-markalar/the-tumbler-good-vibes-termos-bardak-550-ml-p-1047572916,Mareas
2026-10-04 18:26,Cool Bottles,The Tumbler,Genel Markalar The Tumbler Metallic Rose Termos Bardak 330 ML,,330ml,tumbler,Trendyol,2570.0,ok,https://www.trendyol.com/genel-markalar/the-tumbler-metallic-rose-termos-bardak-330-ml-p-1047569231,Mareas
2026-10-04 18:26,Cool Bottles,The Tumbler,Cool Bottles The Tumbler Pastel Green Termos Bardak 330 ML,,330ml,tumbler,Trendyol,2570.0,ok,https://www.trendyol.com/cool-bottles/the-tumbler-pastel-green-termos-bardak-330-ml-p-1047574267,Mareas
2026-10-04 18:26,Cool Bottles,The Tumbler,Cool Bottles The Tumbler Vivid Red Termos Bardak 330 ML,,330ml,tumbler,Trendyol,2119.9,ok,https://www.trendyol.com/cool-bottles/the-tumbler-vivid-red-termos-bardak-330-ml-p-1047572922,Mareas
2026-10-04 18:26,Cool Bottles,The Tumbler,Cool Bottles The Tumbler Pastel Pink Termos Bardak 330 ML,,330ml,tumbler,Trendyol,2570.0,ok,https://www.trendyol.com/cool-bottles/the-tumbler-pastel-pink-termos-bardak-330-ml-p-1047572910,Mareas
2026-10-04 18:26,Cool Bottles,The Tumbler,Cool Bottles The Tumbler Vivid Violet Termos Bardak 330 ML,,330ml,tumbler,Trendyol,2570.0,ok,https://www.trendyol.com/cool-bottles/the-tumbler-vivid-violet-termos-bardak-330-ml-p-1047639804,Mareas
2026-10-04 18:26,Cool Bottles,The Tumbler,Cool Bottles The Tumbler Metallic Rose Termos Bardak 550 ML,,550ml,tumbler,Trendyol,2800.0,ok,https://www.trendyol.com/cool-bottles/the-tumbler-metallic-rose-termos-bardak-550-ml-p-1047570265,Mareas
2026-10-04 18:26,Cool Bottles,The Tumbler,Cool Bottles The Tumbler Vivid Blue Bardak Termos 330 ML,,330ml,tumbler,Trendyol,2570.0,ok,https://www.trendyol.com/cool-bottles/the-tumbler-vivid-blue-bardak-termos-330-ml-p-1047572904,Mareas
2026-10-04 22:43,Sipnjoy,Termos,SipnJoy - Su Termosu | 750 ml - Siyah,,750ml,termos,kidsnjoy,,stok_yok,https://kidsnjoystore.com/sipnjoy-su-termosu-750-ml-siyah-112,sipnjoy
2026-10-04 22:43,Sipnjoy,Termos,SipnJoy - Su Termosu | 750 ml - Pembe,,750ml,termos,kidsnjoy,1400.0,ok,https://kidsnjoystore.com/sipnjoy-su-termosu-750-ml-pembe-113,sipnjoy
2026-10-04 22:43,Sipnjoy,Tumbler,SipnJoy - Tumbler | 1200 ml - Siyah,,1200ml,tumbler,kidsnjoy,1840.0,ok,https://kidsnjoystore.com/sipnjoy-tumbler-1200-ml-siyah-114,sipnjoy
2026-10-04 22:43,Sipnjoy,Tumbler,SipnJoy - Tumbler | 1200 ml - Bej,,1200ml,tumbler,kidsnjoy,1840.0,ok,https://kidsnjoystore.com/sipnjoy-tumbler-1200-ml-bej-115,sipnjoy
2026-10-04 22:43,Sipnjoy,Tumbler,SipnJoy - Tumbler | 1200 ml - Pembe,,1200ml,tumbler,kidsnjoy,1840.0,ok,https://kidsnjoystore.com/sipnjoy-tumbler-1200-ml-pembe-116,sipnjoy
2026-10-04 22:43,Sipnjoy,Mug,SipnJoy - Coffee Mug | 480 ml - Siyah,,480ml,mug,kidsnjoy,1080.0,ok,https://kidsnjoystore.com/sipnjoy-coffee-mug-480-ml-siyah-117,sipnjoy
2026-10-04 22:43,Sipnjoy,Mug,SipnJoy - Coffee Mug | 480 ml - Beyaz,,480ml,mug,kidsnjoy,1080.0,ok,https://kidsnjoystore.com/sipnjoy-coffee-mug-480-ml-beyaz-118,sipnjoy
2026-10-04 22:43,Sipnjoy,Mug,SipnJoy - Coffee Mug | 480 ml - Mavi,,480ml,mug,kidsnjoy,1080.0,ok,https://kidsnjoystore.com/sipnjoy-coffee-mug-480-ml-mavi-119,sipnjoy
2026-10-04 22:43,Sipnjoy,Termos,SipnJoy Su Termosu | 750 ml,,750ml,termos,Trendyol,1400.0,ok,https://www.trendyol.com/sipnjoy/su-termosu-750-ml-p-932904531,SipnJoy
2026-10-04 22:43,Sipnjoy,Termos,SipnJoy Siyah Çelik Su Termosu 750 ml,,750ml,termos,Trendyol,3900.0,ok,https://www.trendyol.com/sipnjoy/siyah-celik-su-termosu-750-ml-p-1029123450,SipnJoy
2026-10-04 22:43,Sipnjoy,Tumbler,SipnJoy - Tumbler | 1200 ml - Pembe,,1200ml,tumbler,Trendyol,1840.0,ok,https://www.trendyol.com/sipnjoy/tumbler-1200-ml-pembe-p-932905029,SipnJoy
2026-10-04 22:43,Sipnjoy,Mug,SipnJoy - Coffee Mug | 480 ml - Beyaz,,480ml,mug,Trendyol,1080.0,ok,https://www.trendyol.com/sipnjoy/coffee-mug-480-ml-beyaz-p-1159710022,SipnJoy
2026-10-04 22:43,Sipnjoy,Mug,SipnJoy - Coffee Mug | 480 ml - Mavi,,480ml,mug,Trendyol,1080.0,ok,https://www.trendyol.com/sipnjoy/coffee-mug-480-ml-mavi-p-1159710733,SipnJoy
2026-10-04 22:43,Sipnjoy,Tumbler,SipnJoy - Tumbler | 1200 ml - Bej,,1200ml,tumbler,Trendyol,1840.0,ok,https://www.trendyol.com/sipnjoy/tumbler-1200-ml-bej-p-932905055,SipnJoy
2026-10-04 22:43,Sipnjoy,Mug,SipnJoy - Coffee Mug | 480 ml - Siyah,,480ml,mug,Trendyol,1080.0,ok,https://www.trendyol.com/sipnjoy/coffee-mug-480-ml-siyah-p-1159710704,SipnJoy
2026-10-04 22:43,Sipnjoy,Tumbler,SipnJoy - Tumbler | 1200 ml - Siyah,,1200ml,tumbler,Trendyol,1840.0,ok,https://www.trendyol.com/sipnjoy/tumbler-1200-ml-siyah-p-932905030,SipnJoy
2026-10-04 22:43,Cool Bottles,The Tumbler,Cool Bottles The Tumbler Patch Zone Termos Bardak 330 ML,,330ml,tumbler,Trendyol,2960.0,ok,https://www.trendyol.com/cool-bottles/the-tumbler-patch-zone-termos-bardak-330-ml-p-1203918079,Mareas
2026-10-04 22:43,Cool Bottles,The Tumbler,Cool Bottles The Tumbler Underwater Fun Termos Bardak 330 ML,,330ml,tumbler,Trendyol,2960.0,ok,https://www.trendyol.com/cool-bottles/the-tumbler-underwater-fun-termos-bardak-330-ml-p-1047585553,Mareas
2026-10-04 22:43,Cool Bottles,The Tumbler,Cool Bottles The Tumbler Floral Madness Termos Bardak 550 ML,,550ml,tumbler,Trendyol,3150.0,ok,https://www.trendyol.com/cool-bottles/the-tumbler-floral-madness-termos-bardak-550-ml-p-1047572926,Mareas
2026-10-04 22:43,Cool Bottles,The Tumbler,Genel Markalar The Tumbler Good Vibes Termos Bardak 550 ML,,550ml,tumbler,Trendyol,3150.0,ok,https://www.trendyol.com/genel-markalar/the-tumbler-good-vibes-termos-bardak-550-ml-p-1047572916,Mareas
2026-10-04 22:43,Cool Bottles,The Tumbler,Cool Bottles The Tumbler Vivid Red Termos Bardak 330 ML,,330ml,tumbler,Trendyol,2119.9,ok,https://www.trendyol.com/cool-bottles/the-tumbler-vivid-red-termos-bardak-330-ml-p-1047572922,Mareas
2026-10-04 22:43,Cool Bottles,The Tumbler,Cool Bottles The Tumbler Vivid Violet Termos Bardak 330 ML,,330ml,tumbler,Trendyol,2570.0,ok,https://www.trendyol.com/cool-bottles/the-tumbler-vivid-violet-termos-bardak-330-ml-p-1047639804,Mareas
2026-10-04 22:43,Cool Bottles,The Tumbler,Cool Bottles The Tumbler Sunshine Fiesta Termos Bardak 330 ML,,330ml,tumbler,Trendyol,2960.0,ok,https://www.trendyol.com/cool-bottles/the-tumbler-sunshine-fiesta-termos-bardak-330-ml-p-1047587276,Mareas
2026-10-04 22:43,Cool Bottles,The Tumbler,Cool Bottles The Tumbler René Termos Bardak 550 ML,,550ml,tumbler,Trendyol,3150.0,ok,https://www.trendyol.com/cool-bottles/the-tumbler-rene-termos-bardak-550-ml-p-1047571546,Mareas
2026-10-04 22:43,Cool Bottles,The Tumbler,Cool Bottles The Tumbler Mediterranean Termos Bardak 330 ML,,330ml,tumbler,Trendyol,2960.0,ok,https://www.trendyol.com/cool-bottles/the-tumbler-mediterranean-termos-bardak-330-ml-p-1047587701,Mareas
2026-10-04 22:43,Cool Bottles,The Tumbler,Cool Bottles The Tumbler Pastel Green Termos Bardak 330 ML,,330ml,tumbler,Trendyol,2570.0,ok,https://www.trendyol.com/cool-bottles/the-tumbler-pastel-green-termos-bardak-330-ml-p-1047574267,Mareas
2026-10-04 22:43,Cool Bottles,The Tumbler,Cool Bottles The Tumbler Electric Garden Termos Bardak 330 ML,,330ml,tumbler,Trendyol,2960.0,ok,https://www.trendyol.com/cool-bottles/the-tumbler-electric-garden-termos-bardak-330-ml-p-1047572921,Mareas
2026-10-04 22:43,Cool Bottles,The Tumbler,Genel Markalar The Tumbler Metallic Rose Termos Bardak 330 ML,,330ml,tumbler,Trendyol,2570.0,ok,https://www.trendyol.com/genel-markalar/the-tumbler-metallic-rose-termos-bardak-330-ml-p-1047569231,Mareas
2026-10-04 22:43,Cool Bottles,The Tumbler,Genel Markalar The Tumbler Allegra Bardak Termos 330 ML,,330ml,tumbler,Trendyol,2960.0,ok,https://www.trendyol.com/genel-markalar/the-tumbler-allegra-bardak-termos-330-ml-p-1047572939,Mareas
2026-10-04 22:43,Cool Bottles,The Tumbler,Cool Bottles The Tumbler Metallic Rose Termos Bardak 550 ML,,550ml,tumbler,Trendyol,2800.0,ok,https://www.trendyol.com/cool-bottles/the-tumbler-metallic-rose-termos-bardak-550-ml-p-1047570265,Mareas
2026-10-04 22:43,Cool Bottles,The Tumbler,Cool Bottles The Tumbler Pastel Pink Termos Bardak 330 ML,,330ml,tumbler,Trendyol,2570.0,ok,https://www.trendyol.com/cool-bottles/the-tumbler-pastel-pink-termos-bardak-330-ml-p-1047572910,Mareas
2026-10-04 22:43,Cool Bottles,The Tumbler,Cool Bottles The Tumbler Vivid Blue Bardak Termos 330 ML,,330ml,tumbler,Trendyol,2570.0,ok,https://www.trendyol.com/cool-bottles/the-tumbler-vivid-blue-bardak-termos-330-ml-p-1047572904,Mareas
2026-10-04 22:43,Cool Bottles,The Tumbler,Cool Bottles The Tumbler Sticker Fever 550 ml Termos Bardak,,550ml,tumbler,Trendyol,3150.0,ok,https://www.trendyol.com/cool-bottles/the-tumbler-sticker-fever-550-ml-termos-bardak-p-1203958872,Mareas
2026-10-04 22:43,Cool Bottles,The Tumbler,Cool Bottles The Tumbler Urban Picnic Termos Bardak 330 ML,,330ml,tumbler,Trendyol,2960.0,ok,https://www.trendyol.com/cool-bottles/the-tumbler-urban-picnic-termos-bardak-330-ml-p-1203917116,Mareas
2026-10-05 02:18,Sipnjoy,Termos,SipnJoy - Su Termosu | 750 ml - Siyah,,750ml,termos,kidsnjoy,,stok_yok,https://kidsnjoystore.com/sipnjoy-su-termosu-750-ml-siyah-112,sipnjoy
2026-10-05 02:18,Sipnjoy,Termos,SipnJoy - Su Termosu | 750 ml - Pembe,,750ml,termos,kidsnjoy,1400.0,ok,https://kidsnjoystore.com/sipnjoy-su-termosu-750-ml-pembe-113,sipnjoy
2026-10-05 02:18,Sipnjoy,Tumbler,SipnJoy - Tumbler | 1200 ml - Siyah,,1200ml,tumbler,kidsnjoy,1840.0,ok,https://kidsnjoystore.com/sipnjoy-tumbler-1200-ml-siyah-114,sipnjoy
2026-10-05 02:18,Sipnjoy,Tumbler,SipnJoy - Tumbler | 1200 ml - Bej,,1200ml,tumbler,kidsnjoy,1840.0,ok,https://kidsnjoystore.com/sipnjoy-tumbler-1200-ml-bej-115,sipnjoy
2026-10-05 02:18,Sipnjoy,Tumbler,SipnJoy - Tumbler | 1200 ml - Pembe,,1200ml,tumbler,kidsnjoy,1840.0,ok,https://kidsnjoystore.com/sipnjoy-tumbler-1200-ml-pembe-116,sipnjoy
2026-10-05 02:18,Sipnjoy,Mug,SipnJoy - Coffee Mug | 480 ml - Siyah,,480ml,mug,kidsnjoy,1080.0,ok,https://kidsnjoystore.com/sipnjoy-coffee-mug-480-ml-siyah-117,sipnjoy
2026-10-05 02:18,Sipnjoy,Mug,SipnJoy - Coffee Mug | 480 ml - Beyaz,,480ml,mug,kidsnjoy,1080.0,ok,https://kidsnjoystore.com/sipnjoy-coffee-mug-480-ml-beyaz-118,sipnjoy
2026-10-05 02:18,Sipnjoy,Mug,SipnJoy - Coffee Mug | 480 ml - Mavi,,480ml,mug,kidsnjoy,1080.0,ok,https://kidsnjoystore.com/sipnjoy-coffee-mug-480-ml-mavi-119,sipnjoy
2026-10-05 02:18,Sipnjoy,Termos,SipnJoy Su Termosu | 750 ml,,750ml,termos,Trendyol,1400.0,ok,https://www.trendyol.com/sipnjoy/su-termosu-750-ml-p-932904531,SipnJoy
2026-10-05 02:18,Sipnjoy,Termos,SipnJoy Siyah Çelik Su Termosu 750 ml,,750ml,termos,Trendyol,3900.0,ok,https://www.trendyol.com/sipnjoy/siyah-celik-su-termosu-750-ml-p-1029123450,SipnJoy
2026-10-05 02:18,Sipnjoy,Tumbler,SipnJoy - Tumbler | 1200 ml - Pembe,,1200ml,tumbler,Trendyol,1840.0,ok,https://www.trendyol.com/sipnjoy/tumbler-1200-ml-pembe-p-932905029,SipnJoy
2026-10-05 02:18,Sipnjoy,Mug,SipnJoy - Coffee Mug | 480 ml - Beyaz,,480ml,mug,Trendyol,1080.0,ok,https://www.trendyol.com/sipnjoy/coffee-mug-480-ml-beyaz-p-1159710022,SipnJoy
2026-10-05 02:18,Sipnjoy,Tumbler,SipnJoy - Tumbler | 1200 ml - Bej,,1200ml,tumbler,Trendyol,1840.0,ok,https://www.trendyol.com/sipnjoy/tumbler-1200-ml-bej-p-932905055,SipnJoy
2026-10-05 02:18,Sipnjoy,Mug,SipnJoy - Coffee Mug | 480 ml - Mavi,,480ml,mug,Trendyol,1080.0,ok,https://www.trendyol.com/sipnjoy/coffee-mug-480-ml-mavi-p-1159710733,SipnJoy
2026-10-05 02:18,Sipnjoy,Tumbler,SipnJoy - Tumbler | 1200 ml - Siyah,,1200ml,tumbler,Trendyol,1840.0,ok,https://www.trendyol.com/sipnjoy/tumbler-1200-ml-siyah-p-932905030,SipnJoy
2026-10-05 02:18,Sipnjoy,Mug,SipnJoy - Coffee Mug | 480 ml - Siyah,,480ml,mug,Trendyol,1080.0,ok,https://www.trendyol.com/sipnjoy/coffee-mug-480-ml-siyah-p-1159710704,SipnJoy
2026-10-05 02:18,Cool Bottles,The Tumbler,Cool Bottles The Tumbler Patch Zone Termos Bardak 330 ML,,330ml,tumbler,Trendyol,2960.0,ok,https://www.trendyol.com/cool-bottles/the-tumbler-patch-zone-termos-bardak-330-ml-p-1203918079,Mareas
2026-10-05 02:18,Cool Bottles,The Tumbler,Cool Bottles The Tumbler Sunshine Fiesta Termos Bardak 330 ML,,330ml,tumbler,Trendyol,2960.0,ok,https://www.trendyol.com/cool-bottles/the-tumbler-sunshine-fiesta-termos-bardak-330-ml-p-1047587276,Mareas
2026-10-05 02:18,Cool Bottles,The Tumbler,Cool Bottles The Tumbler Mediterranean Termos Bardak 330 ML,,330ml,tumbler,Trendyol,2960.0,ok,https://www.trendyol.com/cool-bottles/the-tumbler-mediterranean-termos-bardak-330-ml-p-1047587701,Mareas
2026-10-05 02:18,Cool Bottles,The Tumbler,Cool Bottles The Tumbler Sticker Fever 550 ml Termos Bardak,,550ml,tumbler,Trendyol,3150.0,ok,https://www.trendyol.com/cool-bottles/the-tumbler-sticker-fever-550-ml-termos-bardak-p-1203958872,Mareas
2026-10-05 02:18,Cool Bottles,The Tumbler,Cool Bottles The Tumbler Underwater Fun Termos Bardak 330 ML,,330ml,tumbler,Trendyol,2960.0,ok,https://www.trendyol.com/cool-bottles/the-tumbler-underwater-fun-termos-bardak-330-ml-p-1047585553,Mareas
2026-10-05 02:18,Cool Bottles,The Tumbler,Genel Markalar The Tumbler Allegra Bardak Termos 330 ML,,330ml,tumbler,Trendyol,2960.0,ok,https://www.trendyol.com/genel-markalar/the-tumbler-allegra-bardak-termos-330-ml-p-1047572939,Mareas
2026-10-05 02:18,Cool Bottles,The Tumbler,Cool Bottles The Tumbler René Termos Bardak 550 ML,,550ml,tumbler,Trendyol,3150.0,ok,https://www.trendyol.com/cool-bottles/the-tumbler-rene-termos-bardak-550-ml-p-1047571546,Mareas
2026-10-05 02:18,Cool Bottles,The Tumbler,Cool Bottles The Tumbler Floral Madness Termos Bardak 550 ML,,550ml,tumbler,Trendyol,3150.0,ok,https://www.trendyol.com/cool-bottles/the-tumbler-floral-madness-termos-bardak-550-ml-p-1047572926,Mareas
2026-10-05 02:18,Cool Bottles,The Tumbler,Genel Markalar The Tumbler Good Vibes Termos Bardak 550 ML,,550ml,tumbler,Trendyol,3150.0,ok,https://www.trendyol.com/genel-markalar/the-tumbler-good-vibes-termos-bardak-550-ml-p-1047572916,Mareas
2026-10-05 02:18,Cool Bottles,The Tumbler,Cool Bottles The Tumbler Electric Garden Termos Bardak 330 ML,,330ml,tumbler,Trendyol,2960.0,ok,https://www.trendyol.com/cool-bottles/the-tumbler-electric-garden-termos-bardak-330-ml-p-1047572921,Mareas
2026-10-05 02:18,Cool Bottles,The Tumbler,Cool Bottles The Tumbler Urban Picnic Termos Bardak 330 ML,,330ml,tumbler,Trendyol,2960.0,ok,https://www.trendyol.com/cool-bottles/the-tumbler-urban-picnic-termos-bardak-330-ml-p-1203917116,Mareas
2026-10-05 02:18,Cool Bottles,The Tumbler,Cool Bottles The Tumbler Pastel Green Termos Bardak 330 ML,,330ml,tumbler,Trendyol,2570.0,ok,https://www.trendyol.com/cool-bottles/the-tumbler-pastel-green-termos-bardak-330-ml-p-1047574267,Mareas
2026-10-05 02:18,Cool Bottles,The Tumbler,Genel Markalar The Tumbler Metallic Rose Termos Bardak 330 ML,,330ml,tumbler,Trendyol,2570.0,ok,https://www.trendyol.com/genel-markalar/the-tumbler-metallic-rose-termos-bardak-330-ml-p-1047569231,Mareas
2026-10-05 02:18,Cool Bottles,The Tumbler,Cool Bottles The Tumbler Vivid Red Termos Bardak 330 ML,,330ml,tumbler,Trendyol,2119.9,ok,https://www.trendyol.com/cool-bottles/the-tumbler-vivid-red-termos-bardak-330-ml-p-1047572922,Mareas
2026-10-05 02:18,Cool Bottles,The Tumbler,Cool Bottles The Tumbler Metallic Rose Termos Bardak 550 ML,,550ml,tumbler,Trendyol,2800.0,ok,https://www.trendyol.com/cool-bottles/the-tumbler-metallic-rose-termos-bardak-550-ml-p-1047570265,Mareas
2026-10-05 02:18,Cool Bottles,The Tumbler,Cool Bottles The Tumbler Pastel Pink Termos Bardak 330 ML,,330ml,tumbler,Trendyol,2570.0,ok,https://www.trendyol.com/cool-bottles/the-tumbler-pastel-pink-termos-bardak-330-ml-p-1047572910,Mareas
2026-10-05 02:18,Cool Bottles,The Tumbler,Cool Bottles The Tumbler Vivid Violet Termos Bardak 330 ML,,330ml,tumbler,Trendyol,2570.0,ok,https://www.trendyol.com/cool-bottles/the-tumbler-vivid-violet-termos-bardak-330-ml-p-1047639804,Mareas
2026-10-05 02:18,Cool Bottles,The Tumbler,Cool Bottles The Tumbler Vivid Blue Bardak Termos 330 ML,,330ml,tumbler,Trendyol,2570.0,ok,https://www.trendyol.com/cool-bottles/the-tumbler-vivid-blue-bardak-termos-330-ml-p-1047572904,Mareas
2026-10-05 13:40,Sipnjoy,Termos,SipnJoy - Su Termosu | 750 ml - Siyah,,750ml,termos,kidsnjoy,,stok_yok,https://kidsnjoystore.com/sipnjoy-su-termosu-750-ml-siyah-112,sipnjoy
2026-10-05 13:40,Sipnjoy,Termos,SipnJoy - Su Termosu | 750 ml - Pembe,,750ml,termos,kidsnjoy,,stok_yok,https://kidsnjoystore.com/sipnjoy-su-termosu-750-ml-pembe-113,sipnjoy
2026-10-05 13:40,Sipnjoy,Tumbler,SipnJoy - Tumbler | 1200 ml - Siyah,,1200ml,tumbler,kidsnjoy,1840.0,ok,https://kidsnjoystore.com/sipnjoy-tumbler-1200-ml-siyah-114,sipnjoy
2026-10-05 13:40,Sipnjoy,Tumbler,SipnJoy - Tumbler | 1200 ml - Bej,,1200ml,tumbler,kidsnjoy,1840.0,ok,https://kidsnjoystore.com/sipnjoy-tumbler-1200-ml-bej-115,sipnjoy
2026-10-05 13:40,Sipnjoy,Tumbler,SipnJoy - Tumbler | 1200 ml - Pembe,,1200ml,tumbler,kidsnjoy,1840.0,ok,https://kidsnjoystore.com/sipnjoy-tumbler-1200-ml-pembe-116,sipnjoy
2026-10-05 13:40,Sipnjoy,Mug,SipnJoy - Coffee Mug | 480 ml - Siyah,,480ml,mug,kidsnjoy,1080.0,ok,https://kidsnjoystore.com/sipnjoy-coffee-mug-480-ml-siyah-117,sipnjoy
2026-10-05 13:40,Sipnjoy,Mug,SipnJoy - Coffee Mug | 480 ml - Beyaz,,480ml,mug,kidsnjoy,1080.0,ok,https://kidsnjoystore.com/sipnjoy-coffee-mug-480-ml-beyaz-118,sipnjoy
2026-10-05 13:40,Sipnjoy,Mug,SipnJoy - Coffee Mug | 480 ml - Mavi,,480ml,mug,kidsnjoy,1080.0,ok,https://kidsnjoystore.com/sipnjoy-coffee-mug-480-ml-mavi-119,sipnjoy
2026-10-05 13:40,Sipnjoy,Termos,SipnJoy Siyah Çelik Su Termosu 750 ml,,750ml,termos,Trendyol,3900.0,ok,https://www.trendyol.com/sipnjoy/siyah-celik-su-termosu-750-ml-p-1029123450,SipnJoy
2026-10-05 13:40,Sipnjoy,Tumbler,SipnJoy - Tumbler | 1200 ml - Pembe,,1200ml,tumbler,Trendyol,1840.0,ok,https://www.trendyol.com/sipnjoy/tumbler-1200-ml-pembe-p-932905029,SipnJoy
2026-10-05 13:40,Sipnjoy,Mug,SipnJoy - Coffee Mug | 480 ml - Beyaz,,480ml,mug,Trendyol,1080.0,ok,https://www.trendyol.com/sipnjoy/coffee-mug-480-ml-beyaz-p-1159710022,SipnJoy
2026-10-05 13:40,Sipnjoy,Mug,SipnJoy - Coffee Mug | 480 ml - Mavi,,480ml,mug,Trendyol,1080.0,ok,https://www.trendyol.com/sipnjoy/coffee-mug-480-ml-mavi-p-1159710733,SipnJoy
2026-10-05 13:40,Sipnjoy,Tumbler,SipnJoy - Tumbler | 1200 ml - Siyah,,1200ml,tumbler,Trendyol,1840.0,ok,https://www.trendyol.com/sipnjoy/tumbler-1200-ml-siyah-p-932905030,SipnJoy
2026-10-05 13:40,Sipnjoy,Mug,SipnJoy - Coffee Mug | 480 ml - Siyah,,480ml,mug,Trendyol,1080.0,ok,https://www.trendyol.com/sipnjoy/coffee-mug-480-ml-siyah-p-1159710704,SipnJoy
2026-10-05 13:40,Sipnjoy,Tumbler,SipnJoy - Tumbler | 1200 ml - Bej,,1200ml,tumbler,Trendyol,1840.0,ok,https://www.trendyol.com/sipnjoy/tumbler-1200-ml-bej-p-932905055,SipnJoy
2026-10-05 13:40,Cool Bottles,The Tumbler,Cool Bottles The Tumbler Patch Zone Termos Bardak 330 ML,,330ml,tumbler,Trendyol,2960.0,ok,https://www.trendyol.com/cool-bottles/the-tumbler-patch-zone-termos-bardak-330-ml-p-1203918079,Mareas
2026-10-05 13:40,Cool Bottles,The Tumbler,Cool Bottles The Tumbler Sunshine Fiesta Termos Bardak 330 ML,,330ml,tumbler,Trendyol,2960.0,ok,https://www.trendyol.com/cool-bottles/the-tumbler-sunshine-fiesta-termos-bardak-330-ml-p-1047587276,Mareas
2026-10-05 13:40,Cool Bottles,The Tumbler,Cool Bottles The Tumbler René Termos Bardak 550 ML,,550ml,tumbler,Trendyol,3150.0,ok,https://www.trendyol.com/cool-bottles/the-tumbler-rene-termos-bardak-550-ml-p-1047571546,Mareas
2026-10-05 13:40,Cool Bottles,The Tumbler,Cool Bottles The Tumbler Mediterranean Termos Bardak 330 ML,,330ml,tumbler,Trendyol,2960.0,ok,https://www.trendyol.com/cool-bottles/the-tumbler-mediterranean-termos-bardak-330-ml-p-1047587701,Mareas
2026-10-05 13:40,Cool Bottles,The Tumbler,Cool Bottles The Tumbler Underwater Fun Termos Bardak 330 ML,,330ml,tumbler,Trendyol,2960.0,ok,https://www.trendyol.com/cool-bottles/the-tumbler-underwater-fun-termos-bardak-330-ml-p-1047585553,Mareas
2026-10-05 13:40,Cool Bottles,The Tumbler,Cool Bottles The Tumbler Sticker Fever 550 ml Termos Bardak,,550ml,tumbler,Trendyol,3150.0,ok,https://www.trendyol.com/cool-bottles/the-tumbler-sticker-fever-550-ml-termos-bardak-p-1203958872,Mareas
2026-10-05 13:40,Cool Bottles,The Tumbler,Genel Markalar The Tumbler Allegra Bardak Termos 330 ML,,330ml,tumbler,Trendyol,2960.0,ok,https://www.trendyol.com/genel-markalar/the-tumbler-allegra-bardak-termos-330-ml-p-1047572939,Mareas
2026-10-05 13:40,Cool Bottles,The Tumbler,Genel Markalar The Tumbler Good Vibes Termos Bardak 550 ML,,550ml,tumbler,Trendyol,3150.0,ok,https://www.trendyol.com/genel-markalar/the-tumbler-good-vibes-termos-bardak-550-ml-p-1047572916,Mareas
2026-10-05 13:40,Cool Bottles,The Tumbler,Cool Bottles The Tumbler Floral Madness Termos Bardak 550 ML,,550ml,tumbler,Trendyol,3150.0,ok,https://www.trendyol.com/cool-bottles/the-tumbler-floral-madness-termos-bardak-550-ml-p-1047572926,Mareas
2026-10-05 13:40,Cool Bottles,The Tumbler,Cool Bottles The Tumbler Urban Picnic Termos Bardak 330 ML,,330ml,tumbler,Trendyol,2960.0,ok,https://www.trendyol.com/cool-bottles/the-tumbler-urban-picnic-termos-bardak-330-ml-p-1203917116,Mareas
2026-10-05 13:40,Cool Bottles,The Tumbler,Cool Bottles The Tumbler Electric Garden Termos Bardak 330 ML,,330ml,tumbler,Trendyol,2960.0,ok,https://www.trendyol.com/cool-bottles/the-tumbler-electric-garden-termos-bardak-330-ml-p-1047572921,Mareas
2026-10-05 13:40,Cool Bottles,The Tumbler,Cool Bottles The Tumbler Pastel Green Termos Bardak 330 ML,,330ml,tumbler,Trendyol,2570.0,ok,https://www.trendyol.com/cool-bottles/the-tumbler-pastel-green-termos-bardak-330-ml-p-1047574267,Mareas
2026-10-05 13:40,Cool Bottles,The Tumbler,Genel Markalar The Tumbler Metallic Rose Termos Bardak 330 ML,,330ml,tumbler,Trendyol,2570.0,ok,https://www.trendyol.com/genel-markalar/the-tumbler-metallic-rose-termos-bardak-330-ml-p-1047569231,Mareas
2026-10-05 13:40,Cool Bottles,The Tumbler,Cool Bottles The Tumbler Vivid Red Termos Bardak 330 ML,,330ml,tumbler,Trendyol,2119.9,ok,https://www.trendyol.com/cool-bottles/the-tumbler-vivid-red-termos-bardak-330-ml-p-1047572922,Mareas
2026-10-05 13:40,Cool Bottles,The Tumbler,Cool Bottles The Tumbler Vivid Violet Termos Bardak 330 ML,,330ml,tumbler,Trendyol,2570.0,ok,https://www.trendyol.com/cool-bottles/the-tumbler-vivid-violet-termos-bardak-330-ml-p-1047639804,Mareas
2026-10-05 13:40,Cool Bottles,The Tumbler,Cool Bottles The Tumbler Metallic Rose Termos Bardak 550 ML,,550ml,tumbler,Trendyol,2800.0,ok,https://www.trendyol.com/cool-bottles/the-tumbler-metallic-rose-termos-bardak-550-ml-p-1047570265,Mareas
2026-10-05 13:40,Cool Bottles,The Tumbler,Cool Bottles The Tumbler Pastel Pink Termos Bardak 330 ML,,330ml,tumbler,Trendyol,2570.0,ok,https://www.trendyol.com/cool-bottles/the-tumbler-pastel-pink-termos-bardak-330-ml-p-1047572910,Mareas
2026-10-05 13:40,Cool Bottles,The Tumbler,Cool Bottles The Tumbler Vivid Blue Bardak Termos 330 ML,,330ml,tumbler,Trendyol,2570.0,ok,https://www.trendyol.com/cool-bottles/the-tumbler-vivid-blue-bardak-termos-330-ml-p-1047572904,Mareas
2026-10-05 22:50,Sipnjoy,Termos,SipnJoy - Su Termosu | 750 ml - Siyah,,750ml,termos,kidsnjoy,,stok_yok,https://kidsnjoystore.com/sipnjoy-su-termosu-750-ml-siyah-112,sipnjoy
2026-10-05 22:50,Sipnjoy,Termos,SipnJoy - Su Termosu | 750 ml - Pembe,,750ml,termos,kidsnjoy,,stok_yok,https://kidsnjoystore.com/sipnjoy-su-termosu-750-ml-pembe-113,sipnjoy
2026-10-05 22:50,Sipnjoy,Tumbler,SipnJoy - Tumbler | 1200 ml - Siyah,,1200ml,tumbler,kidsnjoy,1840.0,ok,https://kidsnjoystore.com/sipnjoy-tumbler-1200-ml-siyah-114,sipnjoy
2026-10-05 22:50,Sipnjoy,Tumbler,SipnJoy - Tumbler | 1200 ml - Bej,,1200ml,tumbler,kidsnjoy,1840.0,ok,https://kidsnjoystore.com/sipnjoy-tumbler-1200-ml-bej-115,sipnjoy
2026-10-05 22:50,Sipnjoy,Tumbler,SipnJoy - Tumbler | 1200 ml - Pembe,,1200ml,tumbler,kidsnjoy,1840.0,ok,https://kidsnjoystore.com/sipnjoy-tumbler-1200-ml-pembe-116,sipnjoy
2026-10-05 22:50,Sipnjoy,Mug,SipnJoy - Coffee Mug | 480 ml - Siyah,,480ml,mug,kidsnjoy,1080.0,ok,https://kidsnjoystore.com/sipnjoy-coffee-mug-480-ml-siyah-117,sipnjoy
2026-10-05 22:50,Sipnjoy,Mug,SipnJoy - Coffee Mug | 480 ml - Beyaz,,480ml,mug,kidsnjoy,1080.0,ok,https://kidsnjoystore.com/sipnjoy-coffee-mug-480-ml-beyaz-118,sipnjoy
2026-10-05 22:50,Sipnjoy,Mug,SipnJoy - Coffee Mug | 480 ml - Mavi,,480ml,mug,kidsnjoy,1080.0,ok,https://kidsnjoystore.com/sipnjoy-coffee-mug-480-ml-mavi-119,sipnjoy
2026-10-05 22:50,Sipnjoy,Termos,SipnJoy Siyah Çelik Su Termosu 750 ml,,750ml,termos,Trendyol,3900.0,ok,https://www.trendyol.com/sipnjoy/siyah-celik-su-termosu-750-ml-p-1029123450,SipnJoy
2026-10-05 22:50,Sipnjoy,Tumbler,SipnJoy - Tumbler | 1200 ml - Pembe,,1200ml,tumbler,Trendyol,1840.0,ok,https://www.trendyol.com/sipnjoy/tumbler-1200-ml-pembe-p-932905029,SipnJoy
2026-10-05 22:50,Sipnjoy,Tumbler,SipnJoy - Tumbler | 1200 ml - Bej,,1200ml,tumbler,Trendyol,1840.0,ok,https://www.trendyol.com/sipnjoy/tumbler-1200-ml-bej-p-932905055,SipnJoy
2026-10-05 22:50,Sipnjoy,Mug,SipnJoy - Coffee Mug | 480 ml - Beyaz,,480ml,mug,Trendyol,1080.0,ok,https://www.trendyol.com/sipnjoy/coffee-mug-480-ml-beyaz-p-1159710022,SipnJoy
2026-10-05 22:50,Sipnjoy,Mug,SipnJoy - Coffee Mug | 480 ml - Mavi,,480ml,mug,Trendyol,1080.0,ok,https://www.trendyol.com/sipnjoy/coffee-mug-480-ml-mavi-p-1159710733,SipnJoy
2026-10-05 22:50,Sipnjoy,Tumbler,SipnJoy - Tumbler | 1200 ml - Siyah,,1200ml,tumbler,Trendyol,1840.0,ok,https://www.trendyol.com/sipnjoy/tumbler-1200-ml-siyah-p-932905030,SipnJoy
2026-10-05 22:50,Sipnjoy,Mug,SipnJoy - Coffee Mug | 480 ml - Siyah,,480ml,mug,Trendyol,1080.0,ok,https://www.trendyol.com/sipnjoy/coffee-mug-480-ml-siyah-p-1159710704,SipnJoy
2026-10-05 22:50,Cool Bottles,The Tumbler,Cool Bottles The Tumbler Patch Zone Termos Bardak 330 ML,,330ml,tumbler,Trendyol,2960.0,ok,https://www.trendyol.com/cool-bottles/the-tumbler-patch-zone-termos-bardak-330-ml-p-1203918079,Mareas
2026-10-05 22:50,Cool Bottles,The Tumbler,Cool Bottles The Tumbler Sunshine Fiesta Termos Bardak 330 ML,,330ml,tumbler,Trendyol,2960.0,ok,https://www.trendyol.com/cool-bottles/the-tumbler-sunshine-fiesta-termos-bardak-330-ml-p-1047587276,Mareas
2026-10-05 22:50,Cool Bottles,The Tumbler,Cool Bottles The Tumbler Mediterranean Termos Bardak 330 ML,,330ml,tumbler,Trendyol,2960.0,ok,https://www.trendyol.com/cool-bottles/the-tumbler-mediterranean-termos-bardak-330-ml-p-1047587701,Mareas
2026-10-05 22:50,Cool Bottles,The Tumbler,Cool Bottles The Tumbler Underwater Fun Termos Bardak 330 ML,,330ml,tumbler,Trendyol,2960.0,ok,https://www.trendyol.com/cool-bottles/the-tumbler-underwater-fun-termos-bardak-330-ml-p-1047585553,Mareas
2026-10-05 22:50,Cool Bottles,The Tumbler,Cool Bottles The Tumbler Sticker Fever 550 ml Termos Bardak,,550ml,tumbler,Trendyol,3150.0,ok,https://www.trendyol.com/cool-bottles/the-tumbler-sticker-fever-550-ml-termos-bardak-p-1203958872,Mareas
2026-10-05 22:50,Cool Bottles,The Tumbler,Cool Bottles The Tumbler René Termos Bardak 550 ML,,550ml,tumbler,Trendyol,3150.0,ok,https://www.trendyol.com/cool-bottles/the-tumbler-rene-termos-bardak-550-ml-p-1047571546,Mareas
2026-10-05 22:50,Cool Bottles,The Tumbler,Genel Markalar The Tumbler Good Vibes Termos Bardak 550 ML,,550ml,tumbler,Trendyol,3150.0,ok,https://www.trendyol.com/genel-markalar/the-tumbler-good-vibes-termos-bardak-550-ml-p-1047572916,Mareas
2026-10-05 22:50,Cool Bottles,The Tumbler,Cool Bottles The Tumbler Floral Madness Termos Bardak 550 ML,,550ml,tumbler,Trendyol,3150.0,ok,https://www.trendyol.com/cool-bottles/the-tumbler-floral-madness-termos-bardak-550-ml-p-1047572926,Mareas
2026-10-05 22:50,Cool Bottles,The Tumbler,Cool Bottles The Tumbler Electric Garden Termos Bardak 330 ML,,330ml,tumbler,Trendyol,2960.0,ok,https://www.trendyol.com/cool-bottles/the-tumbler-electric-garden-termos-bardak-330-ml-p-1047572921,Mareas
2026-10-05 22:50,Cool Bottles,The Tumbler,Genel Markalar The Tumbler Allegra Bardak Termos 330 ML,,330ml,tumbler,Trendyol,2960.0,ok,https://www.trendyol.com/genel-markalar/the-tumbler-allegra-bardak-termos-330-ml-p-1047572939,Mareas
2026-10-05 22:50,Cool Bottles,The Tumbler,Cool Bottles The Tumbler Vivid Red Termos Bardak 330 ML,,330ml,tumbler,Trendyol,2119.9,ok,https://www.trendyol.com/cool-bottles/the-tumbler-vivid-red-termos-bardak-330-ml-p-1047572922,Mareas
2026-10-05 22:50,Cool Bottles,The Tumbler,Cool Bottles The Tumbler Pastel Green Termos Bardak 330 ML,,330ml,tumbler,Trendyol,2570.0,ok,https://www.trendyol.com/cool-bottles/the-tumbler-pastel-green-termos-bardak-330-ml-p-1047574267,Mareas
2026-10-05 22:50,Cool Bottles,The Tumbler,Genel Markalar The Tumbler Metallic Rose Termos Bardak 330 ML,,330ml,tumbler,Trendyol,2570.0,ok,https://www.trendyol.com/genel-markalar/the-tumbler-metallic-rose-termos-bardak-330-ml-p-1047569231,Mareas
2026-10-05 22:50,Cool Bottles,The Tumbler,Cool Bottles The Tumbler Pastel Pink Termos Bardak 330 ML,,330ml,tumbler,Trendyol,2570.0,ok,https://www.trendyol.com/cool-bottles/the-tumbler-pastel-pink-termos-bardak-330-ml-p-1047572910,Mareas
2026-10-05 22:50,Cool Bottles,The Tumbler,Cool Bottles The Tumbler Urban Picnic Termos Bardak 330 ML,,330ml,tumbler,Trendyol,2960.0,ok,https://www.trendyol.com/cool-bottles/the-tumbler-urban-picnic-termos-bardak-330-ml-p-1203917116,Mareas
2026-10-05 22:50,Cool Bottles,The Tumbler,Cool Bottles The Tumbler Vivid Violet Termos Bardak 330 ML,,330ml,tumbler,Trendyol,2570.0,ok,https://www.trendyol.com/cool-bottles/the-tumbler-vivid-violet-termos-bardak-330-ml-p-1047639804,Mareas
2026-10-05 22:50,Cool Bottles,The Tumbler,Cool Bottles The Tumbler Metallic Rose Termos Bardak 550 ML,,550ml,tumbler,Trendyol,2800.0,ok,https://www.trendyol.com/cool-bottles/the-tumbler-metallic-rose-termos-bardak-550-ml-p-1047570265,Mareas
2026-10-05 22:50,Cool Bottles,The Tumbler,Cool Bottles The Tumbler Vivid Blue Bardak Termos 330 ML,,330ml,tumbler,Trendyol,2570.0,ok,https://www.trendyol.com/cool-bottles/the-tumbler-vivid-blue-bardak-termos-330-ml-p-1047572904,Mareas
2026-10-06 04:20,Sipnjoy,Termos,SipnJoy - Su Termosu | 750 ml - Siyah,,750ml,termos,kidsnjoy,,stok_yok,https://kidsnjoystore.com/sipnjoy-su-termosu-750-ml-siyah-112,sipnjoy
2026-10-06 04:20,Sipnjoy,Termos,SipnJoy - Su Termosu | 750 ml - Pembe,,750ml,termos,kidsnjoy,,stok_yok,https://kidsnjoystore.com/sipnjoy-su-termosu-750-ml-pembe-113,sipnjoy
2026-10-06 04:20,Sipnjoy,Tumbler,SipnJoy - Tumbler | 1200 ml - Siyah,,1200ml,tumbler,kidsnjoy,1840.0,ok,https://kidsnjoystore.com/sipnjoy-tumbler-1200-ml-siyah-114,sipnjoy
2026-10-06 04:20,Sipnjoy,Tumbler,SipnJoy - Tumbler | 1200 ml - Bej,,1200ml,tumbler,kidsnjoy,1840.0,ok,https://kidsnjoystore.com/sipnjoy-tumbler-1200-ml-bej-115,sipnjoy
2026-10-06 04:20,Sipnjoy,Tumbler,SipnJoy - Tumbler | 1200 ml - Pembe,,1200ml,tumbler,kidsnjoy,1840.0,ok,https://kidsnjoystore.com/sipnjoy-tumbler-1200-ml-pembe-116,sipnjoy
2026-10-06 04:20,Sipnjoy,Mug,SipnJoy - Coffee Mug | 480 ml - Siyah,,480ml,mug,kidsnjoy,1080.0,ok,https://kidsnjoystore.com/sipnjoy-coffee-mug-480-ml-siyah-117,sipnjoy
2026-10-06 04:20,Sipnjoy,Mug,SipnJoy - Coffee Mug | 480 ml - Beyaz,,480ml,mug,kidsnjoy,1080.0,ok,https://kidsnjoystore.com/sipnjoy-coffee-mug-480-ml-beyaz-118,sipnjoy
2026-10-06 04:20,Sipnjoy,Mug,SipnJoy - Coffee Mug | 480 ml - Mavi,,480ml,mug,kidsnjoy,1080.0,ok,https://kidsnjoystore.com/sipnjoy-coffee-mug-480-ml-mavi-119,sipnjoy
2026-10-06 04:20,Sipnjoy,Termos,SipnJoy Siyah Çelik Su Termosu 750 ml,,750ml,termos,Trendyol,3900.0,ok,https://www.trendyol.com/sipnjoy/siyah-celik-su-termosu-750-ml-p-1029123450,SipnJoy
2026-10-06 04:20,Sipnjoy,Tumbler,SipnJoy - Tumbler | 1200 ml - Pembe,,1200ml,tumbler,Trendyol,1840.0,ok,https://www.trendyol.com/sipnjoy/tumbler-1200-ml-pembe-p-932905029,SipnJoy
2026-10-06 04:20,Sipnjoy,Mug,SipnJoy - Coffee Mug | 480 ml - Beyaz,,480ml,mug,Trendyol,1080.0,ok,https://www.trendyol.com/sipnjoy/coffee-mug-480-ml-beyaz-p-1159710022,SipnJoy
2026-10-06 04:20,Sipnjoy,Mug,SipnJoy - Coffee Mug | 480 ml - Mavi,,480ml,mug,Trendyol,1080.0,ok,https://www.trendyol.com/sipnjoy/coffee-mug-480-ml-mavi-p-1159710733,SipnJoy
2026-10-06 04:20,Sipnjoy,Tumbler,SipnJoy - Tumbler | 1200 ml - Bej,,1200ml,tumbler,Trendyol,1840.0,ok,https://www.trendyol.com/sipnjoy/tumbler-1200-ml-bej-p-932905055,SipnJoy
2026-10-06 04:20,Sipnjoy,Mug,SipnJoy - Coffee Mug | 480 ml - Siyah,,480ml,mug,Trendyol,1080.0,ok,https://www.trendyol.com/sipnjoy/coffee-mug-480-ml-siyah-p-1159710704,SipnJoy
2026-10-06 04:20,Sipnjoy,Tumbler,SipnJoy - Tumbler | 1200 ml - Siyah,,1200ml,tumbler,Trendyol,1840.0,ok,https://www.trendyol.com/sipnjoy/tumbler-1200-ml-siyah-p-932905030,SipnJoy
2026-10-06 04:20,Cool Bottles,The Tumbler,Cool Bottles The Tumbler Patch Zone Termos Bardak 330 ML,,330ml,tumbler,Trendyol,2960.0,ok,https://www.trendyol.com/cool-bottles/the-tumbler-patch-zone-termos-bardak-330-ml-p-1203918079,Mareas
2026-10-06 04:20,Cool Bottles,The Tumbler,Cool Bottles The Tumbler Mediterranean Termos Bardak 330 ML,,330ml,tumbler,Trendyol,2960.0,ok,https://www.trendyol.com/cool-bottles/the-tumbler-mediterranean-termos-bardak-330-ml-p-1047587701,Mareas
2026-10-06 04:20,Cool Bottles,The Tumbler,Cool Bottles The Tumbler Sunshine Fiesta Termos Bardak 330 ML,,330ml,tumbler,Trendyol,2960.0,ok,https://www.trendyol.com/cool-bottles/the-tumbler-sunshine-fiesta-termos-bardak-330-ml-p-1047587276,Mareas
2026-10-06 04:20,Cool Bottles,The Tumbler,Cool Bottles The Tumbler Underwater Fun Termos Bardak 330 ML,,330ml,tumbler,Trendyol,2960.0,ok,https://www.trendyol.com/cool-bottles/the-tumbler-underwater-fun-termos-bardak-330-ml-p-1047585553,Mareas
2026-10-06 04:20,Cool Bottles,The Tumbler,Cool Bottles The Tumbler Sticker Fever 550 ml Termos Bardak,,550ml,tumbler,Trendyol,3150.0,ok,https://www.trendyol.com/cool-bottles/the-tumbler-sticker-fever-550-ml-termos-bardak-p-1203958872,Mareas
2026-10-06 04:20,Cool Bottles,The Tumbler,Cool Bottles The Tumbler René Termos Bardak 550 ML,,550ml,tumbler,Trendyol,3150.0,ok,https://www.trendyol.com/cool-bottles/the-tumbler-rene-termos-bardak-550-ml-p-1047571546,Mareas
2026-10-06 04:20,Cool Bottles,The Tumbler,Genel Markalar The Tumbler Good Vibes Termos Bardak 550 ML,,550ml,tumbler,Trendyol,3150.0,ok,https://www.trendyol.com/genel-markalar/the-tumbler-good-vibes-termos-bardak-550-ml-p-1047572916,Mareas
2026-10-06 04:20,Cool Bottles,The Tumbler,Genel Markalar The Tumbler Allegra Bardak Termos 330 ML,,330ml,tumbler,Trendyol,2960.0,ok,https://www.trendyol.com/genel-markalar/the-tumbler-allegra-bardak-termos-330-ml-p-1047572939,Mareas
2026-10-06 04:20,Cool Bottles,The Tumbler,Cool Bottles The Tumbler Electric Garden Termos Bardak 330 ML,,330ml,tumbler,Trendyol,2960.0,ok,https://www.trendyol.com/cool-bottles/the-tumbler-electric-garden-termos-bardak-330-ml-p-1047572921,Mareas
2026-10-06 04:20,Cool Bottles,The Tumbler,Cool Bottles The Tumbler Floral Madness Termos Bardak 550 ML,,550ml,tumbler,Trendyol,3150.0,ok,https://www.trendyol.com/cool-bottles/the-tumbler-floral-madness-termos-bardak-550-ml-p-1047572926,Mareas
2026-10-06 04:20,Cool Bottles,The Tumbler,Cool Bottles The Tumbler Pastel Green Termos Bardak 330 ML,,330ml,tumbler,Trendyol,2570.0,ok,https://www.trendyol.com/cool-bottles/the-tumbler-pastel-green-termos-bardak-330-ml-p-1047574267,Mareas
2026-10-06 04:20,Cool Bottles,The Tumbler,Cool Bottles The Tumbler Vivid Red Termos Bardak 330 ML,,330ml,tumbler,Trendyol,2119.9,ok,https://www.trendyol.com/cool-bottles/the-tumbler-vivid-red-termos-bardak-330-ml-p-1047572922,Mareas
2026-10-06 04:20,Cool Bottles,The Tumbler,Genel Markalar The Tumbler Metallic Rose Termos Bardak 330 ML,,330ml,tumbler,Trendyol,2570.0,ok,https://www.trendyol.com/genel-markalar/the-tumbler-metallic-rose-termos-bardak-330-ml-p-1047569231,Mareas
2026-10-06 04:20,Cool Bottles,The Tumbler,Cool Bottles The Tumbler Urban Picnic Termos Bardak 330 ML,,330ml,tumbler,Trendyol,2960.0,ok,https://www.trendyol.com/cool-bottles/the-tumbler-urban-picnic-termos-bardak-330-ml-p-1203917116,Mareas
2026-10-06 04:20,Cool Bottles,The Tumbler,Cool Bottles The Tumbler Pastel Pink Termos Bardak 330 ML,,330ml,tumbler,Trendyol,2570.0,ok,https://www.trendyol.com/cool-bottles/the-tumbler-pastel-pink-termos-bardak-330-ml-p-1047572910,Mareas
2026-10-06 04:20,Cool Bottles,The Tumbler,Cool Bottles The Tumbler Vivid Violet Termos Bardak 330 ML,,330ml,tumbler,Trendyol,2570.0,ok,https://www.trendyol.com/cool-bottles/the-tumbler-vivid-violet-termos-bardak-330-ml-p-1047639804,Mareas
2026-10-06 04:20,Cool Bottles,The Tumbler,Cool Bottles The Tumbler Vivid Blue Bardak Termos 330 ML,,330ml,tumbler,Trendyol,2570.0,ok,https://www.trendyol.com/cool-bottles/the-tumbler-vivid-blue-bardak-termos-330-ml-p-1047572904,Mareas
2026-10-06 04:20,Cool Bottles,The Tumbler,Cool Bottles The Tumbler Metallic Rose Termos Bardak 550 ML,,550ml,tumbler,Trendyol,2800.0,ok,https://www.trendyol.com/cool-bottles/the-tumbler-metallic-rose-termos-bardak-550-ml-p-1047570265,Mareas
2026-10-06 13:33,Sipnjoy,Termos,SipnJoy - Su Termosu | 750 ml - Siyah,,750ml,termos,kidsnjoy,,stok_yok,https://kidsnjoystore.com/sipnjoy-su-termosu-750-ml-siyah-112,sipnjoy
2026-10-06 13:33,Sipnjoy,Termos,SipnJoy - Su Termosu | 750 ml - Pembe,,750ml,termos,kidsnjoy,,stok_yok,https://kidsnjoystore.com/sipnjoy-su-termosu-750-ml-pembe-113,sipnjoy
2026-10-06 13:33,Sipnjoy,Tumbler,SipnJoy - Tumbler | 1200 ml - Siyah,,1200ml,tumbler,kidsnjoy,1840.0,ok,https://kidsnjoystore.com/sipnjoy-tumbler-1200-ml-siyah-114,sipnjoy
2026-10-06 13:33,Sipnjoy,Tumbler,SipnJoy - Tumbler | 1200 ml - Bej,,1200ml,tumbler,kidsnjoy,1840.0,ok,https://kidsnjoystore.com/sipnjoy-tumbler-1200-ml-bej-115,sipnjoy
2026-10-06 13:33,Sipnjoy,Tumbler,SipnJoy - Tumbler | 1200 ml - Pembe,,1200ml,tumbler,kidsnjoy,1840.0,ok,https://kidsnjoystore.com/sipnjoy-tumbler-1200-ml-pembe-116,sipnjoy
2026-10-06 13:33,Sipnjoy,Mug,SipnJoy - Coffee Mug | 480 ml - Siyah,,480ml,mug,kidsnjoy,1080.0,ok,https://kidsnjoystore.com/sipnjoy-coffee-mug-480-ml-siyah-117,sipnjoy
2026-10-06 13:33,Sipnjoy,Mug,SipnJoy - Coffee Mug | 480 ml - Beyaz,,480ml,mug,kidsnjoy,1080.0,ok,https://kidsnjoystore.com/sipnjoy-coffee-mug-480-ml-beyaz-118,sipnjoy
2026-10-06 13:33,Sipnjoy,Mug,SipnJoy - Coffee Mug | 480 ml - Mavi,,480ml,mug,kidsnjoy,1080.0,ok,https://kidsnjoystore.com/sipnjoy-coffee-mug-480-ml-mavi-119,sipnjoy
2026-10-06 13:33,Sipnjoy,Termos,SipnJoy Siyah Çelik Su Termosu 750 ml,,750ml,termos,Trendyol,3900.0,ok,https://www.trendyol.com/sipnjoy/siyah-celik-su-termosu-750-ml-p-1029123450,SipnJoy
2026-10-06 13:33,Sipnjoy,Tumbler,SipnJoy - Tumbler | 1200 ml - Pembe,,1200ml,tumbler,Trendyol,1840.0,ok,https://www.trendyol.com/sipnjoy/tumbler-1200-ml-pembe-p-932905029,SipnJoy
2026-10-06 13:33,Sipnjoy,Mug,SipnJoy - Coffee Mug | 480 ml - Beyaz,,480ml,mug,Trendyol,1080.0,ok,https://www.trendyol.com/sipnjoy/coffee-mug-480-ml-beyaz-p-1159710022,SipnJoy
2026-10-06 13:33,Sipnjoy,Tumbler,SipnJoy - Tumbler | 1200 ml - Bej,,1200ml,tumbler,Trendyol,1840.0,ok,https://www.trendyol.com/sipnjoy/tumbler-1200-ml-bej-p-932905055,SipnJoy
2026-10-06 13:33,Sipnjoy,Mug,SipnJoy - Coffee Mug | 480 ml - Mavi,,480ml,mug,Trendyol,1080.0,ok,https://www.trendyol.com/sipnjoy/coffee-mug-480-ml-mavi-p-1159710733,SipnJoy
2026-10-06 13:33,Sipnjoy,Tumbler,SipnJoy - Tumbler | 1200 ml - Siyah,,1200ml,tumbler,Trendyol,1840.0,ok,https://www.trendyol.com/sipnjoy/tumbler-1200-ml-siyah-p-932905030,SipnJoy
2026-10-06 13:33,Sipnjoy,Mug,SipnJoy - Coffee Mug | 480 ml - Siyah,,480ml,mug,Trendyol,1080.0,ok,https://www.trendyol.com/sipnjoy/coffee-mug-480-ml-siyah-p-1159710704,SipnJoy
2026-10-06 13:33,Cool Bottles,The Tumbler,Cool Bottles The Tumbler Patch Zone Termos Bardak 330 ML,,330ml,tumbler,Trendyol,2960.0,ok,https://www.trendyol.com/cool-bottles/the-tumbler-patch-zone-termos-bardak-330-ml-p-1203918079,Mareas
2026-10-06 13:33,Cool Bottles,The Tumbler,Cool Bottles The Tumbler Sunshine Fiesta Termos Bardak 330 ML,,330ml,tumbler,Trendyol,2960.0,ok,https://www.trendyol.com/cool-bottles/the-tumbler-sunshine-fiesta-termos-bardak-330-ml-p-1047587276,Mareas
2026-10-06 13:33,Cool Bottles,The Tumbler,Cool Bottles The Tumbler Underwater Fun Termos Bardak 330 ML,,330ml,tumbler,Trendyol,2960.0,ok,https://www.trendyol.com/cool-bottles/the-tumbler-underwater-fun-termos-bardak-330-ml-p-1047585553,Mareas
2026-10-06 13:33,Cool Bottles,The Tumbler,Cool Bottles The Tumbler Mediterranean Termos Bardak 330 ML,,330ml,tumbler,Trendyol,2960.0,ok,https://www.trendyol.com/cool-bottles/the-tumbler-mediterranean-termos-bardak-330-ml-p-1047587701,Mareas
2026-10-06 13:33,Cool Bottles,The Tumbler,Cool Bottles The Tumbler Sticker Fever 550 ml Termos Bardak,,550ml,tumbler,Trendyol,3150.0,ok,https://www.trendyol.com/cool-bottles/the-tumbler-sticker-fever-550-ml-termos-bardak-p-1203958872,Mareas
2026-10-06 13:33,Cool Bottles,The Tumbler,Cool Bottles The Tumbler René Termos Bardak 550 ML,,550ml,tumbler,Trendyol,3150.0,ok,https://www.trendyol.com/cool-bottles/the-tumbler-rene-termos-bardak-550-ml-p-1047571546,Mareas
2026-10-06 13:33,Cool Bottles,The Tumbler,Genel Markalar The Tumbler Good Vibes Termos Bardak 550 ML,,550ml,tumbler,Trendyol,3150.0,ok,https://www.trendyol.com/genel-markalar/the-tumbler-good-vibes-termos-bardak-550-ml-p-1047572916,Mareas
2026-10-06 13:33,Cool Bottles,The Tumbler,Cool Bottles The Tumbler Electric Garden Termos Bardak 330 ML,,330ml,tumbler,Trendyol,2960.0,ok,https://www.trendyol.com/cool-bottles/the-tumbler-electric-garden-termos-bardak-330-ml-p-1047572921,Mareas
2026-10-06 13:33,Cool Bottles,The Tumbler,Genel Markalar The Tumbler Allegra Bardak Termos 330 ML,,330ml,tumbler,Trendyol,2960.0,ok,https://www.trendyol.com/genel-markalar/the-tumbler-allegra-bardak-termos-330-ml-p-1047572939,Mareas
2026-10-06 13:33,Cool Bottles,The Tumbler,Cool Bottles The Tumbler Floral Madness Termos Bardak 550 ML,,550ml,tumbler,Trendyol,3150.0,ok,https://www.trendyol.com/cool-bottles/the-tumbler-floral-madness-termos-bardak-550-ml-p-1047572926,Mareas
2026-10-06 13:33,Cool Bottles,The Tumbler,Cool Bottles The Tumbler Pastel Green Termos Bardak 330 ML,,330ml,tumbler,Trendyol,2570.0,ok,https://www.trendyol.com/cool-bottles/the-tumbler-pastel-green-termos-bardak-330-ml-p-1047574267,Mareas
2026-10-06 13:33,Cool Bottles,The Tumbler,Cool Bottles The Tumbler Pastel Pink Termos Bardak 330 ML,,330ml,tumbler,Trendyol,2570.0,ok,https://www.trendyol.com/cool-bottles/the-tumbler-pastel-pink-termos-bardak-330-ml-p-1047572910,Mareas
2026-10-06 13:33,Cool Bottles,The Tumbler,Cool Bottles The Tumbler Vivid Red Termos Bardak 330 ML,,330ml,tumbler,Trendyol,2119.9,ok,https://www.trendyol.com/cool-bottles/the-tumbler-vivid-red-termos-bardak-330-ml-p-1047572922,Mareas
2026-10-06 13:33,Cool Bottles,The Tumbler,Cool Bottles The Tumbler Vivid Violet Termos Bardak 330 ML,,330ml,tumbler,Trendyol,2570.0,ok,https://www.trendyol.com/cool-bottles/the-tumbler-vivid-violet-termos-bardak-330-ml-p-1047639804,Mareas
2026-10-06 13:33,Cool Bottles,The Tumbler,Cool Bottles The Tumbler Urban Picnic Termos Bardak 330 ML,,330ml,tumbler,Trendyol,2960.0,ok,https://www.trendyol.com/cool-bottles/the-tumbler-urban-picnic-termos-bardak-330-ml-p-1203917116,Mareas
2026-10-06 13:33,Cool Bottles,The Tumbler,Genel Markalar The Tumbler Metallic Rose Termos Bardak 330 ML,,330ml,tumbler,Trendyol,2570.0,ok,https://www.trendyol.com/genel-markalar/the-tumbler-metallic-rose-termos-bardak-330-ml-p-1047569231,Mareas
2026-10-06 13:33,Cool Bottles,The Tumbler,Cool Bottles The Tumbler Vivid Blue Bardak Termos 330 ML,,330ml,tumbler,Trendyol,2570.0,ok,https://www.trendyol.com/cool-bottles/the-tumbler-vivid-blue-bardak-termos-330-ml-p-1047572904,Mareas
2026-10-06 13:33,Cool Bottles,The Tumbler,Cool Bottles The Tumbler Metallic Rose Termos Bardak 550 ML,,550ml,tumbler,Trendyol,2800.0,ok,https://www.trendyol.com/cool-bottles/the-tumbler-metallic-rose-termos-bardak-550-ml-p-1047570265,Mareas
2026-10-06 20:19,Sipnjoy,Termos,SipnJoy - Su Termosu | 750 ml - Siyah,,750ml,termos,kidsnjoy,,stok_yok,https://kidsnjoystore.com/sipnjoy-su-termosu-750-ml-siyah-112,sipnjoy
2026-10-06 20:19,Sipnjoy,Termos,SipnJoy - Su Termosu | 750 ml - Pembe,,750ml,termos,kidsnjoy,,stok_yok,https://kidsnjoystore.com/sipnjoy-su-termosu-750-ml-pembe-113,sipnjoy
2026-10-06 20:19,Sipnjoy,Tumbler,SipnJoy - Tumbler | 1200 ml - Siyah,,1200ml,tumbler,kidsnjoy,1840.0,ok,https://kidsnjoystore.com/sipnjoy-tumbler-1200-ml-siyah-114,sipnjoy
2026-10-06 20:19,Sipnjoy,Tumbler,SipnJoy - Tumbler | 1200 ml - Bej,,1200ml,tumbler,kidsnjoy,1840.0,ok,https://kidsnjoystore.com/sipnjoy-tumbler-1200-ml-bej-115,sipnjoy
2026-10-06 20:19,Sipnjoy,Tumbler,SipnJoy - Tumbler | 1200 ml - Pembe,,1200ml,tumbler,kidsnjoy,1840.0,ok,https://kidsnjoystore.com/sipnjoy-tumbler-1200-ml-pembe-116,sipnjoy
2026-10-06 20:19,Sipnjoy,Mug,SipnJoy - Coffee Mug | 480 ml - Siyah,,480ml,mug,kidsnjoy,1080.0,ok,https://kidsnjoystore.com/sipnjoy-coffee-mug-480-ml-siyah-117,sipnjoy
2026-10-06 20:19,Sipnjoy,Mug,SipnJoy - Coffee Mug | 480 ml - Beyaz,,480ml,mug,kidsnjoy,1080.0,ok,https://kidsnjoystore.com/sipnjoy-coffee-mug-480-ml-beyaz-118,sipnjoy
2026-10-06 20:19,Sipnjoy,Mug,SipnJoy - Coffee Mug | 480 ml - Mavi,,480ml,mug,kidsnjoy,1080.0,ok,https://kidsnjoystore.com/sipnjoy-coffee-mug-480-ml-mavi-119,sipnjoy
2026-10-06 20:19,Sipnjoy,Termos,SipnJoy Siyah Çelik Su Termosu 750 ml,,750ml,termos,Trendyol,3900.0,ok,https://www.trendyol.com/sipnjoy/siyah-celik-su-termosu-750-ml-p-1029123450,SipnJoy
2026-10-06 20:19,Sipnjoy,Tumbler,SipnJoy - Tumbler | 1200 ml - Pembe,,1200ml,tumbler,Trendyol,1840.0,ok,https://www.trendyol.com/sipnjoy/tumbler-1200-ml-pembe-p-932905029,SipnJoy
2026-10-06 20:19,Sipnjoy,Tumbler,SipnJoy - Tumbler | 1200 ml - Siyah,,1200ml,tumbler,Trendyol,1840.0,ok,https://www.trendyol.com/sipnjoy/tumbler-1200-ml-siyah-p-932905030,SipnJoy
2026-10-06 20:19,Sipnjoy,Mug,SipnJoy - Coffee Mug | 480 ml - Mavi,,480ml,mug,Trendyol,1080.0,ok,https://www.trendyol.com/sipnjoy/coffee-mug-480-ml-mavi-p-1159710733,SipnJoy
2026-10-06 20:19,Sipnjoy,Mug,SipnJoy - Coffee Mug | 480 ml - Beyaz,,480ml,mug,Trendyol,1080.0,ok,https://www.trendyol.com/sipnjoy/coffee-mug-480-ml-beyaz-p-1159710022,SipnJoy
2026-10-06 20:19,Sipnjoy,Mug,SipnJoy - Coffee Mug | 480 ml - Siyah,,480ml,mug,Trendyol,1080.0,ok,https://www.trendyol.com/sipnjoy/coffee-mug-480-ml-siyah-p-1159710704,SipnJoy
2026-10-06 20:19,Sipnjoy,Tumbler,SipnJoy - Tumbler | 1200 ml - Bej,,1200ml,tumbler,Trendyol,1840.0,ok,https://www.trendyol.com/sipnjoy/tumbler-1200-ml-bej-p-932905055,SipnJoy
2026-10-07 00:44,Sipnjoy,Termos,SipnJoy - Su Termosu | 750 ml - Siyah,,750ml,termos,kidsnjoy,,stok_yok,https://kidsnjoystore.com/sipnjoy-su-termosu-750-ml-siyah-112,sipnjoy
2026-10-07 00:44,Sipnjoy,Termos,SipnJoy - Su Termosu | 750 ml - Pembe,,750ml,termos,kidsnjoy,,stok_yok,https://kidsnjoystore.com/sipnjoy-su-termosu-750-ml-pembe-113,sipnjoy
2026-10-07 00:44,Sipnjoy,Tumbler,SipnJoy - Tumbler | 1200 ml - Siyah,,1200ml,tumbler,kidsnjoy,1840.0,ok,https://kidsnjoystore.com/sipnjoy-tumbler-1200-ml-siyah-114,sipnjoy
2026-10-07 00:44,Sipnjoy,Tumbler,SipnJoy - Tumbler | 1200 ml - Bej,,1200ml,tumbler,kidsnjoy,1840.0,ok,https://kidsnjoystore.com/sipnjoy-tumbler-1200-ml-bej-115,sipnjoy
2026-10-07 00:44,Sipnjoy,Tumbler,SipnJoy - Tumbler | 1200 ml - Pembe,,1200ml,tumbler,kidsnjoy,1840.0,ok,https://kidsnjoystore.com/sipnjoy-tumbler-1200-ml-pembe-116,sipnjoy
2026-10-07 00:44,Sipnjoy,Mug,SipnJoy - Coffee Mug | 480 ml - Siyah,,480ml,mug,kidsnjoy,1080.0,ok,https://kidsnjoystore.com/sipnjoy-coffee-mug-480-ml-siyah-117,sipnjoy
2026-10-07 00:44,Sipnjoy,Mug,SipnJoy - Coffee Mug | 480 ml - Beyaz,,480ml,mug,kidsnjoy,1080.0,ok,https://kidsnjoystore.com/sipnjoy-coffee-mug-480-ml-beyaz-118,sipnjoy
2026-10-07 00:44,Sipnjoy,Mug,SipnJoy - Coffee Mug | 480 ml - Mavi,,480ml,mug,kidsnjoy,1080.0,ok,https://kidsnjoystore.com/sipnjoy-coffee-mug-480-ml-mavi-119,sipnjoy
2026-10-07 00:44,Sipnjoy,Termos,SipnJoy Siyah Çelik Su Termosu 750 ml,,750ml,termos,Trendyol,3900.0,ok,https://www.trendyol.com/sipnjoy/siyah-celik-su-termosu-750-ml-p-1029123450,SipnJoy
2026-10-07 00:44,Sipnjoy,Tumbler,SipnJoy - Tumbler | 1200 ml - Pembe,,1200ml,tumbler,Trendyol,1840.0,ok,https://www.trendyol.com/sipnjoy/tumbler-1200-ml-pembe-p-932905029,SipnJoy
2026-10-07 00:44,Sipnjoy,Mug,SipnJoy - Coffee Mug | 480 ml - Beyaz,,480ml,mug,Trendyol,1080.0,ok,https://www.trendyol.com/sipnjoy/coffee-mug-480-ml-beyaz-p-1159710022,SipnJoy
2026-10-07 00:44,Sipnjoy,Tumbler,SipnJoy - Tumbler | 1200 ml - Siyah,,1200ml,tumbler,Trendyol,1840.0,ok,https://www.trendyol.com/sipnjoy/tumbler-1200-ml-siyah-p-932905030,SipnJoy
2026-10-07 00:44,Sipnjoy,Mug,SipnJoy - Coffee Mug | 480 ml - Mavi,,480ml,mug,Trendyol,1080.0,ok,https://www.trendyol.com/sipnjoy/coffee-mug-480-ml-mavi-p-1159710733,SipnJoy
2026-10-07 00:44,Sipnjoy,Mug,SipnJoy - Coffee Mug | 480 ml - Siyah,,480ml,mug,Trendyol,1080.0,ok,https://www.trendyol.com/sipnjoy/coffee-mug-480-ml-siyah-p-1159710704,SipnJoy
2026-10-07 00:44,Sipnjoy,Tumbler,SipnJoy - Tumbler | 1200 ml - Bej,,1200ml,tumbler,Trendyol,1840.0,ok,https://www.trendyol.com/sipnjoy/tumbler-1200-ml-bej-p-932905055,SipnJoy
2026-10-07 13:25,Sipnjoy,Termos,SipnJoy - Su Termosu | 750 ml - Siyah,,750ml,termos,kidsnjoy,,stok_yok,https://kidsnjoystore.com/sipnjoy-su-termosu-750-ml-siyah-112,sipnjoy
2026-10-07 13:25,Sipnjoy,Termos,SipnJoy - Su Termosu | 750 ml - Pembe,,750ml,termos,kidsnjoy,,stok_yok,https://kidsnjoystore.com/sipnjoy-su-termosu-750-ml-pembe-113,sipnjoy
2026-10-07 13:25,Sipnjoy,Tumbler,SipnJoy - Tumbler | 1200 ml - Siyah,,1200ml,tumbler,kidsnjoy,1840.0,ok,https://kidsnjoystore.com/sipnjoy-tumbler-1200-ml-siyah-114,sipnjoy
2026-10-07 13:25,Sipnjoy,Tumbler,SipnJoy - Tumbler | 1200 ml - Bej,,1200ml,tumbler,kidsnjoy,1840.0,ok,https://kidsnjoystore.com/sipnjoy-tumbler-1200-ml-bej-115,sipnjoy
2026-10-07 13:25,Sipnjoy,Tumbler,SipnJoy - Tumbler | 1200 ml - Pembe,,1200ml,tumbler,kidsnjoy,1840.0,ok,https://kidsnjoystore.com/sipnjoy-tumbler-1200-ml-pembe-116,sipnjoy
2026-10-07 13:25,Sipnjoy,Mug,SipnJoy - Coffee Mug | 480 ml - Siyah,,480ml,mug,kidsnjoy,1080.0,ok,https://kidsnjoystore.com/sipnjoy-coffee-mug-480-ml-siyah-117,sipnjoy
2026-10-07 13:25,Sipnjoy,Mug,SipnJoy - Coffee Mug | 480 ml - Beyaz,,480ml,mug,kidsnjoy,1080.0,ok,https://kidsnjoystore.com/sipnjoy-coffee-mug-480-ml-beyaz-118,sipnjoy
2026-10-07 13:25,Sipnjoy,Mug,SipnJoy - Coffee Mug | 480 ml - Mavi,,480ml,mug,kidsnjoy,1080.0,ok,https://kidsnjoystore.com/sipnjoy-coffee-mug-480-ml-mavi-119,sipnjoy
2026-10-07 13:25,Sipnjoy,Termos,SipnJoy Siyah Çelik Su Termosu 750 ml,,750ml,termos,Trendyol,3900.0,ok,https://www.trendyol.com/sipnjoy/siyah-celik-su-termosu-750-ml-p-1029123450,SipnJoy
2026-10-07 13:25,Sipnjoy,Tumbler,SipnJoy - Tumbler | 1200 ml - Bej,,1200ml,tumbler,Trendyol,1840.0,ok,https://www.trendyol.com/sipnjoy/tumbler-1200-ml-bej-p-932905055,SipnJoy
2026-10-07 13:25,Sipnjoy,Tumbler,SipnJoy - Tumbler | 1200 ml - Pembe,,1200ml,tumbler,Trendyol,1840.0,ok,https://www.trendyol.com/sipnjoy/tumbler-1200-ml-pembe-p-932905029,SipnJoy
2026-10-07 13:25,Sipnjoy,Mug,SipnJoy - Coffee Mug | 480 ml - Mavi,,480ml,mug,Trendyol,1080.0,ok,https://www.trendyol.com/sipnjoy/coffee-mug-480-ml-mavi-p-1159710733,SipnJoy
2026-10-07 13:25,Sipnjoy,Tumbler,SipnJoy - Tumbler | 1200 ml - Siyah,,1200ml,tumbler,Trendyol,1840.0,ok,https://www.trendyol.com/sipnjoy/tumbler-1200-ml-siyah-p-932905030,SipnJoy
2026-10-07 13:25,Sipnjoy,Mug,SipnJoy - Coffee Mug | 480 ml - Siyah,,480ml,mug,Trendyol,1080.0,ok,https://www.trendyol.com/sipnjoy/coffee-mug-480-ml-siyah-p-1159710704,SipnJoy
2026-10-07 13:25,Sipnjoy,Mug,SipnJoy - Coffee Mug | 480 ml - Beyaz,,480ml,mug,Trendyol,1080.0,ok,https://www.trendyol.com/sipnjoy/coffee-mug-480-ml-beyaz-p-1159710022,SipnJoy
2026-10-07 20:52,Sipnjoy,Termos,SipnJoy - Su Termosu | 750 ml - Siyah,,750ml,termos,kidsnjoy,,stok_yok,https://kidsnjoystore.com/sipnjoy-su-termosu-750-ml-siyah-112,sipnjoy
2026-10-07 20:52,Sipnjoy,Termos,SipnJoy - Su Termosu | 750 ml - Pembe,,750ml,termos,kidsnjoy,,stok_yok,https://kidsnjoystore.com/sipnjoy-su-termosu-750-ml-pembe-113,sipnjoy
2026-10-07 20:52,Sipnjoy,Tumbler,SipnJoy - Tumbler | 1200 ml - Siyah,,1200ml,tumbler,kidsnjoy,1840.0,ok,https://kidsnjoystore.com/sipnjoy-tumbler-1200-ml-siyah-114,sipnjoy
2026-10-07 20:52,Sipnjoy,Tumbler,SipnJoy - Tumbler | 1200 ml - Bej,,1200ml,tumbler,kidsnjoy,1840.0,ok,https://kidsnjoystore.com/sipnjoy-tumbler-1200-ml-bej-115,sipnjoy
2026-10-07 20:52,Sipnjoy,Tumbler,SipnJoy - Tumbler | 1200 ml - Pembe,,1200ml,tumbler,kidsnjoy,1840.0,ok,https://kidsnjoystore.com/sipnjoy-tumbler-1200-ml-pembe-116,sipnjoy
2026-10-07 20:52,Sipnjoy,Mug,SipnJoy - Coffee Mug | 480 ml - Siyah,,480ml,mug,kidsnjoy,1080.0,ok,https://kidsnjoystore.com/sipnjoy-coffee-mug-480-ml-siyah-117,sipnjoy
2026-10-07 20:52,Sipnjoy,Mug,SipnJoy - Coffee Mug | 480 ml - Beyaz,,480ml,mug,kidsnjoy,1080.0,ok,https://kidsnjoystore.com/sipnjoy-coffee-mug-480-ml-beyaz-118,sipnjoy
2026-10-07 20:52,Sipnjoy,Mug,SipnJoy - Coffee Mug | 480 ml - Mavi,,480ml,mug,kidsnjoy,1080.0,ok,https://kidsnjoystore.com/sipnjoy-coffee-mug-480-ml-mavi-119,sipnjoy
2026-10-07 20:52,Sipnjoy,Termos,SipnJoy Siyah Çelik Su Termosu 750 ml,,750ml,termos,Trendyol,3900.0,ok,https://www.trendyol.com/sipnjoy/siyah-celik-su-termosu-750-ml-p-1029123450,SipnJoy
2026-10-07 20:52,Sipnjoy,Mug,SipnJoy - Coffee Mug | 480 ml - Mavi,,480ml,mug,Trendyol,1080.0,ok,https://www.trendyol.com/sipnjoy/coffee-mug-480-ml-mavi-p-1159710733,SipnJoy
2026-10-07 20:52,Sipnjoy,Mug,SipnJoy - Coffee Mug | 480 ml - Beyaz,,480ml,mug,Trendyol,1080.0,ok,https://www.trendyol.com/sipnjoy/coffee-mug-480-ml-beyaz-p-1159710022,SipnJoy
2026-10-07 20:52,Sipnjoy,Mug,SipnJoy - Coffee Mug | 480 ml - Siyah,,480ml,mug,Trendyol,1080.0,ok,https://www.trendyol.com/sipnjoy/coffee-mug-480-ml-siyah-p-1159710704,SipnJoy
2026-10-07 20:52,Sipnjoy,Tumbler,SipnJoy - Tumbler | 1200 ml - Bej,,1200ml,tumbler,Trendyol,1840.0,ok,https://www.trendyol.com/sipnjoy/tumbler-1200-ml-bej-p-932905055,SipnJoy
2026-10-07 20:52,Sipnjoy,Tumbler,SipnJoy - Tumbler | 1200 ml - Pembe,,1200ml,tumbler,Trendyol,1840.0,ok,https://www.trendyol.com/sipnjoy/tumbler-1200-ml-pembe-p-932905029,SipnJoy
2026-10-07 20:52,Sipnjoy,Tumbler,SipnJoy - Tumbler | 1200 ml - Siyah,,1200ml,tumbler,Trendyol,1840.0,ok,https://www.trendyol.com/sipnjoy/tumbler-1200-ml-siyah-p-932905030,SipnJoy
2026-10-08 02:12,Sipnjoy,Termos,SipnJoy - Su Termosu | 750 ml - Siyah,,750ml,termos,kidsnjoy,,stok_yok,https://kidsnjoystore.com/sipnjoy-su-termosu-750-ml-siyah-112,sipnjoy
2026-10-08 02:12,Sipnjoy,Termos,SipnJoy - Su Termosu | 750 ml - Pembe,,750ml,termos,kidsnjoy,,stok_yok,https://kidsnjoystore.com/sipnjoy-su-termosu-750-ml-pembe-113,sipnjoy
2026-10-08 02:12,Sipnjoy,Tumbler,SipnJoy - Tumbler | 1200 ml - Siyah,,1200ml,tumbler,kidsnjoy,1840.0,ok,https://kidsnjoystore.com/sipnjoy-tumbler-1200-ml-siyah-114,sipnjoy
2026-10-08 02:12,Sipnjoy,Tumbler,SipnJoy - Tumbler | 1200 ml - Bej,,1200ml,tumbler,kidsnjoy,1840.0,ok,https://kidsnjoystore.com/sipnjoy-tumbler-1200-ml-bej-115,sipnjoy
2026-10-08 02:12,Sipnjoy,Tumbler,SipnJoy - Tumbler | 1200 ml - Pembe,,1200ml,tumbler,kidsnjoy,1840.0,ok,https://kidsnjoystore.com/sipnjoy-tumbler-1200-ml-pembe-116,sipnjoy
2026-10-08 02:12,Sipnjoy,Mug,SipnJoy - Coffee Mug | 480 ml - Siyah,,480ml,mug,kidsnjoy,1080.0,ok,https://kidsnjoystore.com/sipnjoy-coffee-mug-480-ml-siyah-117,sipnjoy
2026-10-08 02:12,Sipnjoy,Mug,SipnJoy - Coffee Mug | 480 ml - Beyaz,,480ml,mug,kidsnjoy,1080.0,ok,https://kidsnjoystore.com/sipnjoy-coffee-mug-480-ml-beyaz-118,sipnjoy
2026-10-08 02:12,Sipnjoy,Mug,SipnJoy - Coffee Mug | 480 ml - Mavi,,480ml,mug,kidsnjoy,1080.0,ok,https://kidsnjoystore.com/sipnjoy-coffee-mug-480-ml-mavi-119,sipnjoy
2026-10-08 02:12,Sipnjoy,Termos,SipnJoy Siyah Çelik Su Termosu 750 ml,,750ml,termos,Trendyol,3900.0,ok,https://www.trendyol.com/sipnjoy/siyah-celik-su-termosu-750-ml-p-1029123450,SipnJoy
2026-10-08 02:12,Sipnjoy,Tumbler,SipnJoy - Tumbler | 1200 ml - Pembe,,1200ml,tumbler,Trendyol,1840.0,ok,https://www.trendyol.com/sipnjoy/tumbler-1200-ml-pembe-p-932905029,SipnJoy
2026-10-08 02:12,Sipnjoy,Mug,SipnJoy - Coffee Mug | 480 ml - Mavi,,480ml,mug,Trendyol,1080.0,ok,https://www.trendyol.com/sipnjoy/coffee-mug-480-ml-mavi-p-1159710733,SipnJoy
2026-10-08 02:12,Sipnjoy,Mug,SipnJoy - Coffee Mug | 480 ml - Siyah,,480ml,mug,Trendyol,1080.0,ok,https://www.trendyol.com/sipnjoy/coffee-mug-480-ml-siyah-p-1159710704,SipnJoy
2026-10-08 02:12,Sipnjoy,Tumbler,SipnJoy - Tumbler | 1200 ml - Bej,,1200ml,tumbler,Trendyol,1840.0,ok,https://www.trendyol.com/sipnjoy/tumbler-1200-ml-bej-p-932905055,SipnJoy
2026-10-08 02:12,Sipnjoy,Mug,SipnJoy - Coffee Mug | 480 ml - Beyaz,,480ml,mug,Trendyol,1080.0,ok,https://www.trendyol.com/sipnjoy/coffee-mug-480-ml-beyaz-p-1159710022,SipnJoy
2026-10-08 02:12,Sipnjoy,Tumbler,SipnJoy - Tumbler | 1200 ml - Siyah,,1200ml,tumbler,Trendyol,1840.0,ok,https://www.trendyol.com/sipnjoy/tumbler-1200-ml-siyah-p-932905030,SipnJoy
2026-10-08 13:45,Sipnjoy,Termos,SipnJoy - Su Termosu | 750 ml - Siyah,,750ml,termos,kidsnjoy,,stok_yok,https://kidsnjoystore.com/sipnjoy-su-termosu-750-ml-siyah-112,sipnjoy
2026-10-08 13:45,Sipnjoy,Termos,SipnJoy - Su Termosu | 750 ml - Pembe,,750ml,termos,kidsnjoy,,stok_yok,https://kidsnjoystore.com/sipnjoy-su-termosu-750-ml-pembe-113,sipnjoy
2026-10-08 13:45,Sipnjoy,Tumbler,SipnJoy - Tumbler | 1200 ml - Siyah,,1200ml,tumbler,kidsnjoy,1840.0,ok,https://kidsnjoystore.com/sipnjoy-tumbler-1200-ml-siyah-114,sipnjoy
2026-10-08 13:45,Sipnjoy,Tumbler,SipnJoy - Tumbler | 1200 ml - Bej,,1200ml,tumbler,kidsnjoy,1840.0,ok,https://kidsnjoystore.com/sipnjoy-tumbler-1200-ml-bej-115,sipnjoy
2026-10-08 13:45,Sipnjoy,Tumbler,SipnJoy - Tumbler | 1200 ml - Pembe,,1200ml,tumbler,kidsnjoy,1840.0,ok,https://kidsnjoystore.com/sipnjoy-tumbler-1200-ml-pembe-116,sipnjoy
2026-10-08 13:45,Sipnjoy,Mug,SipnJoy - Coffee Mug | 480 ml - Siyah,,480ml,mug,kidsnjoy,1080.0,ok,https://kidsnjoystore.com/sipnjoy-coffee-mug-480-ml-siyah-117,sipnjoy
2026-10-08 13:45,Sipnjoy,Mug,SipnJoy - Coffee Mug | 480 ml - Beyaz,,480ml,mug,kidsnjoy,1080.0,ok,https://kidsnjoystore.com/sipnjoy-coffee-mug-480-ml-beyaz-118,sipnjoy
2026-10-08 13:45,Sipnjoy,Mug,SipnJoy - Coffee Mug | 480 ml - Mavi,,480ml,mug,kidsnjoy,1080.0,ok,https://kidsnjoystore.com/sipnjoy-coffee-mug-480-ml-mavi-119,sipnjoy
2026-10-08 13:45,Sipnjoy,Termos,SipnJoy Siyah Çelik Su Termosu 750 ml,,750ml,termos,Trendyol,3900.0,ok,https://www.trendyol.com/sipnjoy/siyah-celik-su-termosu-750-ml-p-1029123450,SipnJoy
2026-10-08 13:45,Sipnjoy,Tumbler,SipnJoy - Tumbler | 1200 ml - Pembe,,1200ml,tumbler,Trendyol,1840.0,ok,https://www.trendyol.com/sipnjoy/tumbler-1200-ml-pembe-p-932905029,SipnJoy
2026-10-08 13:45,Sipnjoy,Tumbler,SipnJoy - Tumbler | 1200 ml - Bej,,1200ml,tumbler,Trendyol,1840.0,ok,https://www.trendyol.com/sipnjoy/tumbler-1200-ml-bej-p-932905055,SipnJoy
2026-10-08 13:45,Sipnjoy,Mug,SipnJoy - Coffee Mug | 480 ml - Siyah,,480ml,mug,Trendyol,1080.0,ok,https://www.trendyol.com/sipnjoy/coffee-mug-480-ml-siyah-p-1159710704,SipnJoy
2026-10-08 13:45,Sipnjoy,Mug,SipnJoy - Coffee Mug | 480 ml - Mavi,,480ml,mug,Trendyol,1080.0,ok,https://www.trendyol.com/sipnjoy/coffee-mug-480-ml-mavi-p-1159710733,SipnJoy
2026-10-08 13:45,Sipnjoy,Mug,SipnJoy - Coffee Mug | 480 ml - Beyaz,,480ml,mug,Trendyol,1080.0,ok,https://www.trendyol.com/sipnjoy/coffee-mug-480-ml-beyaz-p-1159710022,SipnJoy
2026-10-08 13:45,Sipnjoy,Tumbler,SipnJoy - Tumbler | 1200 ml - Siyah,,1200ml,tumbler,Trendyol,1840.0,ok,https://www.trendyol.com/sipnjoy/tumbler-1200-ml-siyah-p-932905030,SipnJoy
2026-10-08 20:55,Sipnjoy,Termos,SipnJoy - Su Termosu | 750 ml - Siyah,,750ml,termos,kidsnjoy,,stok_yok,https://kidsnjoystore.com/sipnjoy-su-termosu-750-ml-siyah-112,sipnjoy
2026-10-08 20:55,Sipnjoy,Termos,SipnJoy - Su Termosu | 750 ml - Pembe,,750ml,termos,kidsnjoy,,stok_yok,https://kidsnjoystore.com/sipnjoy-su-termosu-750-ml-pembe-113,sipnjoy
2026-10-08 20:55,Sipnjoy,Tumbler,SipnJoy - Tumbler | 1200 ml - Siyah,,1200ml,tumbler,kidsnjoy,1840.0,ok,https://kidsnjoystore.com/sipnjoy-tumbler-1200-ml-siyah-114,sipnjoy
2026-10-08 20:55,Sipnjoy,Tumbler,SipnJoy - Tumbler | 1200 ml - Bej,,1200ml,tumbler,kidsnjoy,1840.0,ok,https://kidsnjoystore.com/sipnjoy-tumbler-1200-ml-bej-115,sipnjoy
2026-10-08 20:55,Sipnjoy,Tumbler,SipnJoy - Tumbler | 1200 ml - Pembe,,1200ml,tumbler,kidsnjoy,1840.0,ok,https://kidsnjoystore.com/sipnjoy-tumbler-1200-ml-pembe-116,sipnjoy
2026-10-08 20:55,Sipnjoy,Mug,SipnJoy - Coffee Mug | 480 ml - Siyah,,480ml,mug,kidsnjoy,1080.0,ok,https://kidsnjoystore.com/sipnjoy-coffee-mug-480-ml-siyah-117,sipnjoy
2026-10-08 20:55,Sipnjoy,Mug,SipnJoy - Coffee Mug | 480 ml - Beyaz,,480ml,mug,kidsnjoy,1080.0,ok,https://kidsnjoystore.com/sipnjoy-coffee-mug-480-ml-beyaz-118,sipnjoy
2026-10-08 20:55,Sipnjoy,Mug,SipnJoy - Coffee Mug | 480 ml - Mavi,,480ml,mug,kidsnjoy,1080.0,ok,https://kidsnjoystore.com/sipnjoy-coffee-mug-480-ml-mavi-119,sipnjoy
2026-10-08 20:55,Sipnjoy,Termos,SipnJoy Siyah Çelik Su Termosu 750 ml,,750ml,termos,Trendyol,3900.0,ok,https://www.trendyol.com/sipnjoy/siyah-celik-su-termosu-750-ml-p-1029123450,SipnJoy
2026-10-08 20:55,Sipnjoy,Tumbler,SipnJoy - Tumbler | 1200 ml - Pembe,,1200ml,tumbler,Trendyol,1840.0,ok,https://www.trendyol.com/sipnjoy/tumbler-1200-ml-pembe-p-932905029,SipnJoy
2026-10-08 20:55,Sipnjoy,Tumbler,SipnJoy - Tumbler | 1200 ml - Bej,,1200ml,tumbler,Trendyol,1840.0,ok,https://www.trendyol.com/sipnjoy/tumbler-1200-ml-bej-p-932905055,SipnJoy
2026-10-08 20:55,Sipnjoy,Mug,SipnJoy - Coffee Mug | 480 ml - Siyah,,480ml,mug,Trendyol,1080.0,ok,https://www.trendyol.com/sipnjoy/coffee-mug-480-ml-siyah-p-1159710704,SipnJoy
2026-10-08 20:55,Sipnjoy,Mug,SipnJoy - Coffee Mug | 480 ml - Beyaz,,480ml,mug,Trendyol,1080.0,ok,https://www.trendyol.com/sipnjoy/coffee-mug-480-ml-beyaz-p-1159710022,SipnJoy
2026-10-08 20:55,Sipnjoy,Tumbler,SipnJoy - Tumbler | 1200 ml - Siyah,,1200ml,tumbler,Trendyol,1840.0,ok,https://www.trendyol.com/sipnjoy/tumbler-1200-ml-siyah-p-932905030,SipnJoy
2026-10-08 20:55,Sipnjoy,Mug,SipnJoy - Coffee Mug | 480 ml - Mavi,,480ml,mug,Trendyol,1080.0,ok,https://www.trendyol.com/sipnjoy/coffee-mug-480-ml-mavi-p-1159710733,SipnJoy
2026-10-09 02:27,Sipnjoy,Termos,SipnJoy - Su Termosu | 750 ml - Siyah,,750ml,termos,kidsnjoy,,stok_yok,https://kidsnjoystore.com/sipnjoy-su-termosu-750-ml-siyah-112,sipnjoy
2026-10-09 02:27,Sipnjoy,Termos,SipnJoy - Su Termosu | 750 ml - Pembe,,750ml,termos,kidsnjoy,,stok_yok,https://kidsnjoystore.com/sipnjoy-su-termosu-750-ml-pembe-113,sipnjoy
2026-10-09 02:27,Sipnjoy,Tumbler,SipnJoy - Tumbler | 1200 ml - Siyah,,1200ml,tumbler,kidsnjoy,1840.0,ok,https://kidsnjoystore.com/sipnjoy-tumbler-1200-ml-siyah-114,sipnjoy
2026-10-09 02:27,Sipnjoy,Tumbler,SipnJoy - Tumbler | 1200 ml - Bej,,1200ml,tumbler,kidsnjoy,1840.0,ok,https://kidsnjoystore.com/sipnjoy-tumbler-1200-ml-bej-115,sipnjoy
2026-10-09 02:27,Sipnjoy,Tumbler,SipnJoy - Tumbler | 1200 ml - Pembe,,1200ml,tumbler,kidsnjoy,1840.0,ok,https://kidsnjoystore.com/sipnjoy-tumbler-1200-ml-pembe-116,sipnjoy
2026-10-09 02:27,Sipnjoy,Mug,SipnJoy - Coffee Mug | 480 ml - Siyah,,480ml,mug,kidsnjoy,1080.0,ok,https://kidsnjoystore.com/sipnjoy-coffee-mug-480-ml-siyah-117,sipnjoy
2026-10-09 02:27,Sipnjoy,Mug,SipnJoy - Coffee Mug | 480 ml - Beyaz,,480ml,mug,kidsnjoy,1080.0,ok,https://kidsnjoystore.com/sipnjoy-coffee-mug-480-ml-beyaz-118,sipnjoy
2026-10-09 02:27,Sipnjoy,Mug,SipnJoy - Coffee Mug | 480 ml - Mavi,,480ml,mug,kidsnjoy,1080.0,ok,https://kidsnjoystore.com/sipnjoy-coffee-mug-480-ml-mavi-119,sipnjoy
2026-10-09 02:27,Sipnjoy,Termos,SipnJoy Siyah Çelik Su Termosu 750 ml,,750ml,termos,Trendyol,3900.0,ok,https://www.trendyol.com/sipnjoy/siyah-celik-su-termosu-750-ml-p-1029123450,SipnJoy
2026-10-09 02:27,Sipnjoy,Tumbler,SipnJoy - Tumbler | 1200 ml - Pembe,,1200ml,tumbler,Trendyol,1840.0,ok,https://www.trendyol.com/sipnjoy/tumbler-1200-ml-pembe-p-932905029,SipnJoy
2026-10-09 02:27,Sipnjoy,Mug,SipnJoy - Coffee Mug | 480 ml - Beyaz,,480ml,mug,Trendyol,1080.0,ok,https://www.trendyol.com/sipnjoy/coffee-mug-480-ml-beyaz-p-1159710022,SipnJoy
2026-10-09 02:27,Sipnjoy,Tumbler,SipnJoy - Tumbler | 1200 ml - Bej,,1200ml,tumbler,Trendyol,1840.0,ok,https://www.trendyol.com/sipnjoy/tumbler-1200-ml-bej-p-932905055,SipnJoy
2026-10-09 02:27,Sipnjoy,Mug,SipnJoy - Coffee Mug | 480 ml - Siyah,,480ml,mug,Trendyol,1080.0,ok,https://www.trendyol.com/sipnjoy/coffee-mug-480-ml-siyah-p-1159710704,SipnJoy
2026-10-09 02:27,Sipnjoy,Mug,SipnJoy - Coffee Mug | 480 ml - Mavi,,480ml,mug,Trendyol,1080.0,ok,https://www.trendyol.com/sipnjoy/coffee-mug-480-ml-mavi-p-1159710733,SipnJoy
2026-10-09 02:27,Sipnjoy,Tumbler,SipnJoy - Tumbler | 1200 ml - Siyah,,1200ml,tumbler,Trendyol,1840.0,ok,https://www.trendyol.com/sipnjoy/tumbler-1200-ml-siyah-p-932905030,SipnJoy
2026-10-09 13:44,Sipnjoy,Termos,SipnJoy - Su Termosu | 750 ml - Siyah,,750ml,termos,kidsnjoy,,stok_yok,https://kidsnjoystore.com/sipnjoy-su-termosu-750-ml-siyah-112,sipnjoy
2026-10-09 13:44,Sipnjoy,Termos,SipnJoy - Su Termosu | 750 ml - Pembe,,750ml,termos,kidsnjoy,,stok_yok,https://kidsnjoystore.com/sipnjoy-su-termosu-750-ml-pembe-113,sipnjoy
2026-10-09 13:44,Sipnjoy,Tumbler,SipnJoy - Tumbler | 1200 ml - Siyah,,1200ml,tumbler,kidsnjoy,1840.0,ok,https://kidsnjoystore.com/sipnjoy-tumbler-1200-ml-siyah-114,sipnjoy
2026-10-09 13:44,Sipnjoy,Tumbler,SipnJoy - Tumbler | 1200 ml - Bej,,1200ml,tumbler,kidsnjoy,1840.0,ok,https://kidsnjoystore.com/sipnjoy-tumbler-1200-ml-bej-115,sipnjoy
2026-10-09 13:44,Sipnjoy,Tumbler,SipnJoy - Tumbler | 1200 ml - Pembe,,1200ml,tumbler,kidsnjoy,1840.0,ok,https://kidsnjoystore.com/sipnjoy-tumbler-1200-ml-pembe-116,sipnjoy
2026-10-09 13:44,Sipnjoy,Mug,SipnJoy - Coffee Mug | 480 ml - Siyah,,480ml,mug,kidsnjoy,1080.0,ok,https://kidsnjoystore.com/sipnjoy-coffee-mug-480-ml-siyah-117,sipnjoy
2026-10-09 13:44,Sipnjoy,Mug,SipnJoy - Coffee Mug | 480 ml - Beyaz,,480ml,mug,kidsnjoy,1080.0,ok,https://kidsnjoystore.com/sipnjoy-coffee-mug-480-ml-beyaz-118,sipnjoy
2026-10-09 13:44,Sipnjoy,Mug,SipnJoy - Coffee Mug | 480 ml - Mavi,,480ml,mug,kidsnjoy,1080.0,ok,https://kidsnjoystore.com/sipnjoy-coffee-mug-480-ml-mavi-119,sipnjoy
2026-10-09 13:44,Sipnjoy,Tumbler,SipnJoy - Tumbler | 1200 ml - Bej,,1200ml,tumbler,Trendyol,1840.0,ok,https://www.trendyol.com/sipnjoy/tumbler-1200-ml-bej-p-932905055,SipnJoy
2026-10-09 13:44,Sipnjoy,Tumbler,SipnJoy - Tumbler | 1200 ml - Siyah,,1200ml,tumbler,Trendyol,1840.0,ok,https://www.trendyol.com/sipnjoy/tumbler-1200-ml-siyah-p-932905030,SipnJoy
2026-10-09 13:44,Sipnjoy,Termos,SipnJoy Siyah Çelik Su Termosu 750 ml,,750ml,termos,Trendyol,3900.0,ok,https://www.trendyol.com/sipnjoy/siyah-celik-su-termosu-750-ml-p-1029123450,SipnJoy
2026-10-09 13:44,Sipnjoy,Tumbler,SipnJoy - Tumbler | 1200 ml - Pembe,,1200ml,tumbler,Trendyol,1840.0,ok,https://www.trendyol.com/sipnjoy/tumbler-1200-ml-pembe-p-932905029,SipnJoy
2026-10-09 13:44,Sipnjoy,Mug,SipnJoy - Coffee Mug | 480 ml - Beyaz,,480ml,mug,Trendyol,1080.0,ok,https://www.trendyol.com/sipnjoy/coffee-mug-480-ml-beyaz-p-1159710022,SipnJoy
2026-10-09 13:44,Sipnjoy,Mug,SipnJoy - Coffee Mug | 480 ml - Siyah,,480ml,mug,Trendyol,1080.0,ok,https://www.trendyol.com/sipnjoy/coffee-mug-480-ml-siyah-p-1159710704,SipnJoy
2026-10-09 13:44,Sipnjoy,Mug,SipnJoy - Coffee Mug | 480 ml - Mavi,,480ml,mug,Trendyol,1080.0,ok,https://www.trendyol.com/sipnjoy/coffee-mug-480-ml-mavi-p-1159710733,SipnJoy
